model,parameter_value,a,b,K0,n,n_over_n0,eps,mu_b,P,dP_dn,d2eps_dn2,vs2,quark_fraction,n_q,n_n,k_bu,k_f
vdw,,328.9233214199405,3.4140201144371347,762.5389525731663,0.00016,0.001,0.14996833857685354,938.7700790785615,0.00023487407571631813,-0.00547038925708253,-34.18993285676581,-5.8271874860476215e-06,0.9998574059071489,0.00015997718494514384,2.2815054856174756e-08,0.09667370746728199,0.09668575284550042
vdw,,328.9233214199405,3.4140201144371347,762.5389525731663,0.0017628857715430862,0.011018036072144289,1.6546705289354111,938.7118037527301,0.00017115347982277207,-0.14158716581425054,-80.3155644567468,-0.00015083134701004207,0.034984717038018344,6.167405988778353e-05,0.0017012117116553026,0.060026856611310436,0.29452610249166217
vdw,,328.9233214199405,3.4140201144371347,762.5389525731663,0.0033657715430861724,0.021036072144288577,3.159240858245693,938.5663329203096,-0.00024100360377188323,-0.39572955800236487,-117.57469362864394,-0.00042163195516620443,0.006933315704810306,2.3335956698482977e-05,0.0033424355863876896,0.0369243604894805,0.36865911328618134
vdw,,328.9233214199405,3.4140201144371347,762.5389525731663,0.004968657314629259,0.03105410821643287,4.663533295406798,938.3539300111438,-0.0011741773458169291,-0.7359568949500712,-148.11987391104378,-0.0007843062957506141,0.0013872457929604756,6.892748956381733e-06,0.004961764565672877,0.020067760753858535,0.4212093174955495
vdw,,328.9233214199405,3.4140201144371347,762.5389525731663,0.0065715430861723444,0.04107214428857715,6.167439820147149,938.0891068966292,-0.0027468355070157102,-1.139936322434847,-173.46554796748865,-0.0012151684888506652,0.00010559108051482315,6.938963351186534e-07,0.006570849189837226,0.0063672356922630955,0.4633996495911077
vdw,,328.9233214199405,3.4140201144371347,762.5389525731663,0.008174428857715431,0.051090180360721445,7.67087844898399,937.7825488806965,-0.00504171915169227,-1.5916115071865846,-194.70614215259124,-0.0016972074273361932,0.0,0.0,0.008174428857715431,0.0,0.49932154006743
vdw,,328.9233214199405,3.4140201144371347,762.5389525731663,0.009777314629258517,0.06110821643286573,9.173785635888732,937.4423146651708,-0.008117178626992683,-2.0791550609363902,-212.65093123980478,-0.0022179018681048215,0.0,0.0,0.009777314629258517,0.0,0.5310290320412429
vdw,,328.9233214199405,3.4140201144371347,762.5389525731663,0.011380200400801604,0.07112625250501002,10.676111273772337,937.0746108665455,-0.012014411607868425,-2.5936655974150264,-227.91036238978117,-0.0027678325368527203,0.0,0.0,0.011380200400801604,0.0,0.5596505278141953
vdw,,328.9233214199405,3.4140201144371347,762.5389525731663,0.012983086172344688,0.0811442885771543,12.177815303245442,936.6843072318507,-0.016762226171337602,-3.128313392320176,-240.95298689334788,-0.003339773462806447,0.0,0.0,0.012983086172344688,0.0,0.5858946061589217
vdw,,328.9233214199405,3.4140201144371347,762.5389525731663,0.014585971943887775,0.09116232464929859,13.678865348691366,936.2752885160194,-0.022380258641275574,-3.677765338172765,-252.14400194386263,-0.003928081177921465,0.0,0.0,0.014585971943887775,0.0,0.6102436890769977
vdw,,328.9233214199405,3.4140201144371347,762.5389525731663,0.01618885771543086,0.10118036072144287,15.179235030665488,935.8507004503235,-0.02888119818889301,-4.237788861701984,-261.77195057206643,-0.0045282744989802275,0.0,0.0,0.01618885771543086,0.0,0.6330427332853257
vdw,,328.9233214199405,3.4140201144371347,762.5389525731663,0.01779174348697395,0.11119839679358719,16.67897044966431,935.3897860652769,-0.036755315655462084,-4.844049685490065,-272.2639121363563,-0.005178642911920805,0.0,0.0,0.01779174348697395,0.0,0.654547908730426
vdw,,328.9233214199405,3.4140201144371347,762.5389525731663,0.019394629258517034,0.12121643286573146,18.177943998349203,934.925872827717,-0.04540331066018766,-5.428448583788613,-279.89442393722186,-0.005806287687140452,0.0,0.0,0.019394629258517034,0.0,0.6749552646214382
vdw,,328.9233214199405,3.4140201144371347,762.5389525731663,0.02099751503006012,0.13123446893787574,19.676161723574943,934.4566309797793,-0.054894569637685464,-6.000680788466761,-285.7805211652981,-0.006421572269410767,0.0,0.0,0.02099751503006012,0.0,0.6944185689303015
vdw,,328.9233214199405,3.4140201144371347,762.5389525731663,0.022600400801603207,0.14125250501002004,21.173618963916482,933.9823828124669,-0.0652427707183314,-6.563157928082134,-290.4000679322715,-0.00702706822833075,0.0,0.0,0.022600400801603207,0.0,0.7130609162996763
vdw,,328.9233214199405,3.4140201144371347,762.5389525731663,0.024203286573146292,0.1512705410821643,22.67030989387741,933.5038551503314,-0.07644857053709231,-7.116634731277744,-294.0358826794084,-0.0076235729418939364,0.0,0.0,0.024203286573146292,0.0,0.7309825640590897
vdw,,328.9233214199405,3.4140201144371347,762.5389525731663,0.025806172344689376,0.1612885771543086,24.166229157229548,933.0218223597981,-0.0885072080564413,-7.6612609091997514,-296.8770729292736,-0.008211234427317998,0.0,0.0,0.025806172344689376,0.0,0.7482663879143668
vdw,,328.9233214199405,3.4140201144371347,762.5389525731663,0.027409058116232465,0.1713066132264529,25.661372272040968,932.5370203603379,-0.10141088544621013,-8.196910655876508,-299.0584580147266,-0.008789903753857591,0.0,0.0,0.027409058116232465,0.0,0.7649817816879748
vdw,,328.9233214199405,3.4140201144371347,762.5389525731663,0.02901194388777555,0.18132464929859718,27.155735695726534,932.0501331761704,-0.11514953142575024,-8.723294859114253,-300.67943371384683,-0.009359254989200703,0.0,0.0,0.02901194388777555,0.0,0.7811875089001811
vdw,,328.9233214199405,3.4140201144371347,762.5389525731663,0.030614829659318638,0.19134268537074148,28.649316821572942,931.5617894950046,-0.1297113190533281,-9.240031530126787,-301.81554602621407,-0.009918860599827484,0.0,0.0,0.030614829659318638,0.0,0.7969338296198872
vdw,,328.9233214199405,3.4140201144371347,762.5389525731663,0.03221771543086172,0.20136072144288575,30.142113937384263,931.0725659191846,-0.14508296311772995,-9.746683178886585,-302.5255840937165,-0.010468231516696389,0.0,0.0,0.03221771543086172,0.0,0.8122641146634058
vdw,,328.9233214199405,3.4140201144371347,762.5389525731663,0.03382060120240481,0.21137875751503005,31.63412617185381,930.5829924565721,-0.16124989823960334,-10.242776993394763,-302.85614770994823,-0.011006838805806744,0.0,0.0,0.03382060120240481,0.0,0.827216089794637
vdw,,328.9233214199405,3.4140201144371347,762.5389525731663,0.0354234869739479,0.22139679358717437,33.125353439837184,930.0935583653662,-0.17819639052878244,-10.727815969553774,-302.8447193085061,-0.011534125651195612,0.0,0.0,0.0354234869739479,0.0,0.841822808069204
vdw,,328.9233214199405,3.4140201144371347,762.5389525731663,0.037026372745490976,0.2314148296593186,34.615796391004075,929.6047176508264,-0.1959056092976823,-11.201285033814905,-302.5218027920108,-0.012049513972047501,0.0,0.0,0.037026372745490976,0.0,0.8561134192121953
vdw,,328.9233214199405,3.4140201144371347,762.5389525731663,0.03862925851703407,0.24143286573146291,36.10545636347937,929.1168939864756,-0.2143596731320656,-11.66265428580567,-301.9124553131889,-0.012552407949193349,0.0,0.0,0.03862925851703407,0.0,0.870113785264336
vdw,,328.9233214199405,3.4140201144371347,762.5389525731663,0.04023214428857715,0.2514509018036072,37.594335342824834,928.6304850247999,-0.23353967853569912,-12.11138053314659,-301.03741044161285,-0.013042195715579104,0.0,0.0,0.04023214428857715,0.0,0.8838469782606005
vdw,,328.9233214199405,3.4140201144371347,762.5389525731663,0.04183503006012024,0.2614689378757515,39.08243592617004,928.145866137949,-0.2534257161126092,-12.546907787663955,-299.9139183032272,-0.013518249927537924,0.0,0.0,0.04183503006012024,0.0,0.8973336863056869
vdw,,328.9233214199405,3.4140201144371347,762.5389525731663,0.04343791583166333,0.2714869739478958,40.56976129108535,927.6633936541728,-0.27399687742023104,-12.968667117346385,-298.5563848782334,-0.013979927639767388,0.0,0.0,0.04343791583166333,0.0,0.9105925477442093
vdw,,328.9233214199405,3.4140201144371347,762.5389525731663,0.045040801603206414,0.2815050100200401,42.05631516872582,927.1834076594714,-0.2952312545507141,-13.376076089729509,-296.97686572206294,-0.014426569737151906,0.0,0.0,0.045040801603206414,0.0,0.923640428324468
vdw,,328.9233214199405,3.4140201144371347,762.5389525731663,0.0466436873747495,0.2915230460921844,43.54210182078122,926.7062344296875,-0.31710593381155405,-13.768537951227442,-295.1854522265112,-0.014857500078976873,0.0,0.0,0.0466436873747495,0.0,0.9364926527526739
vdw,,328.9233214199405,3.4140201144371347,762.5389525731663,0.04824657314629258,0.3015410821643286,45.02712601980344,926.2321885499726,-0.33959698447652187,-14.145440631771077,-293.1905772639949,-0.015272024452006932,0.0,0.0,0.04824657314629258,0.0,0.9491631994467787
vdw,,328.9233214199405,3.4140201144371347,762.5389525731663,0.04984945891783567,0.3115591182364729,46.51139303252794,925.7615747709934,-0.36267944327045143,-14.506155628774206,-290.9992594439985,-0.01566942939099909,0.0,0.0,0.04984945891783567,0.0,0.9616648653646978
vdw,,328.9233214199405,3.4140201144371347,762.5389525731663,0.05145234468937876,0.3215771543086172,47.994908605854306,925.2946896433102,-0.3863272950749632,-14.850036804126292,-288.6173000234869,-0.016048980903425263,0.0,0.0,0.05145234468937876,0.0,0.9740094063201693
vdw,,328.9233214199405,3.4140201144371347,762.5389525731663,0.053055230460921844,0.3315951903807615,49.47767895519577,924.8318229651088,-0.41051345018745167,-15.176419114371376,-286.0494428640671,-0.016409923120631994,0.0,0.0,0.053055230460921844,0.0,0.9862076570841997
vdw,,328.9233214199405,3.4140201144371347,762.5389525731663,0.05465811623246493,0.3416132264529058,50.959710754948276,924.3732590724379,-0.4352097183845487,-15.484617285120056,-283.2995052237596,-0.016751476887873294,0.0,0.0,0.05465811623246493,0.0,0.9982696347110382
vdw,,328.9233214199405,3.4140201144371347,762.5389525731663,0.056261002004008014,0.35163126252505006,52.441011130864595,923.9192779965647,-0.4603867799582346,-15.773924435104735,-280.37048529603163,-0.017072838299585072,0.0,0.0,0.056261002004008014,0.0,1.0102046278603016
vdw,,328.9233214199405,3.4140201144371347,762.5389525731663,0.0578638877755511,0.36164929859719436,53.921587654150905,923.4701565091967,-0.4860141538321372,-16.04361065093501,-277.2646510232212,-0.017373177181579266,0.0,0.0,0.0578638877755511,0.0,1.0220212743642323
vdw,,328.9233214199405,3.4140201144371347,762.5389525731663,0.05946677354709418,0.37166733466933866,55.40144833713099,923.0261690729199,-0.5120601628297905,-16.292921514134115,-273.98361374408654,-0.01765163552242359,0.0,0.0,0.05946677354709418,0.0,1.0337276288766644
vdw,,328.9233214199405,3.4140201144371347,762.5389525731663,0.061069659318637275,0.38168537074148295,56.880601630343314,922.5875887115172,-0.5384918961279084,-16.521076574360915,-270.52838936206416,-0.017907325847981756,0.0,0.0,0.061069659318637275,0.0,1.045331222112498
vdw,,328.9233214199405,3.4140201144371347,762.5389525731663,0.06267254509018036,0.39170340681362725,58.359056420959824,922.1546878127982,-0.5652751688910342,-16.727267767957564,-266.89944925466926,-0.018139329538769615,0.0,0.0,0.06267254509018036,0.0,1.0568391129242443
vdw,,328.9233214199405,3.4140201144371347,762.5389525731663,0.06427543086172344,0.4017214428857715,59.83682203243032,921.7277388744227,-0.5923744790746923,-16.9106577760508,-263.0967626250677,-0.018346695084495802,0.0,0.0,0.06427543086172344,0.0,1.0682579342510687
vdw,,328.9233214199405,3.4140201144371347,762.5389525731663,0.06587831663326653,0.4117394789579158,61.313908225271575,921.3070152019602,-0.6197529613471389,-17.070378316829682,-259.11983167174105,-0.018528436270603754,0.0,0.0,0.06587831663326653,0.0,1.0795939338047302
vdw,,328.9233214199405,3.4140201144371347,762.5389525731663,0.06748120240480962,0.4217575150300601,62.790325198933736,920.8927915672031,-0.6473723380571457,-17.205528366768817,-254.9677206928743,-0.018683530291824665,0.0,0.0,0.06748120240480962,0.0,1.0908530102175344
vdw,,328.9233214199405,3.4140201144371347,762.5389525731663,0.0690840881763527,0.43177555110220434,64.26608359468698,920.4853448332249,-0.675192867188052,-17.31517230351039,-250.63908000507314,-0.01881091578557134,0.0,0.0,0.0690840881763527,0.0,1.1020407452633372
vdw,,328.9233214199405,3.4140201144371347,762.5389525731663,0.07068697394789579,0.4417935871743487,65.74119449948245,920.0849545525507,-0.7031732871754173,-17.398337965155847,-246.1321654252786,-0.018909490780247444,0.0,0.0,0.07068697394789579,0.0,1.1131624326687677
vdw,,328.9233214199405,3.4140201144371347,762.5389525731663,0.07228985971943888,0.451811623246493,67.21566945074888,919.6919035433843,-0.7312707584939062,-17.454014617762464,-241.44485389102294,-0.018978110550409027,0.0,0.0,0.07228985971943888,0.0,1.124223103954183
vdw,,328.9233214199405,3.4140201144371347,762.5389525731663,0.07389274549098196,0.46182965931863723,68.68952044209443,919.3064784487507,-0.7594408018700136,-17.481150823546585,-236.5746557039219,-0.019015585371534093,0.0,0.0,0.07389274549098196,0.0,1.1352275516793882
vdw,,328.9233214199405,3.4140201144371347,762.5389525731663,0.07549563126252505,0.4718476953907816,70.16275992989158,918.9289702826535,-0.7876372329805292,-17.478652202961566,-231.51872380776712,-0.019020678167960364,0.0,0.0,0.07549563126252505,0.0,1.1461803504153174
vdw,,328.9233214199405,3.4140201144371347,762.5389525731663,0.07709851703406813,0.4818657314629258,71.63540084072577,918.5596749668538,-0.8158120934857038,-17.445379080562645,-226.2738604019312,-0.01899210204409655,0.0,0.0,0.07709851703406813,0.0,1.1570858757177975
vdw,,328.9233214199405,3.4140201144371347,762.5389525731663,0.07870140280561122,0.4918837675350701,73.10745657969792,918.1988938619862,-0.8439155781990877,-17.380144007164162,-220.83652117475344,-0.018928517691915843,0.0,0.0,0.07870140280561122,0.0,1.1679483213415829
vdw,,328.9233214199405,3.4140201144371347,762.5389525731663,0.0803042885771543,0.5019018036072144,74.57894103957393,917.8469342957685,-0.8718959582301551,-17.281709148748813,-215.2028173706438,-0.01882853066563703,0.0,0.0,0.0803042885771543,0.0,1.1787717149008325
vdw,,328.9233214199405,3.4140201144371347,762.5389525731663,0.0819071743486974,0.5119198396793587,76.04986861077857,917.5041100914425,-0.8996994998723409,-17.148783530751093,-209.368515848744,-0.018690688512601833,0.0,0.0,0.0819071743486974,0.0,1.1895599321550758
vdw,,328.9233214199405,3.4140201144371347,762.5389525731663,0.08351006012024048,0.521937875751503,77.52025419223692,917.1707420991494,-0.9272703790113752,-16.980020128126277,-203.32903728817695,-0.018513477751442138,0.0,0.0,0.08351006012024048,0.0,1.2003167100766416
vdw,,328.9233214199405,3.4140201144371347,762.5389525731663,0.08511294589178357,0.5319559118236473,78.99011320307152,916.8471587325937,-0.9545505908287595,-16.77401279070744,-197.07945266087577,-0.01829532068779604,0.0,0.0,0.08511294589178357,0.0,1.2110456588358691
vdw,,328.9233214199405,3.4140201144371347,762.5389525731663,0.08671583166332665,0.5419739478957916,80.45946159516313,916.5336965136569,-0.9814798545183407,-16.529292988867613,-190.61447802337213,-0.018034572053097796,0.0,0.0,0.08671583166332665,0.0,1.2217502728235787
vdw,,328.9233214199405,3.4140201144371347,762.5389525731663,0.08831871743486973,0.5519919839679358,81.92831586659256,916.2307006272705,-1.0079955127399387,-16.24432636898545,-183.928467722199,-0.01772951545703964,0.0,0.0,0.08831871743486973,0.0,1.2324339408158533
vdw,,328.9233214199405,3.4140201144371347,762.5389525731663,0.08992160320641283,0.5620100200400802,83.39669307598069,915.9385254887945,-1.0340324255104605,-15.91750910386344,-177.01540604569948,-0.01737835963976839,0.0,0.0,0.08992160320641283,0.0,1.243099955373758
vdw,,328.9233214199405,3.4140201144371347,762.5389525731663,0.09152448897795591,0.5720280561122244,84.86461085774829,915.6575353261891,-1.0595228582042182,-15.547164022679656,-169.86889734423167,-0.016979234509484176,0.0,0.0,0.09152448897795591,0.0,1.2537515215599147
vdw,,328.9233214199405,3.4140201144371347,762.5389525731663,0.093127374749499,0.5820460921843688,86.33208743832232,915.3881047792903,-1.0843963633076896,-15.131536504699781,-162.48215463392717,-0.016530186950974367,0.0,0.0,0.093127374749499,0.0,1.2643917650445873
vdw,,328.9233214199405,3.4140201144371347,762.5389525731663,0.09473026052104208,0.592064128256513,87.79914165331691,915.1306195183855,-1.1085796555576053,-14.668790119433687,-154.84798668082797,-0.01602917638921706,0.0,0.0,0.09473026052104208,0.0,1.2750237396659085
vdw,,328.9233214199405,3.4140201144371347,762.5389525731663,0.09633314629258516,0.6020821643286572,89.26579296572218,914.8854768844548,-1.1319964800504607,-14.157001993322465,-146.95878353567429,-0.015474070089660437,0.0,0.0,0.09633314629258516,0.0,1.285650434501912
vdw,,328.9233214199405,3.4140201144371347,762.5389525731663,0.09793603206412826,0.6121002004008016,90.73206148513867,914.6530865533175,-1.154567472899089,-13.594157886131473,-138.80650052505754,-0.014862638180513081,0.0,0.0,0.09793603206412826,0.0,1.2962747805059722
vdw,,328.9233214199405,3.4140201144371347,762.5389525731663,0.09953891783567134,0.6221182364729458,92.19796798809483,914.4338712262858,-1.1762100139467009,-12.97814695027024,-130.38264060390776,-0.014192548371886226,0.0,0.0,0.09953891783567134,0.0,1.3068996567519762
vdw,,328.9233214199405,3.4140201144371347,762.5389525731663,0.10114180360721443,0.6321362725450902,93.66353393949507,914.2282673494118,-1.1968380710769253,-12.306756152936883,-121.67823505234628,-0.013461360354364677,0.0,0.0,0.10114180360721443,0.0,1.3175278963309405
vdw,,328.9233214199405,3.4140201144371347,762.5389525731663,0.10274468937875751,0.6421543086172344,95.12878151524482,914.0367258644233,-1.216362035528121,-11.577664336328754,-112.68382245673943,-0.01266651985496482,0.0,0.0,0.10274468937875751,0.0,1.3281622919367657
vdw,,328.9233214199405,3.4140201144371347,762.5389525731663,0.10434757515030059,0.6521723446893787,96.59373362610484,913.8597129935218,-1.2346885476811877,-10.788435883814028,-103.38942585177026,-0.01180535232095356,0.0,0.0,0.10434757515030059,0.0,1.3388056011753016
vdw,,328.9233214199405,3.4140201144371347,762.5389525731663,0.10595046092184368,0.662190380761523,98.05841394283335,913.6977110613616,-1.251720312648544,-9.93651396847716,-93.78452799565461,-0.010875056211900535,0.0,0.0,0.10595046092184368,0.0,1.3494605516278158
vdw,,328.9233214199405,3.4140201144371347,762.5389525731663,0.10755334669338677,0.6722084168336673,99.52284692267511,913.551219356661,-1.2673559050419243,-9.019213345001534,-83.85804461030412,-0.009872695864116982,0.0,0.0,0.10755334669338677,0.0,1.360129845697275
vdw,,328.9233214199405,3.4140201144371347,762.5389525731663,0.10915623246492986,0.6822264529058116,100.98705783726615,913.4207550370807,-1.2814895621468168,-8.03371265534574,-73.59829552496548,-0.008795193902748147,0.0,0.0,0.10915623246492986,0.0,1.3708161652634887
vdw,,328.9233214199405,3.4140201144371347,762.5389525731663,0.11075911823647294,0.6922444889779559,102.45107280202471,913.3068540802435,-1.2940109647698819,-6.977046207644307,-62.992973569437176,-0.007639323165564791,0.0,0.0,0.11075911823647294,0.0,1.381522176171109
vdw,,328.9233214199405,3.4140201144371347,762.5389525731663,0.11236200400801602,0.7022625250501001,103.9149188071047,913.2100722848305,-1.3048050048759734,-5.8460951854297205,-52.02911105975517,-0.0064016981008574786,0.0,0.0,0.11236200400801602,0.0,1.392250532572698
vdw,,328.9233214199405,3.4140201144371347,762.5389525731663,0.11396488977955911,0.7122805611222445,105.3786237499962,913.1309863251641,-1.3137515391487682,-4.637578245299251,-40.69304374592615,-0.005078765604004832,0.0,0.0,0.11396488977955911,0.0,1.4030038811475047
vdw,,328.9233214199405,3.4140201144371347,762.5389525731663,0.1155677755511022,0.7222985971943887,106.84221646986073,913.0701948635847,-1.3207251274648257,-3.3480414512754217,-28.970372020312634,-0.003666795247626749,0.0,0.0,0.1155677755511022,0.0,1.413784865215254
vdw,,328.9233214199405,3.4140201144371347,762.5389525731663,0.1171706613226453,0.7323166332665331,108.30572678369782,913.0283197248236,-1.325594755236608,-1.9738474937681028,-16.84591920440601,-0.0021618688611575575,0.0,0.0,0.1171706613226453,0.0,1.424596128763085
vdw,,328.9233214199405,3.4140201144371347,762.5389525731663,0.11877354709418837,0.7423346693386773,109.76918552444528,913.006007136701,-1.3282235385174346,-0.5111641339883942,-4.303686691978955,-0.0005598694093935568,0.0,0.0,0.11877354709418837,0.0,1.435440320402778
vdw,,328.9233214199405,3.4140201144371347,762.5389525731663,0.12037643286573145,0.7523527054108216,111.23262458112467,913.003929042662,-1.328468410571631,1.0440481885418567,8.67319427637795,0.0011435308823222723,0.0,0.0,0.12037643286573145,0.0,1.4463200972745829
vdw,,328.9233214199405,3.4140201144371347,762.5389525731663,0.12197931863727454,0.7623707414829659,112.69607694114907,913.0227844909896,-1.3261797886310092,2.69604965751865,22.10251448883556,0.002952883217500096,0.0,0.0,0.12197931863727454,0.0,1.4572381289132454
vdw,,328.9233214199405,3.4140201144371347,762.5389525731663,0.12358220440881763,0.7723887775551102,114.15957673492207,913.0633011065594,-1.3212012193814502,4.449335363118267,36.003042544860165,0.00487297579228738,0.0,0.0,0.12358220440881763,0.0,1.4681971010912649
vdw,,328.9233214199405,3.4140201144371347,762.5389525731663,0.12518509018036073,0.7824068136272545,115.62315928286552,913.1262366514599,-1.3133690015990993,6.308650651440302,50.39458486910141,0.006908848304014194,0.0,0.0,0.12518509018036073,0.0,1.4791997196539688
vdw,,328.9233214199405,3.4140201144371347,762.5389525731663,0.1267879759519038,0.7924248496993987,117.08686114502093,913.2123806808908,-1.3025117842713314,8.279007634102218,65.298050323343,0.009065807482734075,0.0,0.0,0.1267879759519038,0.0,1.4902487143606369
vdw,,328.9233214199405,3.4140201144371347,762.5389525731663,0.12839086172344688,0.802442885771543,118.55072017338625,913.3225563017139,-1.2884501383478693,10.365702951244801,80.73551974105806,0.011349443720319676,0.0,0.0,0.12839086172344688,0.0,1.5013468427456824
vdw,,328.9233214199405,3.4140201144371347,762.5389525731663,0.12999374749499,0.8124609218436873,120.01477556715585,913.4576220413516,-1.2709961001384045,12.574336903855736,96.73032085131906,0.013765648893218721,0.0,0.0,0.12999374749499,0.0,1.5124968940137609
vdw,,328.9233214199405,3.4140201144371347,762.5389525731663,0.13159663326653306,0.8224789579158316,121.47906793104829,913.6184738356909,-1.2499526841632473,14.910834071999352,113.30710901850551,0.016320635472046048,0.0,0.0,0.13159663326653306,0.0,1.5237016929826346
vdw,,328.9233214199405,3.4140201144371347,762.5389525731663,0.13319951903807614,0.8324969939879758,122.94363933691909,913.8060471445774,-1.2251133631758506,17.381465552707578,130.49195431207937,0.019020957025859535,0.0,0.0,0.13319951903807614,0.0,1.5349641040876894
vdw,,328.9233214199405,3.4140201144371347,762.5389525731663,0.13480240480961922,0.8425150300601201,124.40853338887186,914.0213192056361,-1.1962615126915068,19.99287295899563,148.31243542896337,0.02187353023272058,0.0,0.0,0.13480240480961922,0.0,1.5462870354621363
vdw,,328.9233214199405,3.4140201144371347,762.5389525731663,0.13640529058116233,0.8525330661322645,125.87379529209547,914.2653114364098,-1.1631698173351168,22.75209434605815,166.7977411222218,0.024885658529811384,0.0,0.0,0.13640529058116233,0.0,1.5576734431071868
vdw,,328.9233214199405,3.4140201144371347,762.5389525731663,0.1380081763527054,0.8625511022044088,127.33947192567604,914.5390919971195,-1.1255996358945026,25.66659223556066,185.9787797642144,0.02806505753571604,0.0,0.0,0.1380081763527054,0.0,1.5691263351668212
vdw,,328.9233214199405,3.4140201144371347,762.5389525731663,0.13961106212424848,0.872569138276553,128.80561191964975,914.8437785263998,-1.083300321818328,28.744283934883065,205.88829780051208,0.031419882399138586,0.0,0.0,0.13961106212424848,0.0,1.5806487763222037
vdw,,328.9233214199405,3.4140201144371347,762.5389525731663,0.1412139478957916,0.8825871743486974,130.2722657365851,915.1805410641682,-1.0360084955073035,31.993574364086733,226.56100789488795,0.03495875723809068,0.0,0.0,0.1412139478957916,0.0,1.5922438923213296
vdw,,328.9233214199405,3.4140201144371347,762.5389525731663,0.14281683366733466,0.8926052104208416,131.7394857580044,915.5506051766938,-0.9834472644569416,35.42339163253049,248.0337276979737,0.03869080685681384,0.0,0.0,0.14281683366733466,0.0,1.6039148746601242
vdw,,328.9233214199405,3.4140201144371347,762.5389525731663,0.14441971943887777,0.9026232464929861,133.2073263759846,915.9552553003426,-0.9253253869434559,39.04322561846736,270.3455301683471,0.0426256909303556,0.0,0.0,0.14441971943887777,0.0,1.615664985431948
vdw,,328.9233214199405,3.4140201144371347,762.5389525731663,0.14602260521042085,0.9126412825651303,134.67584409029635,916.3958383221377,-0.8613363745101879,42.8631698553515,293.53790663839345,0.04677364089063437,0.0,0.0,0.14602260521042085,0.0,1.627497562363323
vdw,,328.9233214199405,3.4140201144371347,762.5389525731663,0.14762549098196392,0.9226593186372745,136.14509761148196,916.8737674169955,-0.7911575280649856,46.89396703408112,317.6549437509432,0.05114549974113686,0.0,0.0,0.14762549098196392,0.0,1.6394160240546616
vdw,,328.9233214199405,3.4140201144371347,762.5389525731663,0.149228376753507,0.9326773547094187,137.6151479702947,917.3905261631407,-0.7144489019235039,51.14705848953064,342.74351569215634,0.055752765077535904,0.0,0.0,0.149228376753507,0.0,1.6514238754458848
vdw,,328.9233214199405,3.4140201144371347,762.5389525731663,0.15083126252505008,0.942695390781563,139.08605863396616,917.9476729593814,-0.630852189570902,55.63463806456873,368.85349318964245,0.06060763560215543,0.0,0.0,0.15083126252505008,0.0,1.6635247135280489
vdw,,328.9233214199405,3.4140201144371347,762.5389525731663,0.15243414829659319,0.9527134268537074,140.5578956298043,918.5468457705116,-0.5399895242542243,60.36971079649605,396.03797096063994,0.06572306145785703,0.0,0.0,0.15243414829659319,0.0,1.6757222333235027
vdw,,328.9233214199405,3.4140201144371347,762.5389525731663,0.15403703406813626,0.9627314629258517,142.03072767666998,919.189767229239,-0.4414621868974393,65.36615691687336,424.3535154536895,0.0711127987356843,0.0,0.0,0.15403703406813626,0.0,1.6880202341586321
vdw,,328.9233214199405,3.4140201144371347,762.5389525731663,0.15563991983967934,0.9727494989979959,143.50462632492525,919.8782501261186,-0.33484921303164583,70.63880172176333,453.86043499975153,0.07679146855801677,0.0,0.0,0.15563991983967934,0.0,1.7004226262549949
vdw,,328.9233214199405,3.4140201144371347,762.5389525731663,0.15724280561122245,0.9827675350701403,144.97966610550395,920.6142033218941,-0.21970588962892634,76.20349191959313,484.62307463531084,0.08277462116554861,0.0,0.0,0.15724280561122245,0.0,1.7129334376665577
vdw,,328.9233214199405,3.4140201144371347,762.5389525731663,0.15884569138276552,0.9927855711422845,146.4559246888074,921.3996381210035,-0.09556213164663063,82.07717915378493,516.7101382435744,0.0890788055019901,0.0,0.0,0.15884569138276552,0.0,1.7255568215928954
vdw,,328.9233214199405,3.4140201144371347,762.5389525731663,0.16044857715430857,1.0028036072144286,147.93348305419758,922.236675147167,0.03807927268564981,88.2780114615009,550.1950408485149,0.09572164482334627,0.0,0.0,0.16044857715430857,0.0,1.7382970641005902
vdw,,328.9233214199405,3.4140201144371347,762.5389525731663,0.1620514629258517,1.012821643286573,149.4124256709254,923.1275517687543,0.18174456036115316,94.82543354487964,585.1562943820383,0.10272191894087639,0.0,0.0,0.1620514629258517,0.0,1.751158592287687
vdw,,328.9233214199405,3.4140201144371347,762.5389525731663,0.16365434869739479,1.0228396793587173,150.89284069141425,924.0746301243494,0.33599104937212587,101.7402968143414,621.6779304927875,0.11009965374836725,0.0,0.0,0.16365434869739479,0.0,1.7641459829290032
vdw,,328.9233214199405,3.4140201144371347,762.5389525731663,0.16525723446893786,1.0328577154308616,152.37482017096633,925.0804091783946,0.5014099112486008,109.04489543299087,659.8494509690419,0.11787612660594395,0.0,0.0,0.16525723446893786,0.0,1.7772639716433318
vdw,,328.9233214199405,3.4140201144371347,762.5389525731663,0.16686012024048094,1.0428757515030058,153.85846051289508,926.14759087251,0.6786378605236791,116.76160363925204,699.7573984183502,0.12607235044389917,0.0,0.0,0.16686012024048094,0.0,1.7905174626271747
vdw,,328.9233214199405,3.4140201144371347,762.5389525731663,0.16846300601202402,1.05289378757515,155.3438628466433,927.2791069373144,0.8683629201617578,124.91159904388284,741.4779185108883,0.13470766041138363,0.0,0.0,0.16846300601202402,0.0,1.8039115390036535
vdw,,328.9233214199405,3.4140201144371347,762.5389525731663,0.17006589178356712,1.0629118236472945,156.83113317289602,928.4780705993597,1.0713179050698898,133.51476732635155,785.0766895472958,0.14379959156188132,0.0,0.0,0.17006589178356712,0.0,1.8174514738396927
vdw,,328.9233214199405,3.4140201144371347,762.5389525731663,0.1716687775551102,1.0729298597194388,158.32038249576107,929.7477307029789,1.2882738686571145,142.58963784480892,830.6090360492833,0.15336379228051186,0.0,0.0,0.1716687775551102,0.0,1.8311427418895172
vdw,,328.9233214199405,3.4140201144371347,762.5389525731663,0.17327166332665328,1.082947895791583,159.8117269474724,931.0914311638319,1.520034039478844,152.15330508980125,878.1199543456825,0.16341392477386987,0.0,0.0,0.17327166332665328,0.0,1.8449910321280256
vdw,,328.9233214199405,3.4140201144371347,762.5389525731663,0.17487454909819636,1.0929659318637273,161.305287903165,932.5125759741384,1.7674283487100126,162.22132944627128,927.644018428205,0.17396154607009848,0.0,0.0,0.17487454909819636,0.0,1.85900226114373
vdw,,328.9233214199405,3.4140201144371347,762.5389525731663,0.17647743486973944,1.1029839679358715,162.80119208311908,934.0145999163958,2.0313086410124015,172.80760778190137,979.2051199602554,0.18501595991900927,0.0,0.0,0.17647743486973944,0.0,1.8731825874678225
vdw,,328.9233214199405,3.4140201144371347,762.5389525731663,0.17808032064128257,1.113002004008016,164.29957163916515,935.6009448831916,2.312544617920537,183.9242044094731,1032.8159998092221,0.19658403020577941,0.0,0.0,0.17808032064128257,0.0,1.8875384269235658
vdw,,328.9233214199405,3.4140201144371347,762.5389525731663,0.17968320641282565,1.1230200400801602,165.80056422158984,937.275041516014,2.612020528721814,195.58113066859508,1088.4775187016846,0.20866994425910299,0.0,0.0,0.17968320641282565,0.0,1.9020764690887866
vdw,,328.9233214199405,3.4140201144371347,762.5389525731663,0.18128609218436872,1.1330380761523045,167.30431302217096,939.0402955417402,2.9306325602458116,207.786061089022,1146.1776167457056,0.22127491447973327,3.706543528295468e-06,6.719447917559475e-07,0.18128542023957697,0.006265711997008097,1.9167975028551492
vdw,,328.9233214199405,3.4140201144371347,762.5389525731663,0.1828889779559118,1.1430561122244487,168.81096678843943,940.9000778454325,3.269286807349573,220.54397291182153,1205.889908603388,0.23439680589340078,2.8551503649430323e-05,5.2217553215487975e-06,0.18288375620059025,0.017466713549301634,1.9316789276747008
vdw,,328.9233214199405,3.4140201144371347,762.5389525731663,0.18449186372745488,1.153074148296593,170.32067980362376,942.8577168702031,3.628897611572995,233.85669562531547,1267.5718641489036,0.24802967769261938,7.936155821999035e-05,1.4641561784320936e-05,0.18447722216567056,0.029247934736645817,1.9467182630733906
vdw,,328.9233214199405,3.4140201144371347,762.5389525731663,0.18609474949899799,1.1630921843687374,171.83361182620584,944.9164914274619,4.010385943459767,247.7223570995132,1331.1625275104661,0.2621632274882674,0.00015864140374196385,2.9522332289530164e-05,0.18606522716670845,0.04153120825284297,1.9619167698599436
vdw,,328.9233214199405,3.4140201144371347,762.5389525731663,0.18769763527054106,1.1731102204408816,173.34992798257443,947.0796213822557,4.41467736379434,262.1347136269504,1396.5797344709124,0.27678212867083624,0.00027044372428707073,5.076164752244137e-05,0.18764687362301863,0.054458271224597836,1.9772728880445065
vdw,,328.9233214199405,3.4140201144371347,762.5389525731663,0.18930052104208414,1.1831282565130259,174.86979860606627,949.3502529715596,4.84269893288436,277.08235211828463,1463.716795880796,0.291865253367753,0.00041770106959874065,7.907103011487746e-05,0.18922145001196927,0.06796735647971393,1.9927867793270346
vdw,,328.9233214199405,3.4140201144371347,762.5389525731663,0.19090340681362722,1.1931462925851701,176.39339901588605,951.731434695487,5.29537423910358,292.5477535674572,1532.4386214493388,0.3073847756862837,0.0006047305515941011,0.00011544512250359786,0.1907879616911236,0.08212472542269944,2.0084559003358744
vdw,,328.9233214199405,3.4140201144371347,762.5389525731663,0.1925062925851703,1.2031643286573144,177.9209092300673,954.2260787589006,5.773615479893351,308.5062078049443,1602.577264680594,0.3233051523871556,0.0008361761329823472,0.000160969167308636,0.19234532341786167,0.09697293641757082,2.024276726300796
vdw,,328.9233214199405,3.4140201144371347,762.5389525731663,0.19410917835671343,1.2131823647294588,179.45251360813918,956.8369019480574,6.278311250381421,324.9245687764999,1673.9268669685864,0.33958197903422693,0.0011160280748885392,0.00021663129263963898,0.1938925470640738,0.11249450560823174,2.040246479753419
vdw,,328.9233214199405,3.4140201144371347,762.5389525731663,0.1957120641282565,1.223200400801603,180.9884004216204,959.5663385403552,6.8103083621058715,341.7598367067218,1746.237965600094,0.3561607186289902,0.0014496226211087207,0.00028370863538420123,0.1954283554928723,0.12873504039227726,2.056359385013599
vdw,,328.9233214199405,3.4140201144371347,762.5389525731663,0.19731494989979959,1.2332184368737473,182.5287613541935,962.4164163315339,7.37038561700777,358.95754672422447,1819.2110983304112,0.37297529492739917,0.0018420508773448847,0.0003634641765761878,0.1969514857232234,0.1457065764562834,2.072609465705286
vdw,,328.9233214199405,3.4140201144371347,762.5389525731663,0.19891783567134266,1.2432364729458916,184.07379091758182,965.3885923217555,7.959218448865954,376.4500670532014,1892.4902625382583,0.38994667022928103,0.00229875008984245,0.0004572623926207646,0.1984605732787219,0.1634243650000742,2.0889893523346528
vdw,,328.9233214199405,3.4140201144371347,762.5389525731663,0.20052072144288574,1.2532545090180358,185.62368545728486,968.483654166638,8.577355581851634,394.1569526921701,1965.6669388377284,0.40698358820659164,0.0028253016404915115,0.0005665315232451265,0.19995418991964062,0.18189864729844224,2.1054905475204473
vdw,,328.9233214199405,3.4140201144371347,762.5389525731663,0.20212360721442885,1.2632725450901803,187.17864190314705,971.7016585248256,9.225202454133864,411.98620284814945,2038.2883945420667,0.4239842540493346,0.0034288303450593057,0.0006930475578696817,0.20143055965655918,0.20117763337552946,2.1221005044028107
vdw,,328.9233214199405,3.4140201144371347,762.5389525731663,0.20372649298597192,1.2732905811623245,188.73885650624416,975.0418371808265,9.902997497204666,429.83489000557546,2109.8625107887797,0.44083738114086723,0.00411414359165106,0.0008381600455677811,0.20288833294040415,0.2212277382017697,2.138810156326706
vdw,,328.9233214199405,3.4140201144371347,762.5389525731663,0.205329378757515,1.2833086172344688,190.30452343952018,978.5025094700778,10.61078894264034,447.5902265519417,2179.864514568693,0.4574236879518487,0.004888289037028589,0.0010037093511602515,0.20432566940635474,0.24207777333626884,2.1556047389327
vdw,,328.9233214199405,3.4140201144371347,762.5389525731663,0.20693226452905808,1.293326653306613,191.87583327553864,982.0810073205107,11.348413520273112,465.13112617074336,2247.745788842069,0.47361788152262246,0.005757333785577494,0.0011913781178992053,0.20574088641115887,0.2637225226753591,2.1724700977881994
vdw,,328.9233214199405,3.4140201144371347,762.5389525731663,0.20853515030060116,1.3033446893787572,193.452971367413,985.7736181913699,12.115478264491742,482.33025194969474,2312.9446103183127,0.4892910938666033,0.0067278352178714845,0.0014029901283565077,0.20713216017224464,0.28616570240297223,2.189389592096527
vdw,,328.9233214199405,3.4140201144371347,762.5389525731663,0.2101380360721443,1.3133627254509017,195.03611616633853,989.5755510910612,12.911346684946949,499.0565124952245,2374.8985277652882,0.5043137049465171,0.0078051295777066074,0.0016401546007478714,0.20849788147139642,0.3093831611871017,2.206347623520708
vdw,,328.9233214199405,3.4140201144371347,762.5389525731663,0.21174092184368737,1.323380761523046,196.62543751613265,993.480930174025,13.735130473039419,515.1779316942216,2433.057942736923,0.5185584504414991,0.008994918539173686,0.00190459234339351,0.20983632950029385,0.33336130935257374,2.223326239234949
vdw,,328.9233214199405,3.4140201144371347,762.5389525731663,0.21334380761523045,1.3333987975951902,198.22109497019454,997.482819357765,14.585687742366133,530.5647873296809,2486.9003382866613,0.5319036849890688,0.010302374920672729,0.0021979478930559777,0.21114585972217448,0.3580786447412733,2.240306983144832
vdw,,328.9233214199405,3.4140201144371347,762.5389525731663,0.21494669338677352,1.3434168336673344,199.82323617960512,1001.5732798749623,15.461628514063506,545.0928857290244,2535.9445039156208,0.5442366491616814,0.011732306110308968,0.0025218204042123512,0.21242487298256119,0.38351095351444897,2.2572705355374696
vdw,,328.9233214199405,3.4140201144371347,762.5389525731663,0.2165495791583166,1.3534348697394787,201.43199540169908,1005.7434608482777,16.361327786224308,558.6468214172941,2579.764059522252,0.5554565783068702,0.013288048667623328,0.0028775213468090616,0.21367205781150755,0.4096153087481871,2.2741992819669665
vdw,,328.9233214199405,3.4140201144371347,762.5389525731663,0.2181524649298597,1.3634529058116232,203.04749217647904,1009.9837209623182,17.282946090482284,571.1230620620214,2617.999582290526,0.5654774925657734,0.014972659988252554,0.003266322682993979,0.21488614224686572,0.4363527454757548,2.291074728568772
vdw,,328.9233214199405,3.4140201144371347,762.5389525731663,0.21975535070140279,1.3734709418837674,204.6698302135299,1014.283777323542,18.224456982948595,582.4327024295695,2650.368696691997,0.5742305215276866,0.016788380340853233,0.0036893364095127385,0.21606601429189004,0.4636801189128209,2.3078788202034506
vdw,,328.9233214199405,3.4140201144371347,762.5389525731663,0.22135823647294586,1.3834889779559116,206.29909652493714,1018.6328758009768,19.18368047573236,592.5037461442495,2676.673592928016,0.5816656424704031,0.018735940586014924,0.004147354766782155,0.2172108817061637,0.4915423328648648,2.3245957823064054
vdw,,328.9233214199405,3.4140201144371347,762.5389525731663,0.22296112224448894,1.3935070140280559,207.93536083046675,1023.0199757301956,20.158321036867505,601.282800240949,2696.80558739568,0.5877527462860874,0.020815465569630952,0.0046410395634464375,0.2183200826810425,0.5198866755675783,2.341210191101628
vdw,,328.9233214199405,3.4140201144371347,762.5389525731663,0.22456400801603202,1.4035250501002001,209.57867525050347,1027.4339409932456,21.146008510647107,608.7361027697425,2710.746517876025,0.5924819869015251,0.023026301590117176,0.005170878574862645,0.21939312944116937,0.5486604076705845,2.357707563450704
vdw,,328.9233214199405,3.4140201144371347,762.5389525731663,0.22616689378757515,1.4135430861723446,211.22907429076193,1031.8637292015496,22.14434015481615,614.8498443708909,2718.5669576749906,0.5958634139089841,0.025366208378817014,0.005736996556205407,0.22042989723136974,0.577801727420759,2.3740766341266624
vdw,,328.9233214199405,3.4140201144371347,762.5389525731663,0.22776977955911823,1.4235611222444888,212.8865751112191,1036.298571073539,23.150921979630112,619.6297882312538,2720.421424785316,0.5979259313166445,0.02783168595079351,0.006339216973770845,0.22143056258534738,0.6072453264086203,2.3903088908663137
vdw,,328.9233214199405,3.4140201144371347,762.5389525731663,0.2293726653306613,1.433579158316633,214.55117806089177,1040.728133022707,24.163407695129564,623.1002347267566,2716.540934938789,0.5987156635393478,0.030420205766100734,0.006977563676477677,0.22239510165418364,0.6369463821318783,2.4063930098415613
vdw,,328.9233214199405,3.4140201144371347,762.5389525731663,0.23097555110220439,1.4435971943887773,216.22286745069442,1045.1426573698695,25.179533815733578,625.3024137567515,2707.223386946532,0.5982938399341028,0.033126719852231985,0.007651462374077617,0.22332408872812676,0.6668415849810905,2.4223241112520113
vdw,,328.9233214199405,3.4140201144371347,762.5389525731663,0.23257843687374746,1.4536152304609216,217.90161252913327,1049.5330762867866,26.197149800943095,626.2924169347108,2692.8223671684855,0.5967343298512446,0.03594609397028998,0.008360286347326882,0.22421815052642058,0.6968760115480332,2.4380977298753184
vdw,,328.9233214199405,3.4140201144371347,762.5389525731663,0.23418132264529057,1.463633266533066,219.58736862052461,1053.8910974061687,27.21424249414872,626.1388002467551,2673.73500659211,0.5941209692232952,0.03887275129207721,0.009103272312440068,0.2250780503328505,0.7269982148816478,2.4537109063295355
vdw,,328.9233214199405,3.4140201144371347,762.5389525731663,0.23578420841683365,1.4736513026052103,221.28007838279416,1058.209260804527,28.22895451536391,624.9199958000306,2650.389523522538,0.5905448184463263,0.041900865297609516,0.009879562356177235,0.2259046460606564,0.7571612502799888,2.4691618219898976
vdw,,328.9233214199405,3.4140201144371347,762.5389525731663,0.23738709418837672,1.4836693386773545,222.97967314178288,1062.4809686425854,29.239596634732266,622.721668116376,2623.2330373538334,0.586101479927644,0.045024244036607985,0.010688174459878718,0.226698919728498,0.7873208095544142,2.484450260287712
vdw,,328.9233214199405,3.4140201144371347,762.5389525731663,0.2389899799599198,1.4936873747494988,224.68607426106672,1066.7004900046961,30.24465446839224,619.6341378650733,2592.7201549160764,0.5808885846319854,0.048236454974392225,0.011528029407667572,0.22746195055225224,0.817435731575043,2.4995773954185574
vdw,,328.9233214199405,3.4140201144371347,762.5389525731663,0.24059286573146288,1.503705410821643,226.39919451014114,1070.8629443690759,31.24279008124691,615.7499764543467,2559.3027232221193,0.5750035330778303,0.05153097930989124,0.012397985986115455,0.2281948797453474,0.8474686588505446,2.514545457301399
vdw,,328.9233214199405,3.4140201144371347,762.5389525731663,0.242195751503006,1.5137234468937875,228.11893939907907,1074.9642676536055,32.23283924416438,611.1618500186412,2523.4210188491097,0.5685415491555491,0.05490122108302861,0.013296842498636793,0.2288989090043692,0.8773854354613998,2.529357781550551
vdw,,328.9233214199405,3.4140201144371347,762.5389525731663,0.2437986372745491,1.5237414829659317,229.84520845366097,1079.001164906694,33.213805168242004,605.960665789117,2485.4965251783838,0.5615940793182713,0.058341190348424166,0.014223502703920888,0.2295751345706282,0.9071598076815373,2.5440168284399833
vdw,,328.9233214199405,3.4140201144371347,762.5389525731663,0.24540152304609217,1.533759519038076,231.57789641123702,1082.9710536008647,34.18484955724631,600.2340481212863,2445.926336033979,0.5542475453295966,0.061844127720605435,0.015176643134093622,0.23022487991199855,0.9367619578841957,2.5585282858514553
vdw,,328.9233214199405,3.4140201144371347,762.5389525731663,0.24700440881763525,1.5437775551102202,233.31689432359804,1086.872001093603,35.14528176696763,594.0651488714171,2405.0791308345383,0.5465824386622095,0.06540449495087763,0.01615519860935754,0.2308492102082777,0.966173420872827,2.5728951351854934
vdw,,328.9233214199405,3.4140201144371347,762.5389525731663,0.24860729458917832,1.5537955911823644,235.06209055861254,1090.7026593430558,36.09454678188675,587.5317785346157,2363.2925956798954,0.5386727294572599,0.06901613866846454,0.017157915517358544,0.23144937907181978,0.9953725173690797,2.5871231609798735
vdw,,328.9233214199405,3.4140201144371347,762.5389525731663,0.2502101803607214,1.5638136272545087,236.81337169712396,1094.4621993923447,37.032212610826434,580.7058308612394,2320.8721164904287,0.5305855525971135,0.07267364547056471,0.01818368594066112,0.2320264944200603,1.0243441141288288,2.601216825427492
vdw,,328.9233214199405,3.4140201144371347,762.5389525731663,0.2518130661322645,1.5738316633266531,238.57062332550223,1098.150247574374,37.95795759010625,573.6529645577301,2278.090542991997,0.522381127559577,0.07637155426748873,0.01923135524538297,0.23258171088688154,1.053073466934638,2.615181655343879
vdw,,328.9233214199405,3.4140201144371347,762.5389525731663,0.2534159519038076,1.5838496993987976,240.33373072719627,1101.7668248573293,38.87155797005954,566.4325013780053,2235.1888155525958,0.5141128672587815,0.08010550936781682,0.020300013909184678,0.23311593799462293,1.081553822226584,2.6290205552136086
vdw,,328.9233214199405,3.4140201144371347,762.5389525731663,0.25501883767535066,1.5938677354709416,242.10257947880245,1105.3122902873383,39.772876058554345,559.0974988993506,2192.3772533662964,0.5058276324368084,0.08386964567206207,0.021388339555532772,0.2336304981198179,1.1097685020681745,2.6427421177380928
vdw,,328.9233214199405,3.4140201144371347,762.5389525731663,0.25662172344689377,1.603885771543086,243.87705595758493,1108.7872890971637,40.66184910653848,551.6949579633731,2149.83731912136,0.4975660917005946,0.08766054035429297,0.02249559894400464,0.23412612450288914,1.1377171496355958,2.6563479125172837
vdw,,328.9233214199405,3.4140201144371347,762.5389525731663,0.2582246092184369,1.6139038076152303,245.65704776816062,1112.1927057365308,41.538479046250984,544.2661286773032,2107.723699629645,0.4893631525095034,0.09147318402150553,0.02362062719791943,0.23460398202051744,1.1653888644940498,2.6698454331349883
vdw,,328.9233214199405,3.4140201144371347,762.5389525731663,0.2598274949899799,1.6239218436873746,247.44244409644406,1115.5296218583617,42.402823138133584,536.8468830706066,2066.1665659799005,0.48124843352547914,0.09530460554445364,0.02476275691962354,0.23506473807035638,1.1927855056372434,2.683236219127361
vdw,,328.9233214199405,3.4140201144371347,762.5389525731663,0.26143038076152303,1.6339398797595188,249.2331359988375,1118.7992791141985,43.25498553570492,529.4681281552048,2025.273905094397,0.47324675483738915,0.09915052639072286,0.025920959867032113,0.23550942089449092,1.2199003118032832,2.696526831521886
vdw,,328.9233214199405,3.4140201144371347,762.5389525731663,0.2630332665330661,1.643957915831663,251.02901663438473,1122.0030464982092,44.095109746090884,522.1562380121912,1985.1338383715454,0.465378627662242,0.10300837944086452,0.027094630524608122,0.23593863600845796,1.2467366069025108,2.7097187531292617
vdw,,328.9233214199405,3.4140201144371347,762.5389525731663,0.2646361523046092,1.6539759519038073,252.82998144714637,1125.1423919246927,44.92337194660891,514.9334881827426,1945.8168647722362,0.45766072976939953,0.1068741358542509,0.028282760093349034,0.23635339221126014,1.273288413338105,2.72281904219917
vdw,,328.9233214199405,3.4140201144371347,762.5389525731663,0.2662390380761523,1.6639939879759518,254.6359283054724,1128.2188576663277,45.73997509898609,507.81847991492174,1907.3779847779895,0.4501063569929353,0.11074490166064124,0.029484616089967206,0.23675442198618507,1.2995561587936337,2.735831526606838
vdw,,328.9233214199405,3.4140201144371347,762.5389525731663,0.2678419238476954,1.6740120240480962,256.44675760419557,1131.2340392748658,46.545143797183925,500.8265457914474,1869.85867856981,0.44272584487687716,0.11461896544706981,0.0306997642147757,0.23714215963291968,1.325546456193118,2.748756449447938
vdw,,328.9233214199405,3.4140201144371347,762.5389525731663,0.26944480961923845,1.6840300601202403,258.2623723352194,1134.1895676201457,47.33911978431712,493.97013045646054,1833.2887211837794,0.43552695647955153,0.11849335608429043,0.031927419771276264,0.23751738984796217,1.3512580262695575,2.7615989217191124
vdw,,328.9233214199405,3.4140201144371347,762.5389525731663,0.27104769539078155,1.6940480961923847,260.0826781312912,1137.0870936848632,48.12215807059272,487.25914321302525,1797.687829481531,0.42851523504149996,0.12236550645285449,0.033166888519372016,0.23788080687140953,1.376691451018883,2.7743631687123567
vdw,,328.9233214199405,3.4140201144371347,762.5389525731663,0.27265058116232466,1.704066132264529,261.9075832872022,1139.9282757845017,48.89452358880885,480.7012807772446,1763.0671415699471,0.4216943214663438,0.12623403199058825,0.03441778218469737,0.23823279897762728,1.4018532841289348,2.787049658384563
vdw,,328.9233214199405,3.4140201144371347,762.5389525731663,0.2742534669338677,1.7140841683366732,263.73699876214306,1142.714768900474,49.65648832534532,474.30231969690885,1729.4305337306093,0.4150662375294974,0.13009669242883515,0.035679468935237095,0.2385739979986306,1.426744747290353,2.7996623100643068
vdw,,328.9233214199405,3.4140201144371347,762.5389525731663,0.2758563527054108,1.7241022044088175,265.5708381663973,1145.4482158586634,50.40832887329367,468.0663794517079,1696.7757851549634,0.40863163691850607,0.13395108407354261,0.036951257493463306,0.2389050952119475,1.451365762663964,2.8122060797638135
vdw,,328.9233214199405,3.4140201144371347,762.5389525731663,0.27745923847695386,1.7341202404809617,267.40901773520403,1148.1302400946545,51.15032435382102,461.9961571057789,1665.095599778174,0.4023900259500968,0.13779700491981184,0.03823305204945606,0.2392261864274978,1.4757274064409984,2.8246782630017573
vdw,,328.9233214199405,3.4140201144371347,762.5389525731663,0.27906212424849697,1.744138276553106,269.2514562921452,1150.7624397896902,51.882754660948876,456.09313565248164,1634.3784986254298,0.39633995678190176,0.14163172442279814,0.03952404987840378,0.2395380743700932,1.4998268293016288,2.837085727973316
vdw,,328.9233214199405,3.4140201144371347,762.5389525731663,0.2806650100200401,1.7541563126252504,271.09807520413244,1153.3463831793122,52.60589898746616,450.35776787083006,1604.6095943298153,0.39047919552959864,0.1454547137268107,0.040824048685597386,0.2398409613344427,1.5236722393874427,2.849427578432029
vdw,,328.9233214199405,3.4140201144371347,762.5389525731663,0.2822678957915831,1.7641743486973944,272.94879832973606,1155.8836048667174,53.32003459598195,444.7896378455312,1575.7712601292374,0.38480486787146617,0.14926405941398507,0.04213245196809541,0.24013544382348773,1.5472641870592632,2.8617083436567725
vdw,,328.9233214199405,3.4140201144371347,762.5389525731663,0.28387078156312623,1.7741923847695389,274.8035519623585,1158.37560298582,54.02543580088388,439.38760219150055,1547.8437047026307,0.3793135845221001,0.15305890577783832,0.04344895120835186,0.24042183035477438,1.5706081988620078,2.8739288986763976
vdw,,328.9233214199405,3.4140201144371347,762.5389525731663,0.28547366733466933,1.7842104208416834,276.6622647695003,1160.8238370870004,54.722373133228416,434.14991314577816,1520.805464122935,0.3740015489647805,0.15683859911678633,0.04477329006950102,0.2407003772651683,1.5937102983060163,2.88608958150182
vdw,,328.9233214199405,3.4140201144371347,762.5389525731663,0.2870765531062124,1.7942284569138274,278.5248677291882,1163.2297266314804,55.4111126628589,429.0743254532708,1494.6338208767686,0.3688646495441606,0.1606018797145487,0.046105034050831176,0.24097151905538122,1.6165730487149048,2.898193265401417
vdw,,328.9233214199405,3.4140201144371347,762.5389525731663,0.2886794388777555,1.8042464929859718,280.3912940644575,1165.5946499961346,56.091915455340484,424.1581888876008,1469.305159163813,0.363898537874215,0.1643480938695413,0.047443915518887866,0.2412355233588676,1.63920161093239,2.9102407414598237
vdw,,328.9233214199405,3.4140201144371347,762.5389525731663,0.2902823246492986,1.814264529058116,282.26147917664116,1167.9199439111417,56.76503714616348,419.39852805365024,1444.7952646112435,0.35909869528314103,0.16807618387038253,0.04878954537207759,0.24149277927722101,1.6615987870954432,2.9222345667201504
vdw,,328.9233214199405,3.4140201144371347,762.5389525731663,0.29188521042084165,1.8242825651302603,284.1353605781004,1170.206903246856,57.430727612029614,414.79211085508234,1421.0795752790382,0.35446048874280284,0.1717856208613815,0.05014168209239926,0.24174352832844237,1.683769577623641,2.9341754529030335
vdw,,328.9233214199405,3.4140201144371347,762.5389525731663,0.29348809619238475,1.8343006012024046,286.0128778248807,1172.4567810976785,58.08923072732853,410.33550734584134,1398.13339167549,0.34997921796458603,0.1754759156896104,0.05150009242335918,0.24198800376902557,1.7057187898936297,2.946064122859789
vdw,,328.9233214199405,3.4140201144371347,762.5389525731663,0.2950909819639278,1.8443186372745488,287.8939724497298,1174.6707891058156,58.7407841918473,406.025140065604,1375.932051069039,0.34565015477628325,0.17914659345314482,0.05286454417758107,0.24222643778634673,1.7274509419933932,2.957901401117847
vdw,,328.9233214199405,3.4140201144371347,762.5389525731663,0.2966938677354709,1.854336673346693,289.77858789586435,1176.8500979821736,59.38561941933466,401.8573265420504,1354.4510697482365,0.34146857550598386,0.1827968695147259,0.05423471022626022,0.24245915750921068,1.7489687889574066,2.9696894998517833
vdw,,328.9233214199405,3.4140201144371347,762.5389525731663,0.298296753507014,1.8643547094188375,291.66666945168924,1178.9958381806787,60.02396147588803,397.828315675312,1333.6662601859582,0.33742978795345474,0.1864265534524734,0.05561043566237463,0.2426863178446394,1.7702775557048431,2.981428420962461
vdw,,328.9233214199405,3.4140201144371347,762.5389525731663,0.29989963927855706,1.8743727454909815,293.55816418673965,1181.109100704546,60.656029063174685,393.9343184207814,1313.5538254345204,0.33352915339132916,0.1900346231531871,0.05699131493407734,0.24290832434447973,1.7913783555559375,2.9931216387508637
vdw,,328.9233214199405,3.4140201144371347,762.5389525731663,0.30150252505010017,1.884390781563126,295.4530208890386,1183.1909380048091,61.282034535807895,390.1715333042132,1294.090433369933,0.32976210413016815,0.1936215821096996,0.058377395910269726,0.24312512913983045,1.8122790097093733,3.004766617771756
vdw,,328.9233214199405,3.4140201144371347,762.5389525731663,0.3031054108216433,1.8944088176352705,297.3511900039349,1185.2423649515242,61.902183947912874,386.5361681444894,1275.2532760688307,0.32612415787238463,0.1971871335233682,0.059768487115342744,0.24333692370630053,1.832983372453573,3.0163641316934116
vdw,,328.9233214199405,3.4140201144371347,762.5389525731663,0.3047082965931864,1.904426853707415,299.25262357460804,1187.2643598671605,62.51667712631428,383.0244577377281,1257.0201140571535,0.3226109286903749,0.20073024719374366,0.06116417169713486,0.2435441248960515,1.8534917902918013,3.027918076798805
vdw,,328.9233214199405,3.4140201144371347,762.5389525731663,0.30631118236472943,1.914444889779559,301.1572751842277,1189.257865588417,63.12570776071482,379.63267878411216,1239.3693101679771,0.3192181357541653,0.2042509628112265,0.06256435391784117,0.24374682844688828,1.8738092021099735,3.0394281033858532
vdw,,328.9233214199405,3.4140201144371347,762.5389525731663,0.30791406813627253,1.9244629258517032,303.06509989989536,1191.2237905633272,63.729463513169776,376.35716176318556,1222.2798524314985,0.3159416095821987,0.207749822324998,0.06396909294667795,0.24394497518959457,1.8939424919434242,3.0508918479674745
vdw,,328.9233214199405,3.4140201144371347,762.5389525731663,0.3095169539078156,1.9344809619238474,304.97605421832463,1193.1630099500876,64.32812613690714,373.19430082836766,1205.7313698541932,0.31277729674504334,0.21122547268553346,0.06537786489336482,0.24413908901445075,1.9138899887323089,3.0623148796690063
vdw,,328.9233214199405,3.4140201144371347,762.5389525731663,0.3111198396793587,1.9444989979959917,306.8900960133343,1195.0763667307474,64.92187160852632,370.14056142781294,1189.7041404022361,0.30972126278454487,0.2146788068355648,0.06679083596523694,0.24432900371412175,1.9336596818524012,3.0736935321113386
vdw,,328.9233214199405,3.4140201144371347,762.5389525731663,0.3127227254509018,1.9545170340681361,308.8071844850992,1196.9646728123184,65.51087026521594,367.19248650347606,1174.179094192904,0.3067696940802288,0.21810868187748528,0.06820754144123091,0.24451518400967087,1.9532504991882726,3.0850327105691875
vdw,,328.9233214199405,3.4140201144371347,762.5389525731663,0.31432561122244485,1.9645350701402802,310.72728011118494,1198.8287101204708,66.09528694844721,364.3467010862239,1159.1378114854906,0.3039188985135421,0.22151629005251716,0.06962824326648584,0.244697367955959,1.9726712792583616,3.0963275842630282
vdw,,328.9233214199405,3.4140201144371347,762.5389525731663,0.31592849699398795,1.9745531062124246,312.65034459932923,1200.669231679501,66.67528115210183,361.5999156906697,1144.5625169341747,0.301165305273012,0.2249006865958899,0.07105253588915543,0.2448759611048325,1.9919214782405052,3.1075823811570764
vdw,,328.9233214199405,3.4140201144371347,762.5389525731663,0.317531382765531,1.9845711422845687,314.57634084193666,1202.4869626702884,67.2510071722835,358.9489287270874,1130.4360709194518,0.29850546398440087,0.2282615488325498,0.07248020523300132,0.2450511775325297,2.0110031085334312,3.1187988024796223
vdw,,328.9233214199405,3.4140201144371347,762.5389525731663,0.3191342685370741,1.9945891783567131,316.5052328722565,1204.282601467025,67.82261425884724,356.39062802938,1116.7419583709727,0.29593604324702066,0.23159960218396397,0.0739113696364567,0.2452228989006174,2.0299224526074644,3.129974122132814
vdw,,328.9233214199405,3.4140201144371347,762.5389525731663,0.3207371543086172,2.0046072144288574,318.4369858222076,1206.0568206477708,68.39024676685676,353.92199163195653,1103.464275583765,0.2934538286860031,0.23491500413389993,0.07534596993030411,0.2453911843783131,2.048683203029741,3.141108058637792
vdw,,328.9233214199405,3.4140201144371347,762.5389525731663,0.3223400400801603,2.014625250501002,320.3715658818082,1207.8102679765022,68.95404430696675,351.54008789151953,1090.5877153955112,0.2910557205979629,0.2382066859416555,0.0767835526937954,0.24555648738636493,2.067283811776716,3.152205689056893
vdw,,328.9233214199405,3.4140201144371347,762.5389525731663,0.3239429258517034,2.0246432865731463,322.3089402601563,1209.5435673580675,69.514141894923,349.24207516550854,1078.0975514353004,0.28873873136156375,0.24147577344400747,0.07822436857175485,0.24571855727994857,2.085731752846922,3.1632626521688234
vdw,,328.9233214199405,3.4140201144371347,762.5389525731663,0.3255458116232465,2.0346613226452903,324.24907714792266,1211.257319766509,70.0706701000637,347.0252010120156,1065.979621367782,0.28649998257918535,0.24472197750299707,0.07966821478825904,0.24587759683498744,2.1040284679600463,3.174280738710651
vdw,,328.9233214199405,3.4140201144371347,762.5389525731663,0.3271486973947896,2.044679358717435,326.1919456812972,1212.9521041375144,70.6237551895598,344.8868011548312,1054.2203099119663,0.2843367021487361,0.24794486832572288,0.08111484069848286,0.24603385669630673,2.12217473456996,3.1852624229806277
vdw,,328.9233214199405,3.4140201144371347,762.5389525731663,0.32875158316633263,2.054697394789579,328.1375159073654,1214.6284782325831,71.1735192705097,342.82429794029844,1042.806530810973,0.28224622103307273,0.25114478691545095,0.08256424630242576,0.24618733686390687,2.1401743878934623,3.196206845380154
vdw,,328.9233214199405,3.4140201144371347,762.5389525731663,0.33035446893787573,2.0647154308617233,330.08575875082727,1216.2869794777962,71.72008043061305,340.8351988313631,1031.7257094392698,0.28022597017169265,0.25432206765723187,0.08401643160008733,0.24633803733778842,2.158031104633314,3.207113186245422
vdw,,328.9233214199405,3.4140201144371347,762.5389525731663,0.33195735470941884,2.0747334669338677,332.0366459820468,1217.9281257647353,72.2635528730151,338.91709452230435,1020.9657647711338,0.27827347718856466,0.25747628342640627,0.0854711459466424,0.24648620876277644,2.1757453745591313,3.217984030867396
vdw,,328.9233214199405,3.4140201144371347,762.5389525731663,0.3335602404809619,2.0847515030060118,333.9901501863662,1219.552416226165,72.80404704917152,337.06765695322343,1010.5150915684801,0.27638636311857756,0.2606080537493074,0.08692848507989442,0.24663175540106747,2.1933218194812,3.2288173444237476
vdw,,328.9233214199405,3.4140201144371347,762.5389525731663,0.335163126252505,2.094769539078156,335.9462447346241,1221.160331983341,73.34166978845934,335.28463738621866,1000.3625432638497,0.2745623392807625,0.26371755783287165,0.08838840113094105,0.24677472512156395,2.2107631731937865,3.2396130568505708
vdw,,328.9233214199405,3.4140201144371347,762.5389525731663,0.33676601202404804,2.1047875751503002,337.9049037548719,1222.7523368585537,73.87652442206866,333.5658641056389,990.4974142159554,0.2727992039357888,0.2668040850593234,0.08985054771715324,0.24691546430689482,2.228068545411156,3.25037513304389
vdw,,328.9233214199405,3.4140201144371347,762.5389525731663,0.33836889779559115,2.1148056112224447,339.866102105191,1224.3288780698322,74.40871090661085,331.9092403829505,980.9094232515929,0.27109483924467176,0.269868669307201,0.09131516418304048,0.24705373361255067,2.2452439099669297,3.2610997104420583
vdw,,328.9233214199405,3.4140201144371347,762.5389525731663,0.33997178356713426,2.124823647294589,341.8298153476165,1225.8903868853793,74.93832593961014,330.3127421079409,971.5886966916888,0.26944720803885797,0.27291060208722306,0.0927819041459737,0.24718987942116055,2.2622882435466978,3.2717908089787944
vdw,,328.9233214199405,3.4140201144371347,762.5389525731663,0.3415746693386773,2.134841683366733,343.79601972307694,1227.4372792658457,75.46546307612005,328.77441570321815,962.5257526846423,0.2678543508959289,0.2759309360768953,0.09425101825077721,0.2473236510879001,2.2792073993707134,3.282444476955038
vdw,,328.9233214199405,3.4140201144371347,762.5389525731663,0.3431775551102204,2.1448597194388777,345.7646921273552,1228.9699564659,75.99021283652633,327.29237574591,953.7114851255104,0.2663143830522039,0.27892896458242594,0.0957221601148222,0.2474553949953982,2.296000234743784,3.2930647840001783
vdw,,328.9233214199405,3.4140201144371347,762.5389525731663,0.34478044088176346,2.1548777555110217,347.73581008797737,1230.488805624743,76.51266281539608,325.86480293746973,945.1371490334031,0.26482549166469,0.2819051047620962,0.09719536630669524,0.24758507457506823,2.312669956690312,3.3036506969299326
vdw,,328.9233214199405,3.4140201144371347,762.5389525731663,0.34638332665330657,2.164895791583166,349.7093517420501,1231.9942003238853,77.03289778371743,324.4899417376213,936.7943453652482,0.26338593286584827,0.28485983130005554,0.09867069599561294,0.2477126306576936,2.3292199101754525,3.314200908415625
vdw,,328.9233214199405,3.4140201144371347,762.5389525731663,0.34798621242484973,2.1749138276553106,351.68529581495534,1233.4865011224422,77.55099978782346,323.16609829184034,928.6750070927898,0.261994029118087,0.28779285738879684,0.10014794640565235,0.2478382660191974,2.34565042170427,3.324717633709662
vdw,,328.9233214199405,3.4140201144371347,762.5389525731663,0.3495890981963927,2.1849318637274546,353.6636215998975,1234.9660560751186,78.06704824655895,321.8916382801372,920.7713854374956,0.2606481665602619,0.2907042076635834,0.101627021799009,0.2479620763973837,2.361962978743714,3.335201676967672
vdw,,328.9233214199405,3.4140201144371347,762.5389525731663,0.3511919839679359,2.194949899799599,355.6443089382557,1236.433201223295,78.5811200431794,320.66498485944743,913.0760367489606,0.25934679248518216,0.29359458783034936,0.10310806578238879,0.2480839181855471,2.3781616228400813,3.345650673177596
vdw,,328.9233214199405,3.4140201144371347,762.5389525731663,0.3527948697394789,2.204967935871743,357.6273382007088,1237.8882610687958,79.09328961508709,319.4846166339156,905.5818098200771,0.25808841288960266,0.2964638446301827,0.10459092344877041,0.24820394629070847,2.3942470350974188,3.356066259025164
vdw,,328.9233214199405,3.4140201144371347,762.5389525731663,0.35439775551102204,2.2149859719438876,359.612690269107,1239.331549026053,79.6036290397243,318.34906566273565,898.2818336523995,0.25687159010267674,0.2993119945339239,0.10607549906034992,0.24832225645067213,2.410220505666308,3.3664492989798056
vdw,,328.9233214199405,3.4140201144371347,762.5389525731663,0.35600064128256514,2.225004008016032,361.6003465190498,1240.7633678560958,80.11220811763553,317.2569155306088,891.1695057279275,0.2556949405097237,0.30213948884707087,0.10756185178634367,0.24843878949622147,2.4260849272900415,3.376798615446459
vdw,,328.9233214199405,3.4140201144371347,762.5389525731663,0.3576035270541082,2.235022044088176,363.59028880314713,1242.1840100807653,80.61909445195045,316.2067994736619,884.2384807513862,0.25455713236326594,0.3049460066819024,0.10904976755051395,0.24855375950359426,2.441840216630557,3.3871166808082425
vdw,,328.9233214199405,3.4140201144371347,762.5389525731663,0.3592064128256513,2.2450400801603205,365.5824994349281,1243.5937583845473,81.12435352675487,315.1973985947696,877.4826599428155,0.2534568837047053,0.30773226009618593,0.11053940125988126,0.24866701156577004,2.4574901517112893,3.3974010822474785
vdw,,328.9233214199405,3.4140201144371347,762.5389525731663,0.36080929859719435,2.2550581162324645,367.57696117337866,1244.9928859913541,81.62804877965857,314.22744005943366,870.8961805616755,0.25239296030934577,0.3104980898302594,0.11203059800742454,0.2487787005897698,2.4730351741830265,3.4076535381156368
vdw,,328.9233214199405,3.4140201144371347,762.5389525731663,0.36241218436873746,2.265076152304609,369.5736572080768,1246.3816570310137,82.13024167365944,313.2956954234513,864.4734060725938,0.25136417377141773,0.31324393014020646,0.11352341696236042,0.24888876740637705,2.488477916074741,3.4178729425062198
vdw,,328.9233214199405,3.4140201144371347,762.5389525731663,0.36401507014028056,2.2750941883767535,371.57257114489676,1247.7603268902915,82.6309917663321,312.40097898455514,858.2089166367895,0.25036937964130573,0.315969751038729,0.11501775108656992,0.24899731905371064,2.503819227864064,3.4280604077476737
vdw,,328.9233214199405,3.4140201144371347,762.5389525731663,0.3656179559118236,2.2851122244488975,373.57368699226646,1249.1291425466054,83.13035677551233,311.54214618202224,852.0974999848123,0.24940747563288757,0.31867539213837665,0.11651344547303209,0.2491045104387915,2.5190594466999494,3.438217689675273
vdw,,328.9233214199405,3.4140201144371347,762.5389525731663,0.3672208416833667,2.295130260521042,375.5769891479459,1250.4883428892215,83.62839264307252,310.7180921086544,846.1341428343237,0.24847739994980533,0.32136157029680823,0.11801066632908234,0.24921017535428436,2.5342021334908864,3.4483423122935823
vdw,,328.9233214199405,3.4140201144371347,762.5389525731663,0.36882372745490977,2.305148296593186,377.582462386316,1251.8381590276674,84.12515359656038,309.92774996386447,840.3140223719864,0.24757812959192166,0.32402821841470925,0.11950929531628669,0.2493144321386231,2.5492478968295353,3.4584355760331205
vdw,,328.9233214199405,3.4140201144371347,762.5389525731663,0.37042661322645287,2.3151663326653305,379.59009184614683,1253.1788145851863,84.62069220778466,309.1700896290974,834.6324982867591,0.24670867878614397,0.32667559001941476,0.12100933243464504,0.24941728079180783,2.5641985012600164,3.4684972302928436
vdw,,328.9233214199405,3.4140201144371347,762.5389525731663,0.372029498997996,2.325184368737475,381.59986301881986,1254.5105259811673,85.11505944966626,308.44411637435314,829.0851053615365,0.24586809754594557,0.32930357863483894,0.1225106453777663,0.24951885362022969,2.579054354682544,3.4785287799784275
vdw,,328.9233214199405,3.4140201144371347,762.5389525731663,0.373632384769539,2.335202404809619,383.61176173700744,1255.833502701308,85.60830475076557,307.74886945034325,823.6675459493867,0.2450554701625438,0.3319127878289618,0.12401336645204102,0.249619018317498,2.593818442508973,3.4885282563653885
vdw,,328.9233214199405,3.4140201144371347,762.5389525731663,0.37523527054108213,2.3452204408817634,385.6257741637666,1257.1479475590181,86.10047604870772,307.08342086252463,818.3756831273248,0.2442699138623923,0.33450294797945795,0.12551730418186144,0.2497179663592207,2.608490517285503,3.4984979642722767
vdw,,328.9233214199405,3.4140201144371347,762.5389525731663,0.3768381563126252,2.3552384769539074,387.6418867820419,1258.4540569408132,86.59161983967755,306.4468741269245,813.2055339764904,0.24351057747143257,0.33707414514742684,0.12702239939801055,0.24981575691461463,2.623071614446068,3.508438474172186
vdw,,328.9233214199405,3.4140201144371347,762.5389525731663,0.3784410420841683,2.365256513026052,389.6600863845626,1259.7520210460114,87.08178122772705,305.8383630744008,808.1532631610816,0.24277664013624972,0.339627029615152,0.12852880700750882,0.24991223507665947,2.637564792155308,3.5183475582332626
vdw,,328.9233214199405,3.4140201144371347,762.5389525731663,0.38004392785571145,2.3752745490981964,391.68036006410097,1261.0420241149568,87.57100397166403,305.2570508147263,803.2151770903207,0.24206731019052782,0.34216158117890577,0.1300364312725522,0.25000749658315924,2.6519706372460927,3.5282262911979534
vdw,,328.9233214199405,3.4140201144371347,762.5389525731663,0.38164681362725444,2.3852925851703404,393.70269520411426,1262.324244648817,88.05933053053758,304.7021284330214,798.387717526228,0.2413818238259304,0.3446780308288321,0.13154527219314033,0.2501015414341141,2.6662906252458454,3.5380745008717973
vdw,,328.9233214199405,3.4140201144371347,762.5389525731663,0.3832496993987976,2.395310621242485,395.7270794696943,1263.5988556166249,88.54680210604187,304.1728142149303,793.6674567314341,0.24071944419931968,0.3471763263999368,0.1330552227311546,0.250194476667643,2.6805251855613896,3.5478934246490215
vdw,,328.9233214199405,3.4140201144371347,762.5389525731663,0.3848525851703406,2.405328657314629,397.7535007988802,1264.866024660347,89.03345868578612,303.66835242139075,789.0510915679138,0.24007946019653303,0.34965669472386146,0.13456628288659467,0.25028630228374593,2.694675734333297,3.5576829065191915
vdw,,328.9233214199405,3.4140201144371347,762.5389525731663,0.38645547094188376,2.4153466933867733,399.7819473942661,1266.1259142847741,89.51933908237942,303.1880124491568,784.5354387407575,0.239461185517576,0.3521192350024268,0.1360784047905587,0.25037706615132505,2.708743205769594,3.5674434245342916
vdw,,328.9233214199405,3.4140201144371347,762.5389525731663,0.38805835671342687,2.425364729458918,401.81240771492315,1267.378682044912,90.00448097305411,302.73108782824136,780.117429739574,0.23886395764507068,0.3545641681533349,0.1375915884430463,0.25046676827038056,2.7227289499368688,3.5771748396912484
vdw,,328.9233214199405,3.4140201144371347,762.5389525731663,0.3896612424849699,2.435382765531062,403.8448704685992,1268.6244807211158,90.48892093604053,302.29689545271157,775.7941065036043,0.23828713701069285,0.35699171145927583,0.13910583384405728,0.25055540864091264,2.73663428134165,3.586877021935724
vdw,,328.9233214199405,3.4140201144371347,762.5389525731663,0.391264128256513,2.4454008016032063,405.8793246042333,1269.8634584956321,90.9726944888609,301.8847743703123,771.5626160658317,0.2377301058240906,0.3594020786423854,0.14062114099359166,0.25064298726292134,2.750460480228899,3.5965498498309136
vdw,,328.9233214199405,3.4140201144371347,762.5389525731663,0.39286701402805607,2.4554188376753503,407.9157593046705,1271.0957591076863,91.45583611969147,301.4940854821859,767.4202076447556,0.23719226763358553,0.3617953293281114,0.1421374507224323,0.2507295633056238,2.7642082590470847,3.606193978757417
vdw,,328.9233214199405,3.4140201144371347,762.5389525731663,0.3944698997995992,2.4654368737474948,409.9541639797029,1272.3215220172206,91.9383793233036,301.12421040098064,763.3642276735422,0.23667304623092353,0.3641717294632349,0.143654785631209,0.2508151141683902,2.7778790461823184,3.6158090078601557
vdw,,328.9233214199405,3.4140201144371347,762.5389525731663,0.3960727855711423,2.4754549098196392,411.9945282593266,1273.540882553647,92.42035663242729,300.774550708703,759.3921159591463,0.23617188488335245,0.3665310354583689,0.1451729682122713,0.250899817358871,2.791472447809361,3.625397138729949
vdw,,328.9233214199405,3.4140201144371347,762.5389525731663,0.39767567134268533,2.4854729458917832,414.0368419872253,1274.7539720597042,92.90179964837233,300.4445273951457,755.5014023883962,0.23568824571669908,0.3688739923329342,0.1466922125418562,0.2509834588008292,2.804991553005843,3.634955500765985
vdw,,328.9233214199405,3.4140201144371347,762.5389525731663,0.39927855711422844,2.4954909819639277,416.0810952145036,1275.9609180316916,93.38273907133652,300.133580055876,751.6897031112334,0.235221608917979,0.3712005572083805,0.14821242288215977,0.2510661342320687,2.8184366432856454,3.644485249143174
vdw,,328.9233214199405,3.4140201144371347,762.5389525731663,0.4008814428857715,2.5055090180360717,418.1272781936393,1277.1618442550691,93.86320472998574,299.8411660580877,747.9547167353552,0.23477147192177217,0.37351054029414654,0.14973344432616156,0.2511479985596099,2.831807474341452,3.653988304859133
vdw,,328.9233214199405,3.4140201144371347,762.5389525731663,0.4024843286573146,2.515527054108216,420.17538137261033,1278.3568709267656,94.34322560681426,299.5667602655546,744.2942220009102,0.23433734904430778,0.3758042305573368,0.15125531344244839,0.2512290152148662,2.845105475307844,3.6634641159285595
vdw,,328.9233214199405,3.4140201144371347,762.5389525731663,0.4040872144288577,2.5255450901803607,422.2253953892789,1279.5461147884323,94.82282986884616,299.3098539820202,740.7060735763905,0.23391877050989274,0.37808211473701825,0.15277814856945346,0.25130906585940427,2.858332749018818,3.6729110847425908
vdw,,328.9233214199405,3.4140201144371347,762.5389525731663,0.40569010020040075,2.5355631262525047,424.27731106590903,1280.7296892330157,95.30204488866121,299.0699547868441,737.1882001535434,0.2335152821872558,0.380344307259031,0.1543019201225683,0.2513881800778325,2.871490074877946,3.682329531134419
vdw,,328.9233214199405,3.4140201144371347,762.5389525731663,0.40729298597194386,2.545581162324649,426.3311194039282,1281.9077044278372,95.78089727292564,298.8465855986733,733.7386006918841,0.23312644472486385,0.38259037799315987,0.15582637745696876,0.2514666085149751,2.8845763216690736,3.6917226223298805
vdw,,328.9233214199405,3.4140201144371347,762.5389525731663,0.4088958717434869,2.555599198396793,428.38681157882525,1283.0802674217798,96.25941288546971,298.6392843043919,730.3553421339934,0.23275183313704711,0.3848206783182233,0.15735158672584987,0.25154428501763704,2.8975930798354446,3.701089446950385
vdw,,328.9233214199405,3.4140201144371347,762.5389525731663,0.41049875751503,2.5656172344689376,430.4443789352366,1284.2474822474458,96.73761686914543,298.44760325335227,727.0365568461553,0.23239103629081367,0.3870361476975611,0.15887785774325247,0.25162089977177754,2.910543964487579,3.7104259758226164
vdw,,328.9233214199405,3.4140201144371347,762.5389525731663,0.41210164328657317,2.575635270541082,432.50381298219844,1285.409450025565,97.2155336694272,298.2711087216032,723.7804400459212,0.2320436563739834,0.38923574276548994,0.1604046892195283,0.25169695406704484,2.923425684410388,3.719738600216274
vdw,,328.9233214199405,3.4140201144371347,762.5389525731663,0.41370452905811617,2.585653306613226,434.5651053885769,1286.566269064607,97.6931870568539,298.1093801277449,720.5852466891105,0.23170930817616114,0.3914204853062095,0.16193242753730466,0.25177210152081153,2.9362421136374715,3.729022833629441
vdw,,328.9233214199405,3.4140201144371347,762.5389525731663,0.4153074148296593,2.5956713426853706,436.62824797858593,1287.7180349470686,98.17060014481001,297.962010230093,717.449290791747,0.23138761914003994,0.39358994377406475,0.1634608220517578,0.25184659277790156,2.9489920725789682,3.7382818504689745
vdw,,328.9233214199405,3.4140201144371347,762.5389525731663,0.4169103006012023,2.6056893787575146,438.69323272754053,1288.8648406255475,98.64779541197714,297.82860406119175,714.3709417390511,0.2310782284328909,0.3957448956521067,0.16499012340771124,0.2519201771934911,2.961678554575582,3.7475124108602462
vdw,,328.9233214199405,3.4140201144371347,762.5389525731663,0.4185131863727455,2.615707414829659,440.7600517577035,1290.0067765131573,99.12479472325214,297.7087785634153,711.34862235443,0.23078078656928577,0.3978846799685489,0.1665199852225375,0.25199320115020796,2.9742995749530774,3.756718913086724
vdw,,328.9233214199405,3.4140201144371347,762.5389525731663,0.4201160721442886,2.6257254509018035,442.828697334242,1291.1439305531392,99.60161934268098,297.60216265532245,708.3808080380014,0.23049495537482537,0.4000102948243006,0.16805075387886403,0.25206531826542455,2.986858860540721,3.765896908669876
vdw,,328.9233214199405,3.4140201144371347,762.5389525731663,0.42171895791583164,2.6357434869739476,444.8991618613924,1292.2763883160228,100.07828995847535,297.5083961655542,705.4660232394203,0.2302204070703792,0.4021210804279487,0.16958208299406285,0.2521368749217688,2.9993544194592205,3.77505079454194
vdw,,328.9233214199405,3.4140201144371347,762.5389525731663,0.42332184368737474,2.645761523046092,446.97143787867833,1293.4042330607858,100.55482669366847,297.4271298914777,702.6028406677948,0.22995682423864433,0.4042176575468902,0.17111416404374144,0.25220767964363333,3.011788656026395,3.7841781106048726
vdw,,328.9233214199405,3.4140201144371347,762.5389525731663,0.4249247294589178,2.655779559118236,449.0455180572758,1294.5275458258304,101.03124912988199,297.3580252470449,699.7898795527593,0.22970389946963116,0.4063003262176762,0.1726470561971161,0.2522776732618017,3.0241628577787627,3.793278092507678
vdw,,328.9233214199405,3.4140201144371347,762.5389525731663,0.4265276152304609,2.6657975951903805,451.12139519651794,1295.6464054872351,101.50757631787121,297.3007536310446,697.0258032892135,0.22946133479932201,0.4083686556033424,0.17418050880936303,0.25234710642109787,3.0364758037529276,3.802353914894223
vdw,,328.9233214199405,3.4140201144371347,762.5389525731663,0.428130501002004,2.675815631262525,453.19906222049065,1296.7608888366226,101.98382679693657,297.25499613506696,694.3093179284499,0.22922884141096098,0.41042266855554604,0.17571446271126537,0.25241603829073866,3.048727823881614,3.811406314421527
vdw,,328.9233214199405,3.4140201144371347,762.5389525731663,0.42973338677354705,2.685833667334669,455.27851217472625,1297.8710706444176,102.46001860870894,297.22044338249475,691.6391710079498,0.22900613944258666,0.4124634690021668,0.17724932345466707,0.25248406331887996,3.060922923759566,3.8204301431054963
vdw,,328.9233214199405,3.4140201144371347,762.5389525731663,0.43133627254509016,2.6958517034068135,457.3597382230183,1298.9770237196212,102.93616930991823,297.196795195224,689.0141500078834,0.2287929576646405,0.41449051217261823,0.17878479252584248,0.25255148001924765,3.073059475196712,3.829429184822264
vdw,,328.9233214199405,3.4140201144371347,762.5389525731663,0.4329391583166332,2.7058697394789575,459.44273364434815,1300.0788189775483,103.41229598907415,297.1837600977378,686.433080466217,0.22858903303375022,0.4165039508690328,0.1803208699247914,0.2526182883918418,3.085138224763763,3.8384034381107246
vdw,,328.9233214199405,3.4140201144371347,762.5389525731663,0.4345420440881763,2.715887775551102,461.5274918298794,1301.1765255016378,103.88841528115336,297.18105523187444,683.8948250806569,0.2283941105664378,0.41850346899617763,0.18185735287559174,0.2526846912125846,3.097158321366262,3.8473554637245972
vdw,,328.9233214199405,3.4140201144371347,762.5389525731663,0.4361449298597194,2.7259058116232464,463.6140062800793,1302.2702105915318,104.36454337676633,297.18840582020505,681.398281795439,0.2282079428701765,0.4204903693982588,0.1833947426678911,0.2527501871918283,3.1091243971475055,3.856278938170324
vdw,,328.9233214199405,3.4140201144371347,762.5389525731663,0.43774781563126247,2.7359238476953904,465.70227060188824,1303.3599398302879,104.84069604011393,297.2055452742718,678.9423834032865,0.22803029016909274,0.422463645524664,0.18493253801204163,0.25281527761922085,3.1210332463450303,3.8651801939094335
vdw,,328.9233214199405,3.4140201144371347,762.5389525731663,0.4393507014028056,2.745941883767535,467.7922785060267,1304.445777125235,105.31688861587315,297.23221454217867,676.5260954247805,0.2278609197518545,0.42442401698115584,0.1864709895528671,0.2528797118499385,3.1328875066831037,3.8740560798309165
vdw,,328.9233214199405,3.4140201144371347,762.5389525731663,0.4409535871743486,2.755959919839679,469.88402380434513,1305.5277847692514,105.79313604543722,297.2681621110211,674.1484155190335,0.22769960592111219,0.42637105607943815,0.18800984664554363,0.252943740528805,3.144685929562135,3.8829097599263234
vdw,,328.9233214199405,3.4140201144371347,762.5389525731663,0.44255647294589173,2.7659779559118234,471.9775004072805,1306.6060234892363,106.26945287797292,297.313143605158,671.8083719939362,0.22754612963684018,0.42830604039745596,0.18954961057971872,0.253006862366173,3.1564330134146155,3.891734949573475
vdw,,328.9233214199405,3.4140201144371347,762.5389525731663,0.44415935871743484,2.775995991983968,474.072702321373,1307.6805524874665,106.74585327872097,297.3669216773339,669.5050230079981,0.2274002783873197,0.4302274075068813,0.19108952942092092,0.2530698292965139,3.168123677709376,3.900541105637924
vdw,,328.9233214199405,3.4140201144371347,762.5389525731663,0.4457622444889779,2.786014028056112,476.1696236468798,1308.751429492822,107.22235104199876,297.42926559546316,667.2374551066707,0.22726184582715253,0.43213699115422605,0.1926303551036214,0.25313188938535647,3.179764274438601,3.909318813057894
vdw,,328.9233214199405,3.4140201144371347,762.5389525731663,0.44736513026052105,2.7960320641282563,478.2682585754232,1309.8187108104269,107.69895960395121,297.4999513985016,665.0047830622244,0.22713063185242546,0.4340337974600249,0.19417158633817266,0.2531935439223484,3.1913516335868923,3.9180743770940767
vdw,,328.9233214199405,3.4140201144371347,762.5389525731663,0.44896801603206404,2.8060501002004004,480.3686013877653,1310.8824513518614,108.17569204692865,297.578761217099,662.8061478567479,0.2270064420423187,0.43591796327557797,0.1957132231245744,0.25325479290748965,3.2028863876810094,3.9268078137663482
vdw,,328.9233214199405,3.4140201144371347,762.5389525731663,0.4505709018036072,2.816068136272545,482.47064645159963,1311.94270468372,108.65256111240757,297.66548343300826,660.6407165697383,0.2268890877401302,0.437790179787574,0.19725551610765055,0.2533153856959567,3.214371019103767,3.9355160128961955
vdw,,328.9233214199405,3.4140201144371347,762.5389525731663,0.4521737875751503,2.8260861723446893,484.5743882194381,1312.9995230811576,109.12957921653492,297.7599122523975,658.5076809719105,0.2267783856871917,0.4396502314883541,0.19879831038038068,0.2533754771947696,3.2258049647503393,3.9442009362737656
vdw,,328.9233214199405,3.4140201144371347,762.5389525731663,0.45377667334669336,2.8361042084168333,486.679821226546,1314.0529575366231,109.60675844580658,297.86184764199584,656.4062569483913,0.22667415794290338,0.441498377680857,0.2003416651119813,0.2534350082347121,3.2371892475000843,3.9528618730626555
vdw,,328.9233214199405,3.4140201144371347,762.5389525731663,0.45537955911823647,2.8461222444889778,488.78694008894314,1315.103057827925,110.08411057978202,297.9710951680446,654.3356837206613,0.22657623172147828,0.4433344039120869,0.2018854253954323,0.25349413372280416,3.2485233030938447,3.961500780583738
vdw,,328.9233214199405,3.4140201144371347,762.5389525731663,0.4569824448897795,2.856140280561122,490.8957395014698,1316.1498725324038,110.56164708975979,298.08746572483983,652.2952228432673,0.22648443915531424,0.44515864721587417,0.20342968696853703,0.2535527579212425,3.259808405136151,3.970116494909747
vdw,,328.9233214199405,3.4140201144371347,762.5389525731663,0.4585853306613226,2.8661583166332663,493.00621423590314,1317.1934490744118,111.03937915281404,298.21077541582974,650.2841575542378,0.22639861717000007,0.4469715689394671,0.2049746047383157,0.25361072592300693,3.271046233176171,3.9787071246383108
vdw,,328.9233214199405,3.4140201144371347,762.5389525731663,0.4601882164328657,2.8761763527054107,495.11835913913103,1318.2338337528668,111.5173176570596,298.3408453433086,648.3017919404547,0.22631860729440165,0.448772638708298,0.20651988019104248,0.2536683362418233,3.2822351604806714,3.9872764103062703
vdw,,328.9233214199405,3.4140201144371347,762.5389525731663,0.4617911022044088,2.8861943887775547,497.23216913137264,1319.2710717794866,111.99547321206819,298.47750158099745,646.3474505164423,0.226244255608818,0.45056218725587804,0.20806560906452115,0.2537254931398876,3.2933764251317292,3.9958231948849017
vdw,,328.9233214199405,3.4140201144371347,762.5389525731663,0.4633939879759519,2.896212424849699,499.347639204449,1320.3052073059687,112.47385615447968,298.6205750928004,644.4204776957475,0.22617541265486943,0.4523402308377115,0.2096117434898498,0.2537822444861021,3.304470214762608,4.00434810472106
vdw,,328.9233214199405,3.4140201144371347,762.5389525731663,0.46499687374749493,2.9062304609218432,501.4647644201498,1321.336283457758,112.95247655684159,298.7699009773147,642.5202358232506,0.2261119328347469,0.45410709431886637,0.2111583792048317,0.2538384945426633,3.3155177371203886,4.012849990330858
vdw,,328.9233214199405,3.4140201144371347,762.5389525731663,0.46659975951903804,2.9162484969939877,503.5835399085657,1322.3643423575656,113.43134423202531,298.925319017522,640.6461060452505,0.22605367480235108,0.45586301972794907,0.21270557537868354,0.2538941841403545,3.326519918978457,4.021328160222077
vdw,,328.9233214199405,3.4140201144371347,762.5389525731663,0.46820264529058114,2.926266533066132,505.7039608665182,1323.3894251590225,113.91046874251776,299.08667342663523,638.7974874448066,0.22600050124376359,0.45760745769471883,0.21425302219736506,0.2539496230932161,3.3374750643081454,4.029786477388902
vdw,,328.9233214199405,3.4140201144371347,762.5389525731663,0.4698055310621242,2.936284569138276,507.8260225560412,1324.4115720732898,114.38985940667345,299.25381248119925,636.9737959547942,0.2259522785751069,0.4593408555238146,0.21580087456789618,0.254004656494228,3.3483847752378963,4.038223065182692
vdw,,328.9233214199405,3.4140201144371347,762.5389525731663,0.4714084168336673,2.9463026052104206,509.9497203028796,1325.4308223966596,114.86952530567538,299.4265885840365,635.1744642049673,0.22590887696621528,0.4610638575250355,0.21734938313510052,0.25405903369856675,3.3592512962253886,4.046634878475543
vdw,,328.9233214199405,3.4140201144371347,762.5389525731663,0.47301130260521035,2.9563206412825647,512.0750494950564,1326.4472145341176,115.34947528877944,299.6048579097644,633.3989404896394,0.22587017005044813,0.4627757119999166,0.2188981423471342,0.2541131602580762,3.37007225797435,4.0550269520897055
vdw,,328.9233214199405,3.4140201144371347,762.5389525731663,0.47461418837675345,2.966338677354709,514.2020055814526,1327.4607860249498,115.82971797974619,299.7884805118236,631.6466887286743,0.22583603498340102,0.46447718466234317,0.22044746201803744,0.254166726358716,3.380850297967334,4.06339551722781
vdw,,328.9233214199405,3.4140201144371347,762.5389525731663,0.47621707414829656,2.9763567134268536,516.330584070433,1328.4715735687817,116.31026178367563,299.97732031441944,629.9171881875972,0.2258063524148777,0.4661677297707285,0.2219970323337701,0.25422004181452645,3.39158372564632,4.071744422121268
vdw,,328.9233214199405,3.4140201144371347,762.5389525731663,0.4778199599198396,2.9863747494989976,518.4607805285461,1329.479613047904,116.79111489224726,300.1712445190232,628.2099319781048,0.22578100602149467,0.4678479818563007,0.22354710393915547,0.25427285598068416,3.402274736650412,4.080070633239476
vdw,,328.9233214199405,3.4140201144371347,762.5389525731663,0.4794228456913827,2.996392785571142,520.5925905792078,1330.4849395499796,117.27228528937076,300.3701238869625,626.524427416041,0.22575988270003197,0.4695176447713297,0.22509748535858665,0.25432536033279607,3.412922459436948,4.088376542067203
vdw,,328.9233214199405,3.4140201144371347,762.5389525731663,0.48102573146292577,3.006410821643286,522.7260099014348,1331.4875873874164,117.75378075540345,300.5738328062716,624.860195923714,0.22574287259864262,0.47117722242918925,0.22664836806767044,0.2543773633952553,3.423528650619705,4.096659849321905
vdw,,328.9233214199405,3.4140201144371347,762.5389525731663,0.4826286172344689,3.0164288577154306,524.8610342286521,1332.487590121343,118.23560887370138,300.7822487330041,623.2167716380546,0.22572986867788644,0.4728266169466289,0.22819965632860342,0.25442896090586553,3.4340930855577527,4.104921774159809
vdw,,328.9233214199405,3.4140201144371347,762.5389525731663,0.48423150300601203,3.026446893787575,526.9976593474967,1333.4849805783388,118.71777703389512,300.995252204896,621.5937012283956,0.22572076670436358,0.474465929447248,0.22975135014138537,0.25448015286462666,3.4446161913323214,4.113162363678766
vdw,,328.9233214199405,3.4140201144371347,762.5389525731663,0.4858343887775551,3.036464929859719,529.1358810966385,1334.4797908841606,119.20029244356715,301.21272712818995,619.990544280108,0.22571546544636786,0.476094940872745,0.2313032945989963,0.2545310941785588,3.4550973439947112,4.1213835535152805
vdw,,328.9233214199405,3.4140201144371347,762.5389525731663,0.4874372745490982,3.0464829659318635,531.2756953656946,1335.4720524628037,119.68316212326476,301.4345600093333,618.4068715060293,0.22571386608461358,0.4777140706439785,0.23285564460845623,0.25458162994064193,3.465538009340726,4.129583500670716
vdw,,328.9233214199405,3.4140201144371347,762.5389525731663,0.48904016032064124,3.0565010020040075,533.4170980940884,1336.461796068907,120.16639291786203,301.66064068255207,616.8422660518657,0.22571587273939453,0.4793236116924988,0.2344084959075684,0.25463166441307283,3.4759392336943806,4.13776109044116
vdw,,328.9233214199405,3.4140201144371347,762.5389525731663,0.49064304609218434,3.066519038076152,535.5600852700223,1337.4490517985894,120.64999149754124,301.89086158718817,615.2963218202169,0.22572139191486065,0.48092295201789625,0.23596150211370603,0.2546815439784783,3.486299103102394,4.145920584389991
vdw,,328.9233214199405,3.4140201144371347,762.5389525731663,0.49224593186372745,3.0765370741482965,537.7046529294273,1338.4338491131261,121.13396436521907,302.12511793109024,613.7686436273689,0.22573033260574257,0.48251270045527905,0.23751491387169243,0.254731017992035,3.4966196931521454,4.154058982303069
vdw,,328.9233214199405,3.4140201144371347,762.5389525731663,0.4938488176352705,3.0865551102204405,539.8507971549553,1339.4162168512794,121.61831785855611,302.3633075939041,612.2588468303531,0.22574260621146167,0.48409295040185835,0.23906873118152738,0.2547800864537431,3.5069013908717084,4.1621763357484785
vdw,,328.9233214199405,3.4140201144371347,762.5389525731663,0.4954517034068136,3.096573146292585,541.9985140749964,1340.3961832489435,122.10305815568415,302.60533105704826,610.7665570151045,0.22575812646942403,0.48566398727958304,0.24062304978101448,0.2548286536257991,3.5171452068711853,4.17027153761706
vdw,,328.9233214199405,3.4140201144371347,762.5389525731663,0.49705458917835665,3.106591182364729,544.1477998627367,1341.37377595038,122.58819127690037,302.85109110240296,609.2914092253392,0.225776809217721,0.48722529965321093,0.2421775711564285,0.2548770180219282,3.527349552923889,4.178348255305772
vdw,,328.9233214199405,3.4140201144371347,762.5389525731663,0.49865747494989976,3.1166092184368734,546.2986507351864,1342.3490220299695,123.07372309174559,303.10049347007924,607.8330491296292,0.2257985728716925,0.48877698129814895,0.24373229530776933,0.25492517964213046,3.537514813900545,4.186406534462401
vdw,,328.9233214199405,3.4140201144371347,762.5389525731663,0.5002603607214429,3.126627254509018,548.4510629523324,1343.321948008339,123.5596593233505,303.35344569778107,606.3911305311188,0.2258233375458092,0.4903200311574638,0.24528767565578194,0.25497268506566095,3.5476443157678816,4.1944409479554565
vdw,,328.9233214199405,3.4140201144371347,762.5389525731663,0.501863246492986,3.1366452905811624,550.6050328162041,1344.2925798541705,124.04600554584147,303.60985801999664,604.9653170293271,0.22585102571415844,0.49185303365195976,0.2468429602659964,0.2550202862269896,3.5577335286253926,4.202460627007806
vdw,,328.9233214199405,3.4140201144371347,762.5389525731663,0.5034661322645291,3.146663326653307,552.7605566700503,1345.2609430122193,124.53276719484484,303.86964265152767,603.5552804411276,0.22588156166276774,0.493377768417942,0.24839899681068578,0.2550671354538433,3.56778830931907,4.210455396418097
vdw,,328.9233214199405,3.4140201144371347,762.5389525731663,0.5050690180360721,3.1566813627254504,554.9176308974756,1346.2270624082075,125.01994956662361,304.1327141664472,602.1607014206642,0.22591487176197256,0.4948928253950601,0.24995503335538027,0.2551139846806918,3.5778041477594478,4.2184343731366605
vdw,,328.9233214199405,3.4140201144371347,762.5389525731663,0.5066719038076152,3.166699398797595,557.0762519216397,1347.1909624679224,125.50755782439603,304.39898921097404,600.7812687528757,0.2259508842408984,0.4963994025894173,0.25151163035894286,0.2551602734486723,3.5877850021711186,4.226390860319295
vdw,,328.9233214199405,3.4140201144371347,762.5389525731663,0.5082747895791583,3.1767174348697393,559.2364162044623,1348.1526671280767,125.99559700064185,304.6683864012244,599.4166790241238,0.22598952910151412,0.49789666591539905,0.2530683231003139,0.2552064664788444,3.597728234538498,4.234330500775617
vdw,,328.9233214199405,3.4140201144371347,762.5389525731663,0.5098776753507014,3.186735470941884,561.3981202458463,1349.1121998447577,126.48407199826966,304.9408263439865,598.0666365403107,0.22603073812472826,0.49938531083636484,0.2546254213935331,0.2552522539571683,3.6076361661089407,4.2422496228621895
vdw,,328.9233214199405,3.4140201144371347,762.5389525731663,0.5114805611222445,3.196753507014028,563.5613605829128,1350.069583612149,126.97298759710418,305.2162317426839,596.7308534130915,0.2260744449379189,0.5008652311999965,0.2561828295007969,0.2552977316214476,3.617508517126299,4.250149430900738
vdw,,328.9233214199405,3.4140201144371347,762.5389525731663,0.5130834468937875,3.206771543086172,565.7261337892706,1351.0248409734138,127.46234845649963,305.4945272475345,595.409049145907,0.22612058489422415,0.5023365800457142,0.25774058399069205,0.25534286290309544,3.6273458460715347,4.258029540854262
vdw,,328.9233214199405,3.4140201144371347,762.5389525731663,0.5146863326653306,3.2167895791583163,567.8924364743116,1351.977994025138,127.952159114717,305.7756392052002,594.1009500324689,0.22616909487915435,0.503799552417961,0.25929874403243536,0.25538758863289523,3.637148845053111,4.2658893005039005
vdw,,328.9233214199405,3.4140201144371347,762.5389525731663,0.5162892184368737,3.2268076152304603,570.0602652825085,1352.9290644368862,128.44242399614222,306.0594956553378,592.8062890446732,0.22621991329806,0.5052534408213258,0.26085690407418355,0.25543231436269015,3.646915288527035,4.273733613268638
vdw,,328.9233214199405,3.4140201144371347,762.5389525731663,0.5178921042084168,3.236825651302605,572.2296168927355,1353.8780734579173,128.93314741202278,306.34602621456315,591.5248055052012,0.22627297998270252,0.5066991126826965,0.2624154696677794,0.2554766345406374,3.6566480396765035,4.281557682002911
vdw,,328.9233214199405,3.4140201144371347,762.5389525731663,0.5194949899799599,3.2468436873747493,574.4004880175609,1354.8250419232306,129.4243335609466,306.63516284828444,590.2562464752802,0.22632823675373098,0.5081366440577344,0.2639744408132232,0.2555205491667367,3.666347400975357,4.289361565168519
vdw,,328.9233214199405,3.4140201144371347,762.5389525731663,0.521097875751503,3.2568617234468937,576.5728754026626,1355.7699902778058,129.9159865387379,306.9268386328344,589.0003642601667,0.2263856264954966,0.5095658127958296,0.26553366260349487,0.25556421314800815,3.676012712068962,4.297147166714477
vdw,,328.9233214199405,3.4140201144371347,762.5389525731663,0.522700761523046,3.2668797595190373,578.746775826154,1356.712938570175,130.40811033264606,307.22098847174436,587.7569176990742,0.22644509368026017,0.510986695830207,0.2670931350385943,0.25560762648445173,3.6856442772940077,4.304914540003661
vdw,,328.9233214199405,3.4140201144371347,762.5389525731663,0.5243036472945891,3.2768977955911818,580.9221860979845,1357.653906468688,130.9007088272956,307.5175488108449,586.5256715219089,0.2265065841490563,0.512399186553381,0.2686527623807182,0.2556508849138709,3.6952418085488414,4.3126648767773625
vdw,,328.9233214199405,3.4140201144371347,762.5389525731663,0.5259065330661322,3.2869158316633262,583.0991030593389,1358.59291327566,131.3937858096799,307.81645752716264,585.3063960482405,0.22657004502179848,0.5138038382967014,0.27021279527468983,0.2556937377914424,3.704807141950547,4.320395250742094
vdw,,328.9233214199405,3.4140201144371347,762.5389525731663,0.5275094188376753,3.2969338677354707,585.2775235820508,1359.5299779303798,131.8873449684014,308.11765388172535,584.0988670129111,0.2266354246566704,0.5152004288611933,0.27177307881348917,0.25573634002418616,3.7143396140552127,4.328107559308003
vdw,,328.9233214199405,3.4140201144371347,762.5389525731663,0.5291123046092184,3.306951903807615,587.4574445680133,1360.465119016497,132.3813898952601,308.4210788119237,582.9028660365617,0.22670267285859297,0.5165890315081401,0.2733336129971161,0.2557786916121023,3.7238395122994192,4.335801856683522
vdw,,328.9233214199405,3.4140201144371347,762.5389525731663,0.5307151903807614,3.3169699398797587,589.6388629486335,1361.398354775877,132.8759240903014,308.72667467489197,581.7181800532148,0.22677174068255485,0.5179700104972829,0.27489455273259045,0.255820637648171,3.733308058077231,4.343476363004095
vdw,,328.9233214199405,3.4140201144371347,762.5389525731663,0.5323180761523046,3.326987975951904,591.8217756843106,1362.3297031127347,133.37095096180065,309.03438473970414,580.544600276329,0.22684258005503613,0.5193429638410231,0.2764556473750893,0.2558624287772153,3.742744008573736,4.351134103180296
vdw,,328.9233214199405,3.4140201144371347,762.5389525731663,0.5339209619238476,3.3370060120240477,594.006179763845,1363.2591816081504,133.86647383189597,309.34415427196933,579.3819241659417,0.22691514456338058,0.5207078530006262,0.27801683775539576,0.2559041241684519,3.752147289788876,4.358775827777024
vdw,,328.9233214199405,3.4140201144371347,762.5389525731663,0.5355238476953907,3.347024048096192,596.1920722039815,1364.186807517664,134.36249593316927,309.6559292946028,578.2299530211342,0.2269893885413441,0.5220651501383224,0.2795783379497463,0.25594550974564445,3.761519465953482,4.3663990588327115
vdw,,328.9233214199405,3.4140201144371347,762.5389525731663,0.5371267334669338,3.3570420841683366,598.3794500488591,1365.1125977879606,134.85902041554846,309.96965742329354,577.0884934781889,0.22706526767504076,0.52341527970336,0.2811403394337473,0.25598639403318657,3.7708619446111196,4.3740015949441595
vdw,,328.9233214199405,3.4140201144371347,762.5389525731663,0.538729619238477,3.367060120240481,600.5683103695451,1366.0365690582132,135.35605034502157,310.28528726150734,575.9573563081832,0.227142738554523,0.5247574640248468,0.2827023887866545,0.25602723045182246,3.7801722767366397,4.38158884250607
vdw,,328.9233214199405,3.4140201144371347,762.5389525731663,0.5403325050100201,3.377078156312625,602.75865026353,1366.9587376700588,135.85358870706784,310.6027687783445,574.8363570549668,0.2272217589447929,0.5260923471876555,0.2842647958225071,0.256067709187513,3.789452572767759,4.389157202633725
vdw,,328.9233214199405,3.4140201144371347,762.5389525731663,0.541935390781563,3.387096192384769,604.9504668542694,1367.8791196774214,136.35163841005442,310.92205301081515,573.725315415206,0.22730228756188486,0.5274193339655351,0.285827202858364,0.25610818792319906,3.798700969859654,4.39671094064223
vdw,,328.9233214199405,3.4140201144371347,762.5389525731663,0.5435382765531062,3.3971142284569136,607.1437572907198,1368.7977308476336,136.8502022840055,311.24309212816655,572.6240552954998,0.22738428411583353,0.5287394164885311,0.2873901111838712,0.25614816536923496,3.8079206891683883,4.40424421364031
vdw,,328.9233214199405,3.4140201144371347,762.5389525731663,0.5451411623246493,3.407132264529058,609.3385187468822,1369.714586669485,137.34928308314738,311.56583950008996,571.5324048756062,0.22746770935518368,0.5300520202587848,0.2889531744164025,0.25618798790824676,3.8171099331101783,4.411761151203169
vdw,,328.9233214199405,3.4140201144371347,762.5389525731663,0.5467440480961924,3.417150300601202,611.5347484213718,1370.6297023623117,137.84888348907782,311.8902494938802,570.4501961748055,0.22755252491342498,0.5313572110525204,0.29051639255595785,0.2562276555402345,3.8262689545555904,4.41926180546662
vdw,,328.9233214199405,3.4140201144371347,762.5389525731663,0.5483469338677355,3.4271683366733465,613.7324435369911,1371.5430928776634,138.34900610994634,312.21627744521334,569.3772649424931,0.22763869328388786,0.5326554030638474,0.2920799570781435,0.256266976789592,3.8353991192222523,4.426743985452355
vdw,,328.9233214199405,3.4140201144371347,762.5389525731663,0.5499498196392785,3.4371863727454905,615.9316013402987,1372.4547729117269,138.8496534855724,312.5438798062455,568.3134508731149,0.22772617792218325,0.5339465909943907,0.2936438314143727,0.25630598822490575,3.8445004496484776,4.434208177832263
vdw,,328.9233214199405,3.4140201144371347,762.5389525731663,0.5515527054108216,3.4472044088176346,618.1322191011931,1373.364756911534,139.3508280892388,312.8730142380718,567.258597716477,0.22781494330877583,0.5352304477747514,0.2952078014884096,0.256344903922412,3.8535719402647013,4.441656943208163
vdw,,328.9233214199405,3.4140201144371347,762.5389525731663,0.5531555911823647,3.457222444889779,620.3342941125474,1374.2730590678357,139.852532322118,313.20363890326576,566.2125519400356,0.22790495443148004,0.5365071441023008,0.2967719264694703,0.25638366471289437,3.8626141759238033,4.449089640694226
vdw,,328.9233214199405,3.4140201144371347,762.5389525731663,0.5547584769539078,3.4672404809619235,622.5378236897727,1375.1796933386283,140.35476852470674,313.53571337877423,565.1751643352075,0.22799617744323997,0.5377771938528935,0.2983364570023776,0.2564220199515302,3.871628835232065,4.456503397383901
vdw,,328.9233214199405,3.4140201144371347,762.5389525731663,0.5563613627254509,3.477258517034068,624.7428051704661,1376.0846734417676,140.85753897120276,313.8691979549933,564.1462886952471,0.22808857914968664,0.5390399255371766,0.29990098753528915,0.25646037519016174,3.880613812487377,4.4639030025188555
vdw,,328.9233214199405,3.4140201144371347,762.5389525731663,0.5579642484969939,3.4872765531062115,626.9492359140389,1376.9880128637583,141.36084587285688,314.2040536596089,563.1257818148572,0.22818212702240628,0.5402963006499414,0.3014660193578504,0.2564982291391435,3.8895722119736496,4.471282663867939
vdw,,328.9233214199405,3.4140201144371347,762.5389525731663,0.559567134268537,3.497294589178356,629.1571133013258,1377.88972486666,141.86469138037398,314.5402426759422,562.1135041948227,0.22827678949879726,0.5415454779640272,0.30303105118041584,0.25653608308812115,3.8985013867490297,4.478648279061738
vdw,,328.9233214199405,3.4140201144371347,762.5389525731663,0.5611700200400802,3.5073126252505014,631.3664347342441,1378.7898224956816,142.36907758671623,314.87772802705996,561.1093194261707,0.22837253574813515,0.5427880712431318,0.3045963928170247,0.2565736272230555,3.907403329461569,4.485996293093317
vdw,,328.9233214199405,3.4140201144371347,762.5389525731663,0.5627729058116232,3.517330661322645,633.5771976354463,1379.6883185758575,142.87400652384156,315.2164734644648,560.1130939483734,0.2284693355886623,0.5440237563496386,0.3061618301914406,0.2566110756201826,3.916277042183559,4.493329250023813
vdw,,328.9233214199405,3.4140201144371347,762.5389525731663,0.5643757915831663,3.5273486973947894,635.7893994479842,1380.585225722685,143.37948016728046,315.5564434193695,559.1246969225631,0.2285671594480431,0.5452531410932363,0.3077276731177031,0.2566481184654632,3.9251244952432547,4.5006436046251155
vdw,,328.9233214199405,3.4140201144371347,762.5389525731663,0.5659786773547094,3.537366733466934,638.0030376349549,1381.4805563488092,143.8855004385922,315.8976033384825,558.1440007862763,0.22866597860297477,0.5464757316076991,0.3092936117817727,0.2566850655729367,3.9339441495372274,4.507943009388352
vdw,,328.9233214199405,3.4140201144371347,762.5389525731663,0.5675815631262525,3.5473847695390783,640.2181096791865,1382.3743226606498,144.39206920213974,316.2399193864152,557.1708806828719,0.22876576496136705,0.5476915210262308,0.31085960961506287,0.25672195351118965,3.94273601724837,4.515227938166406
vdw,,328.9233214199405,3.4140201144371347,762.5389525731663,0.5691844488977956,3.557402805611223,642.4346130829124,1383.266536669541,144.89918827010274,316.5833586189029,556.2052147277648,0.2288664911833502,0.548901071411884,0.31242595383098276,0.25675849506681286,3.9515019195871877,4.522495115952712
vdw,,328.9233214199405,3.4140201144371347,762.5389525731663,0.5707873346693386,3.5674208416833664,644.6525453674766,1384.1572101956747,145.4068594034601,316.92788857386773,555.2468832502502,0.22896813038243283,0.5501043712591205,0.3139926078609457,0.25679472680839294,3.9602418513861015,4.529745023730244
vdw,,328.9233214199405,3.4140201144371347,762.5389525731663,0.5723902204408817,3.577438877755511,646.8719040730178,1385.04635487145,145.91508431269108,317.27347745595375,554.2957690848996,0.22907065625641157,0.5513010990747838,0.31555935762871584,0.2568308628121659,3.9689548220119972,4.536980191457496
vdw,,328.9233214199405,3.4140201144371347,762.5389525731663,0.5739931062124248,3.5874569138276553,649.0926867581553,1385.9339821384308,146.42386465483787,317.62009442994946,553.3517580477767,0.2291740432974135,0.5524914129999089,0.3171262623035094,0.25686684390891545,3.9776413657193785,4.5441999862439655
vdw,,328.9233214199405,3.4140201144371347,762.5389525731663,0.5755959919839679,3.5974749498997993,651.3148909997142,1386.8201032643888,146.93320204206054,317.96770924266053,552.4147382379912,0.2292782665135926,0.5536755329456953,0.3186934176231296,0.25690257436083835,3.9863022119319895,4.551403355944968
vdw,,328.9233214199405,3.4140201144371347,762.5389525731663,0.577198877755511,3.607492985971944,653.5385143924284,1387.7047293371913,147.44309803701367,318.3162924328977,551.4846003698045,0.22938330157953338,0.5548533446480967,0.32026072784977316,0.2569381499057379,3.994937027814773,4.558591458299973
vdw,,328.9233214199405,3.4140201144371347,762.5389525731663,0.578801763527054,3.617511022044088,655.7635545486718,1388.5878712713325,147.9535541554534,318.66581507607367,550.5612372951568,0.22948912464885401,0.5560250659225927,0.32182828872124314,0.2569734748058109,4.0035465347139745,4.565763242992149
vdw,,328.9233214199405,3.4140201144371347,762.5389525731663,0.5804046492985971,3.6275290581162323,657.9900090981872,1389.4695398158551,148.46457186971736,319.01624874474425,549.6445439061636,0.22959571232272075,0.5571903153834687,0.3233958495927169,0.25700879970588025,4.012129551491759,4.572921647033426
vdw,,328.9233214199405,3.4140201144371347,762.5389525731663,0.5820075350701402,3.6375470941883763,660.2178756878008,1390.349745549564,148.97615260489772,319.36756577964036,548.7344175727072,0.22970304184390947,0.5583498433175338,0.32496381601603685,0.2570437190541034,4.020688487962772,4.580062057384454
vdw,,328.9233214199405,3.4140201144371347,762.5389525731663,0.5836104208416834,3.6475651302605208,662.4471519811652,1391.2284988907843,149.4882977434288,319.71973922288106,547.8307579939732,0.22981109104492262,0.5595031660096801,0.3265318781771636,0.25707854266451974,4.02922183755247,4.587188089720661
vdw,,328.9233214199405,3.4140201144371347,762.5389525731663,0.5852133066132265,3.6575831663326652,664.6778356585086,1392.1058101004903,150.00100862588363,320.07274264523716,546.9334668713823,0.22991983822130047,0.5606507002568517,0.3281002501523331,0.2571130564608934,4.037730950054684,4.5942973381877055
vdw,,328.9233214199405,3.4140201144371347,762.5389525731663,0.5868161923847695,3.667601202404809,666.9099244163867,1392.9816892847432,150.51428655139023,320.42655005040154,546.0424477181111,0.23002926206081828,0.5617917015560582,0.3296684672204868,0.25714772516428264,4.046213492909563,4.601395184037616
vdw,,328.9233214199405,3.4140201144371347,762.5389525731663,0.5884190781563126,3.6776192384769533,669.1434159674205,1393.8561463959766,151.0281327774103,320.7811361909128,545.1576063713179,0.23013934186848503,0.5629272571298161,0.3312371377093879,0.25718194044692466,4.05467293964179,4.608474704111131
vdw,,328.9233214199405,3.4140201144371347,762.5389525731663,0.5900219639278557,3.6876372745490977,671.3783080400684,1394.7291912368873,151.54254852102963,321.1364763145508,544.2788505307532,0.23025005738193335,0.5640568242932464,0.3328059152364107,0.257216048691445,4.063107596816044,4.615539920717087
vdw,,328.9233214199405,3.4140201144371347,762.5389525731663,0.5916248496993988,3.697655310621242,673.614598378384,1395.600833466929,152.05753496184354,321.4925462239509,543.4060898342918,0.2303613888115159,0.5651808562739662,0.33437503914606276,0.257249810553336,4.071518926385767,4.622588147786324
vdw,,328.9233214199405,3.4140201144371347,762.5389525731663,0.5932277354709419,3.7076733466933867,675.8522847417944,1396.4710826016887,152.57309324066,321.8493220953902,542.5392355262786,0.2304733167089793,0.5662986526603002,0.3359440673179154,0.2572836681530265,4.079904736247304,4.629624490344788
vdw,,328.9233214199405,3.4140201144371347,762.5389525731663,0.5948306212424849,3.7176913827655302,678.0913649048514,1397.3399480149546,153.08922445982557,322.2067809205699,541.6782011785858,0.23058582228203894,0.5674108461827247,0.33751334613459416,0.2573172751078907,4.088267055807798,4.636645039610025
vdw,,328.9233214199405,3.4140201144371347,762.5389525731663,0.5964335070140281,3.7277094188376756,680.3318366570455,1398.2074389463899,153.60592968685228,322.56489976259473,540.8229014118887,0.23069888685877785,0.5685174820135047,0.33908287559609923,0.25735063141792885,4.096606052963976,4.643649848912133
vdw,,328.9233214199405,3.4140201144371347,762.5389525731663,0.5980363927855711,3.737727454909819,682.5736978025469,1399.0735644991705,154.12320995218806,322.9236565537729,539.973253215643,0.23081249245772906,0.5696184447536954,0.34065255996462707,0.257383832820944,4.1049213872755494,4.650640061816137
vdw,,328.9233214199405,3.4140201144371347,762.5389525731663,0.5996392785571142,3.7477454909819636,684.8169461600148,1399.938333646825,154.64106625241595,323.2830296834704,539.1291752291014,0.23092662149004908,0.5707139395562215,0.34222249497798113,0.25741678357913306,4.113213732221636,4.657614639096908
vdw,,328.9233214199405,3.4140201144371347,762.5389525731663,0.6012421643286573,3.757763527054108,687.0615795623947,1400.8017552324202,155.15949954892756,323.6429978387078,538.2905874542004,0.23104125664449154,0.5718034340412768,0.3437923342535359,0.2574498300751214,4.121481428414423,4.664577571829591
vdw,,328.9233214199405,3.4140201144371347,762.5389525731663,0.6028450501002004,3.7677815631262526,689.3075958567083,1401.663837970343,155.67851076816225,324.00354013334226,537.4574114517301,0.23115638097827396,0.5728877094608573,0.34536251991171957,0.25748253018848083,4.129726970413025,4.671523880222458
vdw,,328.9233214199405,3.4140201144371347,762.5389525731663,0.6044479358717435,3.777799599198397,691.5549929038476,1402.5245904559606,156.19810080662023,324.3646361634183,536.629570412239,0.23127197795367524,0.5739664905573292,0.3469328604769262,0.2575150753948173,4.13794951121204,4.678455792922338
vdw,,328.9233214199405,3.4140201144371347,762.5389525731663,0.6060508216432865,3.7878176352705406,693.8037685783687,1403.384021163556,156.71827052886385,324.7262662424477,535.8069895226993,0.23138803160464572,0.5750399788948446,0.3485034516869587,0.2575473699563278,4.146149711008662,4.685372273878775
vdw,,328.9233214199405,3.4140201144371347,762.5389525731663,0.6076537074148296,3.797835671342685,696.0539207683264,1404.2421384437746,157.23902076516163,325.08841080555885,534.9895949595998,0.23150452611102532,0.5761076463246282,0.35007394715919177,0.25757976025563784,4.154325924045052,4.692277300095228
vdw,,328.9233214199405,3.4140201144371347,762.5389525731663,0.6092565931863727,3.8078537074148295,698.3054473750655,1405.0989505361135,157.76035231831474,325.4510508407712,534.1773145837999,0.23162144610284977,0.5771702644611102,0.35164478901405377,0.25761180417231894,4.162480610872416,4.69916590842267
vdw,,328.9233214199405,3.4140201144371347,762.5389525731663,0.6108594789579158,3.8178717434869736,700.558346313045,1405.9544655624004,158.28226595895785,325.8141676583465,533.3700775408495,0.23173877649587785,0.5782274028729113,0.35321569003813547,0.25764378891978035,4.170612434081569,4.706041402386103
vdw,,328.9233214199405,3.4140201144371347,762.5389525731663,0.6124623647294589,3.827889779559118,702.8126155096608,1406.8086915328192,158.80476242848567,326.17774282825826,532.5678141420816,0.23185650244516484,0.5792795735319427,0.35478693744484613,0.2576754272846128,4.178723032370671,4.712900582216412
vdw,,328.9233214199405,3.4140201144371347,762.5389525731663,0.6140652505010019,3.837907815631262,705.0682529050421,1407.6616363495557,159.32784244059815,326.54175872763983,531.7704567409112,0.23197460973252793,0.5803262512588288,0.35635818485156007,0.25770706564944185,4.186810769287604,4.719747413773589
vdw,,328.9233214199405,3.4140201144371347,762.5389525731663,0.615668136272545,3.8479258517034065,707.3252564519106,1408.5133078068468,159.85150668060828,326.90619777412104,530.9779384609985,0.23209308422022418,0.5813677305639349,0.3579295871652969,0.25773854910724814,4.194876596237638,4.72658019357009
vdw,,328.9233214199405,3.4140201144371347,762.5389525731663,0.6172710220440881,3.8579438877755505,709.5836241153866,1409.3637135894758,160.37575580384066,327.27104295932276,530.1901940505279,0.23221191222938734,0.582404051943944,0.35950114438605646,0.25776987765803167,4.2029206622409685,4.7333989701849
vdw,,328.9233214199405,3.4140201144371347,762.5389525731663,0.6188739078156312,3.867961923847695,711.8433538728434,1410.2128612837141,160.9005904416714,327.6362773803635,529.4071591041605,0.23233108020452797,0.5834351598681224,0.3610727973446225,0.25780111047100873,4.210942813105449,4.740204458529939
vdw,,328.9233214199405,3.4140201144371347,762.5389525731663,0.6204767935871743,3.8779799599198395,714.1044437137244,1411.0607583756298,161.42601119987285,328.0018845605145,528.6287705688893,0.23245057494058605,0.5844613443984735,0.36264470094801404,0.2578320926391603,4.218943984551055,4.746994961747312
vdw,,328.9233214199405,3.4140201144371347,762.5389525731663,0.6220796793587173,3.887997995991983,716.366891639374,1411.907412245414,161.9520186544495,328.36784865745597,527.8549670613903,0.23257038373021865,0.5854824896931017,0.36421675945842824,0.2578629199002891,4.226923831478813,4.753771607234038
vdw,,328.9233214199405,3.4140201144371347,762.5389525731663,0.6236825651302604,3.8980160320641275,718.6306956629052,1412.7528301776488,162.47861335732603,328.7341539402249,527.0856880079156,0.23269049399029534,0.5864986346050375,0.3657889728758651,0.25789359225439534,4.2348824965976775,4.760534442913762
vdw,,328.9233214199405,3.4140201144371347,762.5389525731663,0.6252854509018037,3.908034068136273,720.8958538090408,1413.5970193655323,163.0057958383818,329.100784800218,526.3208736515137,0.2328108932685278,0.5875097229613933,0.3673612820311085,0.25792416887069514,4.242819822805224,4.7672841808320685
vdw,,328.9233214199405,3.4140201144371347,762.5389525731663,0.6268883366733466,3.9180521042084164,723.1623641139286,1414.43998690335,163.53356660018278,329.4677264828986,525.5604662087926,0.23293156976154653,0.5885158879349432,0.36893374609337426,0.2579545905799724,4.2507362497034435,4.7740202031970265
vdw,,328.9233214199405,3.4140201144371347,762.5389525731663,0.6284912224448898,3.928070140280561,725.4302246250395,1415.2817397930974,164.06192612145458,329.8349640686554,524.8044082231833,0.23305251159170226,0.5895169207206101,0.3705062101556434,0.25798501228924636,4.258631138797746,4.7807442937280245
vdw,,328.9233214199405,3.4140201144371347,762.5389525731663,0.6300941082164327,3.9380881763527045,727.6994334009773,1416.1222849504447,164.59087486029023,330.2024834038177,524.0526440383658,0.23317370746366914,0.5905132582749553,0.37207892486273797,0.2580151833536948,4.266505886434527,4.787453688340152
vdw,,328.9233214199405,3.4140201144371347,762.5389525731663,0.631696993987976,3.94810621242485,729.969988511376,1416.9616292008066,165.12041325107862,330.5702702299295,523.305118397036,0.23329514604878712,0.591504936339416,0.37365189021465817,0.2580451037733178,4.274360624004116,4.794148436736195
vdw,,328.9233214199405,3.4140201144371347,762.5389525731663,0.6332998797595191,3.9581242484969943,732.2418880367375,1417.7997792842232,165.65054170703377,330.9383105472945,522.5617770099067,0.23341681624070282,0.592491443344757,0.3752247598287785,0.25807511993074056,4.28219375881012,4.800832461476908
vdw,,328.9233214199405,3.4140201144371347,762.5389525731663,0.6349027655310621,3.968142284569138,734.5151300682788,1418.636741849721,166.1812606160844,331.30659102077345,521.8225671826351,0.23353870744161892,0.5934737588004914,0.3767981307325464,0.25810463479851564,4.29000839471326,4.807499132287158
vdw,,328.9233214199405,3.4140201144371347,762.5389525731663,0.6365056513026052,3.9781603206412823,736.7897127078305,1419.4725234656748,166.7125703468413,331.6750982239025,521.0874366081924,0.23366080902651792,0.594450733025168,0.37837125099149566,0.2581344003111095,4.297800929261321,4.814156899221177
vdw,,328.9233214199405,3.4140201144371347,762.5389525731663,0.6381085370741483,3.988178356713427,739.0656340676638,1420.3071306178845,167.2444712468956,332.04381947515236,520.3563346725274,0.23378311093228224,0.5954234346157001,0.37994477680228916,0.2581637602718591,4.3055747457863305,4.820798478258097
vdw,,328.9233214199405,3.4140201144371347,762.5389525731663,0.6397114228456914,3.9981963927855713,741.3428922704002,1421.1405697135508,167.77696364479186,332.41274193515864,519.6292110221423,0.2339056030200874,0.5963910195771118,0.3815181477060668,0.2581932751396246,4.313327204947211,4.82743016894945
vdw,,328.9233214199405,3.4140201144371347,762.5389525731663,0.6413143086172345,4.008214428857715,743.6214854488602,1421.972847076981,168.31004784679442,332.78185311876376,518.9060163592625,0.23402827543636495,0.5973544001968241,0.383091924161689,0.25822238445554546,4.321061196529085,4.834045767413417
vdw,,328.9233214199405,3.4140201144371347,762.5389525731663,0.6429171943887776,4.01823246492986,745.9014117459293,1422.8039689542145,168.8437241393317,333.15114111456217,518.1867027701592,0.23415111876545722,0.5983129771214419,0.3846657006173143,0.2582514937714633,4.328774851432511,4.840649839110112
vdw,,328.9233214199405,3.4140201144371347,762.5389525731663,0.6445200801603207,4.028250501002004,748.1826693144761,1423.6339415223267,169.3779927944472,333.520593544506,517.4712220937239,0.23427412329595365,0.5992670265352895,0.3862396319799618,0.2582804481803589,4.336469056400734,4.847240703199775
vdw,,328.9233214199405,3.4140201144371347,762.5389525731663,0.6461229659318637,4.038268537074148,750.4652563171653,1424.4627708745127,169.91285405979556,333.89019907438126,516.7595282622896,0.23439728008433514,0.6002164905577927,0.3878136590804155,0.2583093068514482,4.344143646534168,4.853819062583926
vdw,,328.9233214199405,3.4140201144371347,762.5389525731663,0.6477258517034069,4.048286573146293,752.7491709263901,1425.2904630323364,170.44830816597323,334.2599462860969,516.0515755346975,0.2345205801594656,0.6011614945796419,0.38938784108789154,0.25833801061551537,4.351799033424907,4.86038430416871
vdw,,328.9233214199405,3.4140201144371347,762.5389525731663,0.64932873747495,4.058304609218437,755.0344113241385,1426.1170239481974,170.98435532767746,334.6298239817096,515.3473189604812,0.23464401473540278,0.602102145350334,0.39096222587129126,0.25836651160365876,4.359435569697544,4.866935942101021
vdw,,328.9233214199405,3.4140201144371347,762.5389525731663,0.650931623246493,4.068322645290581,757.320975701877,1426.9424594952634,171.52099573671785,334.9998213024774,514.6467145530286,0.2347675752959045,0.6030382370514371,0.3925366585235954,0.2583949647228976,4.367052624618939,4.873475739630402
vdw,,328.9233214199405,3.4140201144371347,762.5389525731663,0.652534509018036,4.078340681362725,759.6088622604631,1427.7667754903891,172.0582295764225,335.3699270483907,513.9497182349342,0.23489125311324224,0.6039701140309063,0.39411134182072466,0.25842316719731134,4.374651297764388,4.880001492901967
vdw,,328.9233214199405,3.4140201144371347,762.5389525731663,0.6541373947895792,4.08835871743487,761.898069209963,1428.5899776721822,172.5960570070214,335.7401312875341,513.256288299393,0.23501504037891005,0.6048972777459655,0.39568592938005437,0.25845146540952485,4.3822300376794185,4.886517082418164
vdw,,328.9233214199405,3.4140201144371347,762.5389525731663,0.6557402805611223,4.098376753507014,764.1885947696203,1429.4120717111982,173.13447817173596,336.11042363644333,512.566382758782,0.2351389289962229,0.6058202909912284,0.39726076758420886,0.25847951297691346,4.3897906304051,4.893018715706785
vdw,,328.9233214199405,3.4140201144371347,762.5389525731663,0.6573431663326653,4.108394789579158,766.4804371677264,1430.2330632151702,173.67349319980065,336.4807937695563,511.87996012309895,0.23526291093644977,0.6067389934786915,0.39883573111077747,0.25850743522188785,4.397332587890986,4.899507824282812
vdw,,328.9233214199405,3.4140201144371347,762.5389525731663,0.6589460521042085,4.118412825651303,768.7735946414741,1431.0529577272114,174.21310220492262,336.85123235029835,511.19698080690114,0.2353869788895047,0.6076536517491065,0.4004109748667793,0.25853507723742924,4.40485676389498,4.905982741074803
vdw,,328.9233214199405,3.4140201144371347,762.5389525731663,0.6605489378757515,4.128430861723447,771.0680654369222,1431.8717607253677,174.75330528450172,337.22172943997606,510.5174046974352,0.23551112515072153,0.6085636364937702,0.40198606371576484,0.2585628741599867,4.412361195908677,4.91244831397269
vdw,,328.9233214199405,3.4140201144371347,762.5389525731663,0.6621518236472946,4.138448897795591,773.3638478088553,1432.689477627207,175.29410252228968,337.59227536960157,509.84119247767154,0.2356353422297171,0.609469449542339,0.40356130747177255,0.2585905161755221,4.419847477087663,4.918901163299483
vdw,,328.9233214199405,3.4140201144371347,762.5389525731663,0.6637547094188377,4.148466933867736,775.6609400206746,1433.5061137809225,175.83549398210891,337.9628610203752,509.16830603926655,0.23575962304687095,0.6103712653539286,0.4051368018726052,0.25861790754623254,4.427316171078086,4.925340277924834
vdw,,328.9233214199405,3.4140201144371347,762.5389525731663,0.6653575951903808,4.15848496993988,777.9593403443132,1434.321674477808,176.37747971568137,338.3334774784942,508.4987079491981,0.23588396068941153,0.6112687361103424,0.4067122962734409,0.25864529891693994,4.4347662000418,4.931768462641979
vdw,,328.9233214199405,3.4140201144371347,762.5389525731663,0.6669604809619238,4.168503006012024,780.2590470601374,1435.1361649554842,176.92005976442329,338.70411605882055,507.83236147713654,0.23600834842687324,0.6121618931385955,0.40828779067427945,0.2586726902876444,4.4421976776995145,4.938185756750686
vdw,,328.9233214199405,3.4140201144371347,762.5389525731663,0.668563366733467,4.178521042084168,782.5600584568784,1435.949590388883,177.46323415305608,339.0747676864664,507.16922966203106,0.23613277928136622,0.613051374067225,0.409863690626962,0.25869967610650496,4.449612622510857,4.944587741867622
vdw,,328.9233214199405,3.4140201144371347,762.5389525731663,0.67016625250501,4.188539078156313,784.8623728314859,1436.761955894092,178.00700289182623,339.4454241467525,506.5092771800156,0.23625724689760233,0.6139366001223279,0.41143959057964735,0.2587266619253627,4.4570092307486675,4.950978921186074
vdw,,328.9233214199405,3.4140201144371347,762.5389525731663,0.6717691382765532,4.198557114228457,787.1659884890836,1437.5732665288137,178.55136597638727,339.8160769919835,505.8524686974953,0.2363817447805694,0.6148176017611366,0.41301549053233577,0.2587536477442174,4.464387612946903,4.957359333484239
vdw,,328.9233214199405,3.4140201144371347,762.5389525731663,0.6733720240480962,4.208575150300601,789.4709037428539,1438.3835272998192,179.09632339246525,340.1867181299855,505.19876974527733,0.236506266703843,0.6156947813742801,0.4145916411298491,0.25878038291824706,4.4717490477822395,4.96372626868888
vdw,,328.9233214199405,3.4140201144371347,762.5389525731663,0.6749749098196394,4.218593186372746,791.7771169139526,1439.1927431553697,179.64187511042246,340.55733976679676,504.54814662340175,0.23663080667023034,0.6165677948511741,0.4161677917273651,0.25880711809227425,4.479092468760204,4.970082518070528
vdw,,328.9233214199405,3.4140201144371347,762.5389525731663,0.6765777955911824,4.22861122244489,794.0846263314451,1440.0009189878435,180.18802108662692,340.9279338035848,503.9005655006571,0.23675535849186696,0.6174369007585967,0.417744097231903,0.2588336983592794,4.486418702408312,4.976426423652981
vdw,,328.9233214199405,3.4140201144371347,762.5389525731663,0.6781806813627255,4.238629258517034,796.3934303321803,1440.8080596489563,180.73476127345532,341.29849285582196,503.2559939189394,0.23687991649559287,0.6183022679718468,0.41932065338126556,0.2588600279814599,4.493728293253336,4.9827569797601745
vdw,,328.9233214199405,3.4140201144371347,762.5389525731663,0.6797835671342687,4.248647294589179,798.7035272607455,1441.6141699277998,181.28209560408197,341.6690092009512,502.6143992290208,0.23700447479512704,0.6191635542250422,0.42089720953063137,0.2588863576036373,4.5010201804355905,4.989076970998879
vdw,,328.9233214199405,3.4140201144371347,762.5389525731663,0.6813864529058117,4.258665330661323,801.0149154693445,1442.419254559355,181.8300239978995,342.03947581696605,501.9757501170137,0.23712902801027552,0.6200207883181944,0.4224737656799996,0.25891268722581207,4.5082944684484385,4.995386435154775
vdw,,328.9233214199405,3.4140201144371347,762.5389525731663,0.6829893386773547,4.268683366733467,803.32759331777,1443.2233182406255,182.3785463711322,342.4098850744594,501.3400146736615,0.2372535703565802,0.6208745925703737,0.4240507273812116,0.2589386112961431,4.51555312529038,5.001680982049062
vdw,,328.9233214199405,3.4140201144371347,762.5389525731663,0.6845922244488978,4.278701402805611,805.6415591732745,1444.0263656007733,182.92766261621625,342.7802299088637,500.7071621136284,0.23737809646311636,0.6217241723977232,0.42562753417540733,0.25896469027349045,4.522793669622351,5.0079667734678806
vdw,,328.9233214199405,3.4140201144371347,762.5389525731663,0.686195110220441,4.288719438877756,807.9568114104818,1444.8284012386794,183.47737262711735,343.15050403885414,500.077163080653,0.23750260151632163,0.6225700088993422,0.42720449587662507,0.25899061434381593,4.5300176257315545,5.014240465401856
vdw,,328.9233214199405,3.4140201144371347,762.5389525731663,0.687797995991984,4.2987374749499,810.2733484113659,1445.6294296937938,184.0276762790602,343.52070060543446,499.44998765224386,0.23762708032182034,0.623411903024566,0.4287814575778455,0.25901653841413846,4.537224382159643,5.020503786250157
vdw,,328.9233214199405,3.4140201144371347,762.5389525731663,0.689400881763527,4.308755511022044,812.591168565154,1446.4294554639068,184.57857344040156,343.8908126850617,498.82560609056554,0.23775152765730087,0.6242502458410093,0.4303586699238903,0.25904221183963666,4.5444151800664105,5.026754044397699
vdw,,328.9233214199405,3.4140201144371347,762.5389525731663,0.6910037675350702,4.318773547094189,814.910270268216,1447.2284829986775,185.13006396793446,344.2608341646445,498.20399010656973,0.23787593887824215,0.6250846993363408,0.4319358822699381,0.2590678852651321,4.551588971536607,5.032994009193595
vdw,,328.9233214199405,3.4140201144371347,762.5389525731663,0.6926066533066133,4.328791583166333,817.2306519240387,1448.0265166993072,185.68214770630118,344.63075855082803,497.5851111240507,0.23800030909405853,0.6259158760577416,0.43351350016782936,0.25909315313878395,4.558747692659289,5.039219308686417
vdw,,328.9233214199405,3.4140201144371347,762.5389525731663,0.6942095390781563,4.338809619238477,819.552311943117,1448.8235609236526,186.23482449126493,345.00057987897213,496.9689415923322,0.23812463379531715,0.6267426303182771,0.4350907125138825,0.2591188265642738,4.565887760019514,5.045438799695418
vdw,,328.9233214199405,3.4140201144371347,762.5389525731663,0.6958124248496995,4.348827655310622,821.8752487429113,1449.6196199967362,186.78809415671776,345.3702919694917,496.3554539056904,0.23824890833794682,0.6275661583739365,0.4366683304117793,0.2591440944379202,4.5730129417536585,5.051643704513442
vdw,,328.9233214199405,3.4140201144371347,762.5389525731663,0.6974153106212425,4.358845691382766,824.1994607477596,1450.4146981871684,187.3419565180601,345.7398887673054,495.7446208907111,0.23837312818150266,0.6283859009623671,0.4382459483096786,0.2591693623115639,4.580121495162393,5.057838467883473
vdw,,328.9233214199405,3.4140201144371347,762.5389525731663,0.6990181963927856,4.36886372745491,826.5249463888063,1451.2087997184249,187.89641137970636,346.109364591885,495.13641615904737,0.2384972890593276,0.6292022426913487,0.43982381685240235,0.25919437954038327,4.587214640216584,5.06402040887704
vdw,,328.9233214199405,3.4140201144371347,762.5389525731663,0.7006210821643286,4.378881763527054,828.8517041039552,1452.0019287802857,188.45145854278098,346.47871346450694,494.5308131382227,0.23862138651259016,0.6300150702553626,0.4414018403021477,0.2592192418621809,4.594292033892018,5.070190606146017
vdw,,328.9233214199405,3.4140201144371347,762.5389525731663,0.7022239679358718,4.388899799599199,831.1797323377572,1452.794089517973,189.00709779733597,346.8479303028163,493.92778677484694,0.23874541671483399,0.6308239665287679,0.44297970884487703,0.2592442590909948,4.601352379561865,5.076352452407827
vdw,,328.9233214199405,3.4140201144371347,762.5389525731663,0.7038268537074148,4.398917835671343,833.5090295413938,1453.5852860346158,189.56332892374246,347.2170096349045,493.32731169027653,0.23886937558518728,0.6316293985557888,0.4445577322946276,0.25926912141278724,4.608397155580215,5.082502628462605
vdw,,328.9233214199405,3.4140201144371347,762.5389525731663,0.7054297394789579,4.408935871743487,835.8395941725959,1454.375522394449,190.12015169469362,347.58594610425484,492.7293629001062,0.23899325913571323,0.6324315256665053,0.4461360063892027,0.25929373308975523,4.615426874342635,5.08864013833884
vdw,,328.9233214199405,3.4140201144371347,762.5389525731663,0.707032625250501,4.418953907815632,838.1714246955706,1455.1648026245805,190.67756587621363,347.9547345646829,492.13391594398183,0.2391170635361032,0.6332300158357695,0.4477142804837805,0.25931834476672055,4.62244050607182,5.094767730261012
vdw,,328.9233214199405,3.4140201144371347,762.5389525731663,0.7086355110220441,4.428971943887776,840.5045195809693,1455.9531307112475,191.2355712247405,348.32336940589545,491.54094592792694,0.2392407846506268,0.634024893743131,0.44929255457836087,0.25934295644368327,4.629438140428524,5.100885439238138
vdw,,328.9233214199405,3.4140201144371347,762.5389525731663,0.7102383967935871,4.43898997995992,842.8388773057703,1456.7405105961968,191.79416748434403,348.6918458669786,490.95042937859796,0.23936441894120888,0.6348167548533967,0.4508712342247841,0.25936716256880304,4.636421658258322,5.106988925649659
vdw,,328.9233214199405,3.4140201144371347,762.5389525731663,0.7118412825651304,4.449008016032065,845.1744963532378,1457.5269461875284,192.35335439413006,349.06015964107667,490.3623436719395,0.23948796319280252,0.6356044801011846,0.45244950831937014,0.2593917742457602,4.643387559623838,5.113086976182035
vdw,,328.9233214199405,3.4140201144371347,762.5389525731663,0.7134441683366733,4.459026052104209,847.5113752129345,1458.3124413717596,192.9131316965644,349.428304905392,489.7766642623915,0.23961141315965373,0.6363892342470496,0.45402818796579875,0.2594159803708746,4.65033951177811,5.119170879443914
vdw,,328.9233214199405,3.4140201144371347,762.5389525731663,0.7150470541082165,4.469044088176353,849.849512380543,1459.0969999683718,193.4734991049777,349.7962773240424,489.1933689039486,0.23973476563355609,0.6371708206325944,0.45560711825705147,0.259439935851165,4.6572769093690916,5.12524234631216
vdw,,328.9233214199405,3.4140201144371347,762.5389525731663,0.7166499398797594,4.479062124248497,852.1889063578582,1459.8806257845395,194.0344563422576,350.164072921054,488.6124360518401,0.23985801766009185,0.6379485610229627,0.4571857979034853,0.25946414197627415,4.664197635717247,5.131306808807393
vdw,,328.9233214199405,3.4140201144371347,762.5389525731663,0.7182528256513027,4.489080160320642,854.5295556527694,1460.6633225827609,194.59600311751888,350.5316869578326,488.0338432918449,0.23998116577475134,0.6387231790960813,0.45876472819474345,0.2594880974565592,4.671103973532529,5.13735890688607
vdw,,328.9233214199405,3.4140201144371347,762.5389525731663,0.7198557114228458,4.499098196392786,856.8714587791558,1461.4450940917548,195.1581391336922,350.899115228448,487.4575691493384,0.24010420688881337,0.6394945627132982,0.46034381339302294,0.25951189802982283,4.677995582486799,5.1433997084016
vdw,,328.9233214199405,3.4140201144371347,762.5389525731663,0.7214585971943888,4.50911623246493,859.2146142568619,1462.2259440058515,195.7208640868406,351.26635323773814,486.8835919396403,0.2402271377263516,0.6402625850693777,0.46192294646020626,0.2595356507341825,4.684872076151146,5.149430399526928
vdw,,328.9233214199405,3.4140201144371347,762.5389525731663,0.723061482965932,4.519134268537075,861.5590206116217,1463.0058759924614,196.28417767135988,351.63339672837157,486.3118904992748,0.24034995518376406,0.6410269218742367,0.4635018767514722,0.2595596062144598,4.69173244826949,5.155453703686131
vdw,,328.9233214199405,3.4140201144371347,762.5389525731663,0.724664368737475,4.529152304609219,863.9046763750069,1463.7848936768323,196.8480795687666,352.00024151870707,485.74244395646093,0.2404726562210445,0.64178843704549,0.46508121259458074,0.25958315614289423,4.698579421322259,5.161463128468237
vdw,,328.9233214199405,3.4140201144371347,762.5389525731663,0.7262672545090181,4.539170340681363,866.2515800843695,1464.5630006494291,197.41256945278076,352.3668837806298,485.1752321104468,0.24059523805010793,0.642546590859546,0.46666054843769184,0.25960670607132624,4.705411312830332,5.167463060668634
vdw,,328.9233214199405,3.4140201144371347,762.5389525731663,0.7278701402805612,4.5491883767535075,868.5997302828166,1465.3402004679788,197.97764699055665,352.7333193114964,484.61023442386795,0.24071769763693485,0.6433014055231339,0.4682398842808056,0.2596302559997556,4.712228203671856,5.173453533414093
vdw,,328.9233214199405,3.4140201144371347,762.5389525731663,0.7294730260521043,4.5592064128256515,870.9491255191193,1466.116496669829,198.5433118515308,353.0995444777272,484.04743131997077,0.240840032343791,0.6440534589995983,0.46981962567576185,0.25965340037634244,4.719031918778002,5.179430240775994
vdw,,328.9233214199405,3.4140201144371347,762.5389525731663,0.7310759118236473,4.5692244488977956,873.2997643476762,1466.8918927511854,199.1095636921126,353.4655557824296,483.4868035806572,0.2409622396368268,0.6448020028286948,0.47139921216370206,0.2596766996599452,4.725820120327249,5.1853992164765526
vdw,,328.9233214199405,3.4140201144371347,762.5389525731663,0.7326787975951904,4.57924248496994,875.6516453284873,1467.666392175636,199.67640216162886,353.8313494581592,482.92833178673914,0.24108431680693285,0.6455474828957548,0.4729789535586634,0.259699844036527,4.732594218616162,5.191357179663144
vdw,,328.9233214199405,3.4140201144371347,762.5389525731663,0.7342816833667335,4.5892605210420845,878.0047670270806,1468.4399983895482,200.24382691344044,354.19692186428625,482.37199686129753,0.24120626123827824,0.6462897083006922,0.47455869495362746,0.25972298841310604,4.739353625436067,5.197305820137616
vdw,,328.9233214199405,3.4140201144371347,762.5389525731663,0.7358845691382766,4.5992785571142285,880.3591280144843,1469.2127148002974,200.81183758881014,354.5622689562276,481.8177793446889,0.24132807005037488,0.6470290409146303,0.47613868699341505,0.25974588214486155,4.746099487337824,5.203242495819622
vdw,,328.9233214199405,3.4140201144371347,762.5389525731663,0.7374874549098196,4.6092965931863725,882.7147268671176,1469.9845447740195,201.38043381504372,354.9273880157574,481.2656617449284,0.2414497412762393,0.6477651597363387,0.4777186790332052,0.2597687758766144,4.7528308076464265,5.209169916889554
vdw,,328.9233214199405,3.4140201144371347,762.5389525731663,0.7390903406813628,4.619314629258517,885.071562166843,1470.7554916637193,201.9496152258805,355.2922750282567,480.7156249677339,0.24157127207211712,0.6484980856753393,0.4792986710729981,0.2597916696083647,4.7595476626662805,5.215088115388927
vdw,,328.9233214199405,3.4140201144371347,762.5389525731663,0.7406932264529058,4.6293326653306615,887.4296325008318,1471.5255587836496,202.51938144254473,355.6569268870942,480.16765130996816,0.24169266022200603,0.6492278394601576,0.4808786631127933,0.2598145633401125,4.766250128064485,5.2209971232321255
vdw,,328.9233214199405,3.4140201144371347,762.5389525731663,0.7422961122244489,4.6393507014028055,889.788936461538,1472.2947494268892,203.08973208651105,356.02134088469376,479.6217237589993,0.24181390378745826,0.6499546503265641,0.48245881005960967,0.25983730216483925,4.772938933904581,5.226895323627369
vdw,,328.9233214199405,3.4140201144371347,762.5389525731663,0.7438989979959921,4.64936873747495,892.1494726466996,1473.063066853979,203.66066677087872,356.3855135732173,479.0778244537135,0.24193500033528764,0.650678457758642,0.48403905274423126,0.25985994525176087,4.779613900757137,5.232783380695324
vdw,,328.9233214199405,3.4140201144371347,762.5389525731663,0.7455018837675351,4.659386773547094,894.5112396592706,1473.8305142906795,204.23218509850608,356.7494413279576,478.5359354493602,0.24205594732149566,0.6513993604975266,0.4856194503358738,0.25988243343166134,4.78627534901009,5.23866069900491
vdw,,328.9233214199405,3.4140201144371347,762.5389525731663,0.7471047695390781,4.669404809619238,896.8742361072827,1474.5970949539694,204.80428668129662,357.11312286203315,477.9960420843679,0.24217674379263623,0.6521171698958549,0.4871998479275185,0.2599049216115596,4.792922696883188,5.244528958432238
vdw,,328.9233214199405,3.4140201144371347,762.5389525731663,0.7487076553106212,4.6794228456913824,899.2384606040114,1475.3628120319634,205.3769711249247,357.4765535156496,477.4581253177396,0.24229738651424335,0.6528324474900982,0.48878065107100566,0.25992700423961557,4.799557717427616,5.250383885340423
vdw,,328.9233214199405,3.4140201144371347,762.5389525731663,0.7503105410821644,4.689440881763527,901.6039117677154,1476.1276686682288,205.95023801709738,357.8397311541462,476.92216963663867,0.24241787397494644,0.6535439220251327,0.4903608937556372,0.25994964732652726,4.8061764301715,5.25623576633863
vdw,,328.9233214199405,3.4140201144371347,762.5389525731663,0.7519134268537074,4.699458917835671,903.970588221721,1476.8916679922265,206.52408695000202,358.2026528647517,476.38815862566554,0.24253820414039812,0.6542531085760773,0.49194169689912903,0.2599717299545784,4.812783601476999,5.262072737945488
vdw,,328.9233214199405,3.4140201144371347,762.5389525731663,0.7535163126252504,4.709476953907815,906.3384885943454,1477.654813101851,207.09851750711493,358.56531583474003,475.856076141867,0.24265837505178217,0.6549590723738591,0.49352234513560483,0.2599939674896456,4.8193763069454025,5.267902421115751
vdw,,328.9233214199405,3.4140201144371347,762.5389525731663,0.7551191983967936,4.71949498997996,908.7076115188598,1478.4171070726409,207.67352926993942,358.92771726357824,475.32590619550365,0.2427783847646878,0.655662576153653,0.4951033989239231,0.26001579947287057,4.825956951270361,5.27371890939521
vdw,,328.9233214199405,3.4140201144371347,762.5389525731663,0.7567220841683368,4.729513026052104,911.0779556334212,1479.1785529582312,208.24912181823606,359.2898550152224,474.7976338104287,0.24289823178998454,0.6563627683911131,0.49668420206742236,0.2600378821009144,4.832522871008729,5.279529184500072
vdw,,328.9233214199405,3.4140201144371347,762.5389525731663,0.7583249699398797,4.739531062124248,913.449519581078,1479.9391537880008,208.82529472805868,359.6517264280173,474.27124344399556,0.24301791428888495,0.6570603311338246,0.49826525585574494,0.2600597140841348,4.8390762175298025,5.285327971002446
vdw,,328.9233214199405,3.4140201144371347,762.5389525731663,0.759927855711423,4.749549098196393,915.8223020097021,1480.6989125584987,209.40204756511366,360.0133291322653,473.7467200688821,0.24313743062740453,0.6577549511935292,0.49984630964407034,0.2600815460673526,4.845616017386165,5.291117952740422
vdw,,328.9233214199405,3.4140201144371347,762.5389525731663,0.761530741482966,4.759567134268537,918.196301571999,1481.457832256284,209.9793799018763,360.37465963822456,473.2240473135062,0.24325677841897678,0.6584466471516879,0.5014273634323977,0.26010337805056827,4.852142338723643,5.296899159719754
vdw,,328.9233214199405,3.4140201144371347,762.5389525731663,0.7631336272545091,4.769585170340681,920.5715169253541,1482.2159158284223,210.55729129515396,360.7357164456109,472.70321155079125,0.24337595662909395,0.6591354374336486,0.5030084172207278,0.2601252100337813,4.858655249142727,5.3026716218236825
vdw,,328.9233214199405,3.4140201144371347,762.5389525731663,0.7647365130260521,4.779603206412825,922.9479467319092,1482.9731662020063,211.13578130061717,361.09649707309546,472.184197985057,0.24349496356558345,0.6598218706260595,0.5045898765608996,0.26014663646515246,4.8651564811846875,5.308431091205395
vdw,,328.9233214199405,3.4140201144371347,762.5389525731663,0.7663393987975953,4.78962124248497,925.3255896584918,1483.7295862795545,211.7148494691868,361.4569989187854,471.6669917870855,0.24361379746098968,0.6605052301737975,0.5061711809940552,0.26016821780354005,4.871643794242992,5.314183513242685
vdw,,328.9233214199405,3.4140201144371347,762.5389525731663,0.7679422845691383,4.799639278557114,927.7044443765451,1484.4851789478096,212.2944953536619,361.8172201105619,471.15157920176654,0.24373245704414162,0.6611859387572485,0.5077526403342317,0.26018964423490654,4.878118525377341,5.319925650628363
vdw,,328.9233214199405,3.4140201144371347,762.5389525731663,0.7695451703406814,4.809657314629258,930.0845095621036,1485.2399470738862,212.87471850565487,362.17715914241745,470.63794706434174,0.243850941294673,0.6618638116446447,0.5093340996744108,0.2602110706662706,4.884580103959402,5.325659166542559
vdw,,328.9233214199405,3.4140201144371347,762.5389525731663,0.7711480561122245,4.819675350701403,932.4657838958226,1485.9938934883007,213.45551846231638,362.53681319701303,470.12608061901585,0.2439692483163406,0.6625391915467136,0.510915809659413,0.2602322464528115,4.891029615985584,5.331381453055679
vdw,,328.9233214199405,3.4140201144371347,762.5389525731663,0.7727509418837676,4.829693386773547,934.8482660628662,1486.747021021791,214.0368947746084,362.8961801400323,469.61596611630773,0.2440873766746316,0.6632114452688473,0.5124972689995966,0.260253672884171,4.897465081928031,5.337097815021228
vdw,,328.9233214199405,3.4140201144371347,762.5389525731663,0.7743538276553106,4.839711422845691,937.2319547528764,1487.49933246262,214.61884697427286,363.2552583680501,469.1075906061725,0.24420532530032477,0.6638812395893987,0.5140789789846032,0.2602748486707074,4.903888605712163,5.342803008766006
vdw,,328.9233214199405,3.4140201144371347,762.5389525731663,0.7759567134268538,4.849729458917836,939.6168486599881,1488.2508305861936,215.20137459646003,363.6140456022376,468.60094037515404,0.2443230926731732,0.664548266735528,0.5156606889696125,0.2602960244572413,4.910299229878165,5.348499700148686
vdw,,328.9233214199405,3.4140201144371347,762.5389525731663,0.7775595991983968,4.85974749498998,942.0029464827302,1489.001518140433,215.78447716834933,363.97254062989145,468.09600319399146,0.2444406779950401,0.6652130653903575,0.5172428045064633,0.2603167946919335,4.916698656213556,5.354183661332994
vdw,,328.9233214199405,3.4140201144371347,762.5389525731663,0.7791624849699399,4.869765531062124,944.3902469240948,1489.7513978702846,216.3681542279578,364.33074039138694,467.592764563662,0.24455807922867268,0.6658748071251297,0.5188246693984955,0.2603378155714444,4.923084291177285,5.359861811477404
vdw,,328.9233214199405,3.4140201144371347,762.5389525731663,0.7807653707414829,4.879783567134268,946.7787486913764,1490.500472464788,216.95240528294903,364.688643592196,467.0912123649335,0.2446752955328644,0.6665339544120775,0.5204066300283323,0.26035874071315057,4.9294575969992644,5.365530543114867
vdw,,328.9233214199405,3.4140201144371347,762.5389525731663,0.7823682565130261,4.889801603206413,949.1684504962047,1491.2487446381429,217.53722987357787,365.04624880467605,466.59133440774787,0.2447923259732607,0.667190598825758,0.5219887455651901,0.26037951094783596,4.935818870649714,5.371189266419389
vdw,,328.9233214199405,3.4140201144371347,762.5389525731663,0.7839711422845692,4.899819639278557,951.5593510545253,1491.9962170513786,218.1226275114999,365.40355407624503,466.09311793215124,0.24490916927282125,0.6678445581253323,0.5235708611020501,0.2604002811825191,4.942167548575689,5.376839634286745
vdw,,328.9233214199405,3.4140201144371347,762.5389525731663,0.7855740280561122,4.909837675350701,953.9514491219837,1492.7429015098382,218.70860486926824,365.7594630888497,465.5951572048715,0.24502508953075675,0.6684958487469261,0.5251529766389122,0.26042105141719996,4.948503691456015,5.382481674668562
vdw,,328.9233214199405,3.4140201144371347,762.5389525731663,0.7871769138276554,4.919855711422846,956.3447433885153,1493.4887892625732,219.29515257939875,366.1148025174726,465.0985008404728,0.24514064327074453,0.6691450021906252,0.5267354977276161,0.26044141610003935,4.9548289788890205,5.388111174405789
vdw,,328.9233214199405,3.4140201144371347,762.5389525731663,0.7887797995991984,4.92987374749499,958.7392325807948,1494.2338827691017,219.88227002414942,366.46957263550746,464.6031412337399,0.2452558310057654,0.6697910031835703,0.5283176132644827,0.26046218633471574,4.9611402286854425,5.393736645676188
vdw,,328.9233214199405,3.4140201144371347,762.5389525731663,0.7903826853707415,4.939891783567134,961.1349154296443,1494.9781844675706,220.46995658050992,366.8237737436184,464.109070875653,0.2453706532676,0.6704347011316608,0.5298999794461726,0.2604827059245689,4.967440119637805,5.399351254610161
vdw,,328.9233214199405,3.4140201144371347,762.5389525731663,0.7919855711422846,4.949909819639279,963.5317906700034,1495.7216967844295,221.05821162772008,367.1774058893595,463.6162819983926,0.2454851104177563,0.671075989134907,0.5314825005348829,0.26050307060740174,4.973728324716719,5.404956032679181
vdw,,328.9233214199405,3.4140201144371347,762.5389525731663,0.7935884569138277,4.959927855711423,965.9298570408532,1496.464422117772,221.6470345340324,367.53047258455905,463.1247712622256,0.24559920513475084,0.6717150024351974,0.5330652722684164,0.26052318464541135,4.980005278073181,5.410550011316643
vdw,,328.9233214199405,3.4140201144371347,762.5389525731663,0.7951913426853707,4.969945891783567,968.3291132853071,1497.206362880697,222.23642469087486,367.8829715960366,462.6345281296592,0.24571293625029222,0.6723509295820567,0.5346476384501128,0.26054370423525797,4.986268437165172,5.416140063919528
vdw,,328.9233214199405,3.4140201144371347,762.5389525731663,0.7967942284569138,4.979963927855711,970.7295581504733,1497.9475214463105,222.82638146928605,368.23490401677736,462.14554632242726,0.24582630482357365,0.6729844925926523,0.53623015953883,0.2605640689180838,4.9925200808064965,5.421720370079395
vdw,,328.9233214199405,3.4140201144371347,762.5389525731663,0.7983971142284569,4.989981963927856,973.1311903874615,1498.6879001792552,223.41690424476144,368.5862715614701,461.6578203913712,0.24593931232605815,0.673615825618425,0.5378129312723701,0.2605841829560869,4.998760639692227,5.427289962527176
vdw,,328.9233214199405,3.4140201144371347,762.5389525731663,0.8,5.0,975.5340087513796,1499.4275014297048,224.00799239238427,368.9370737379715,461.17134217246434,0.2460519587550514,0.6742446287573904,0.5393957030059123,0.2606042969940877,5.004989179443861,5.432851481340142
rks,,374.1246008659684,2.9343794358079145,517.6872573180447,0.00016,0.001,0.149970999107124,938.7555176858541,0.0002298837226126782,-0.01995637423969815,-124.72733899811342,-2.125832963293044e-05,1.0,0.00016,0.0,0.09668059998027684,0.09668059998027684
rks,,374.1246008659684,2.9343794358079145,517.6872573180447,0.0017628857715430862,0.011018036072144289,1.654535159952199,938.5552981932932,3.062103913609171e-05,-0.2933303702091546,-166.39215934699905,-0.00031253392397210026,0.0208827507883338,3.6813904235433825e-05,0.0017260718673076524,0.04637715052440211,0.29542428845027413
rks,,374.1246008659684,2.9343794358079145,517.6872573180447,0.0033657715430861724,0.021036072144288577,3.158745430857709,938.2751921626669,-0.0007254894928947486,-0.6707915278707647,-199.297997289411,-0.0007149198161411805,0.002029407210132313,6.830521037197239e-06,0.0033589410220489753,0.019976969672313997,0.368967442277882
rks,,374.1246008659684,2.9343794358079145,517.6872573180447,0.004968657314629259,0.03105410821643287,4.6624675375710325,937.9352186957151,-0.00218885255017387,-1.1207526105181969,-225.56448141801923,-0.0011949147320394963,2.1585559585637645e-06,1.0725124852554419e-08,0.004968646589504406,0.0007915984066803967,0.4210521589509571
rks,,374.1246008659684,2.9343794358079145,517.6872573180447,0.0065715430861723444,0.04107214428857715,6.165604784489698,937.5497383398827,-0.004456283559552077,-1.6211353282006942,-246.69020760311858,-0.001729119279656816,0.0,0.0,0.0065715430861723444,0.0,0.4629189357826267
rks,,374.1246008659684,2.9343794358079145,517.6872573180447,0.008174428857715431,0.051090180360721445,7.668086267975667,937.1293255991833,-0.007589265386303445,-2.15610505607155,-263.7621653574624,-0.002300755079554229,0.0,0.0,0.008174428857715431,0.0,0.49865202667510156
rks,,374.1246008659684,2.9343794358079145,517.6872573180447,0.009777314629258517,0.06110821643286573,9.16985934934644,936.6819452022204,-0.011625263558446619,-2.7140493734449507,-277.5863799374099,-0.0028975143455540974,0.0,0.0,0.009777314629258517,0.0,0.5301730292818878
rks,,374.1246008659684,2.9343794358079145,517.6872573180447,0.011380200400801604,0.07112625250501002,10.670884681469296,936.2137158942306,-0.01658497661381375,-3.286284778200821,-288.7721360310439,-0.0035101865337039038,0.0,0.0,0.011380200400801604,0.0,0.5585950932755152
rks,,374.1246008659684,2.9343794358079145,517.6872573180447,0.012983086172344688,0.0811442885771543,12.171132823559017,935.7294208720889,-0.02247711837849664,-3.8662052886177447,-297.7878477655922,-0.0041317556147956605,0.0,0.0,0.012983086172344688,0.0,0.584627536169882
rks,,374.1246008659684,2.9343794358079145,517.6872573180447,0.014585971943887775,0.09116232464929859,13.670581875990885,935.2328576291661,-0.029301653609879352,-4.4487077104046735,-304.9990585144994,-0.004756791502901466,0.0,0.0,0.014585971943887775,0.0,0.6087533256955819
rks,,374.1246008659684,2.9343794358079145,517.6872573180447,0.01618885771543086,0.10118036072144287,15.169215789037088,934.7270831591052,-0.03705203701462345,-5.029794945277838,-310.694863942349,-0.005381030501735969,0.0,0.0,0.01618885771543086,0.0,0.6313178296508074
rks,,374.1246008659684,2.9343794358079145,517.6872573180447,0.01779174348697395,0.11119839679358719,16.667089413637676,934.1917425903871,-0.046189561820312974,-5.6445483361709226,-317.256616267176,-0.0060421732272213785,0.0,0.0,0.01779174348697395,0.0,0.6525775307492427
rks,,374.1246008659684,2.9343794358079145,517.6872573180447,0.019394629258517034,0.12121643286573146,18.164087248278925,933.6595061103751,-0.05610727357808187,-6.226352812680467,-321.0348973258255,-0.00666876176157564,0.0,0.0,0.019394629258517034,0.0,0.6727287165261541
rks,,374.1246008659684,2.9343794358079145,517.6872573180447,0.02099751503006012,0.13123446893787574,19.660224691369468,933.1281050655715,-0.06685328028361326,-6.784842066401651,-323.12595355633493,-0.007271072460007916,0.0,0.0,0.02099751503006012,0.0,0.691925335202354
rks,,374.1246008659684,2.9343794358079145,517.6872573180447,0.022600400801603207,0.14125250501002004,21.155506803494184,932.5977895150198,-0.07842297376555152,-7.322702579709604,-324.0076423419072,-0.007851940742340425,0.0,0.0,0.022600400801603207,0.0,0.7102906151966358
rks,,374.1246008659684,2.9343794358079145,517.6872573180447,0.024203286573146292,0.1512705410821643,22.649937482708385,932.0691614299812,-0.0908004626263974,-7.841090767490761,-323.968017475383,-0.008412563243119162,0.0,0.0,0.024203286573146292,0.0,0.7279249096036519
rks,,374.1246008659684,2.9343794358079145,517.6872573180447,0.025806172344689376,0.1612885771543086,24.14352088414352,931.5428762147028,-0.10396487407925648,-8.34053008035682,-323.1990381585283,-0.008953458067596759,0.0,0.0,0.025806172344689376,0.0,0.744911158197555
rks,,374.1246008659684,2.9343794358079145,517.6872573180447,0.027409058116232465,0.1713066132264529,25.636261817336333,931.0195626772651,-0.11789251656584199,-8.82122943945936,-321.8362849993435,-0.009474805678725799,0.0,0.0,0.027409058116232465,0.0,0.7613187919759749
rks,,374.1246008659684,2.9343794358079145,517.6872573180447,0.02901194388777555,0.18132464929859718,27.128165857245616,930.4997977416596,-0.13255793757809187,-9.28323399308596,-319.9797307273001,-0.009976610436258602,0.0,0.0,0.02901194388777555,0.0,0.7772065884554444
rks,,374.1246008659684,2.9343794358079145,517.6872573180447,0.030614829659318638,0.19134268537074148,28.619239342239528,929.9841024468277,-0.14793445995556453,-9.726497806036164,-317.70543603451284,-0.010458778575295357,0.0,0.0,0.030614829659318638,0.0,0.7926248014336528
rks,,374.1246008659684,2.9343794358079145,517.6872573180447,0.03221771543086172,0.20136072144288575,30.10948933197412,929.4729451882909,-0.16399448321283217,-10.1509215865836,-315.07266889755675,-0.010921158748227196,0.0,0.0,0.03221771543086172,0.0,0.8076167774964997
rks,,374.1246008659684,2.9343794358079145,517.6872573180447,0.03382060120240481,0.21137875751503005,31.598923552933286,928.9667471932768,-0.18070966581426617,-10.556373223755843,-312.12849116961394,-0.01136356414871708,0.0,0.0,0.03382060120240481,0.0,0.8222202020656333
rks,,374.1246008659684,2.9343794358079145,517.6872573180447,0.0354234869739479,0.22139679358717437,33.08755034281117,928.4658883412824,-0.19805104139879148,-10.942699290092666,-308.910844890579,-0.011785784946436702,0.0,0.0,0.0354234869739479,0.0,0.8364680732322379
rks,,374.1246008659684,2.9343794358079145,517.6872573180447,0.037026372745490976,0.2314148296593186,34.57537859821307,927.9707126281324,-0.21598909554494838,-11.309731557322129,-305.450702261928,-0.012187595366335985,0.0,0.0,0.037026372745490976,0.0,0.8503894723429046
rks,,374.1246008659684,2.9343794358079145,517.6872573180447,0.03862925851703407,0.24143286573146291,36.06241772727571,927.4815330463538,-0.23449381745303555,-11.657290652731662,-301.7736063349813,-0.012568757692072618,0.0,0.0,0.03862925851703407,0.0,0.8640101806294662
rks,,374.1246008659684,2.9343794358079145,517.6872573180447,0.04023214428857715,0.2514509018036072,37.54867760755061,926.998635847452,-0.2535347348217343,-11.98518803089469,-297.9008015314154,-0.012929024453135212,0.0,0.0,0.04023214428857715,0.0,0.8773531776901462
rks,,374.1246008659684,2.9343794358079145,517.6872573180447,0.04183503006012024,0.2614689378757515,39.034168548949,926.5222842272248,-0.2730809369317839,-12.293226930162518,-293.85008000463205,-0.013268139514222054,0.0,0.0,0.04183503006012024,0.0,0.8904390482197401
rks,,374.1246008659684,2.9343794358079145,517.6872573180447,0.04343791583166333,0.2714869739478958,40.51890126133141,926.0527215003061,-0.29310108911835187,-12.581202709050922,-289.63642633793376,-0.013585838491644412,0.0,0.0,0.04343791583166333,0.0,0.9032863167125571
rks,,374.1246008659684,2.9343794358079145,517.6872573180447,0.045040801603206414,0.2815050100200401,42.00288682626255,925.5901738338404,-0.3135634407352086,-12.848902800275747,-285.2725160948522,-0.013881848752839451,0.0,0.0,0.045040801603206414,0.0,0.9159117250572748
rks,,374.1246008659684,2.9343794358079145,517.6872573180447,0.0466436873747495,0.2915230460921844,43.486136672456695,925.1348526056532,-0.3344358280336479,-13.096106426643967,-280.76910646934675,-0.014155889154709314,0.0,0.0,0.0466436873747495,0.0,0.9283304644366425
rks,,374.1246008659684,2.9343794358079145,517.6872573180447,0.04824657314629258,0.3015410821643286,44.968662554476644,924.6869564443991,-0.3556856729592752,-13.322584170192103,-276.1353460233445,-0.014407669619803037,0.0,0.0,0.04824657314629258,0.0,0.9405563703539902
rks,,374.1246008659684,2.9343794358079145,517.6872573180447,0.04984945891783567,0.3115591182364729,46.450476534294225,924.2466730008292,-0.37727997859309426,-13.528097449712822,-271.3790228297262,-0.014636890610371378,0.0,0.0,0.04984945891783567,0.0,0.9526020876716097
rks,,374.1246008659684,2.9343794358079145,517.6872573180447,0.05145234468937876,0.3215771543086172,47.931590965369296,923.8141804920391,-0.39918532175693855,-13.712397942388662,-266.50676514688155,-0.014843242539408961,0.0,0.0,0.05145234468937876,0.0,0.964479211082554
rks,,374.1246008659684,2.9343794358079145,517.6872573180447,0.053055230460921844,0.3315951903807615,49.41201847894818,923.3896490535463,-0.42136784318253007,-13.875226970675758,-261.524205062037,-0.015026405142073613,0.0,0.0,0.053055230460921844,0.0,0.9761984053205408
rks,,374.1246008659684,2.9343794358079145,517.6872573180447,0.05465811623246493,0.3416132264529058,50.891771972323596,922.9732419286852,-0.44379323553054917,-14.016314867898583,-256.43611295139004,-0.015186046822559534,0.0,0.0,0.05465811623246493,0.0,0.9877695085523917
rks,,374.1246008659684,2.9343794358079145,517.6872573180447,0.056261002004008014,0.35163126252505006,52.37086459883373,922.5651165195006,-0.4664267295022171,-14.135380329864336,-251.2465087069963,-0.01532182398483907,0.0,0.0,0.056261002004008014,0.0,0.9992016217291076
rks,,374.1246008659684,2.9343794358079145,517.6872573180447,0.0578638877755511,0.36164929859719436,53.84930975940877,922.1654253200849,-0.48923307819403306,-14.232129756798725,-245.95875430983654,-0.015433380352401235,0.0,0.0,0.0578638877755511,0.0,1.0105031861482354
rks,,374.1246008659684,2.9343794358079145,517.6872573180447,0.05946677354709418,0.37166733466933866,55.32712109550016,921.7743167493468,-0.5121765398392881,-14.306256587354218,-240.5756312981148,-0.01552034627934252,0.0,0.0,0.05946677354709418,0.0,1.0216820510670934
rks,,374.1246008659684,2.9343794358079145,517.6872573180447,0.061069659318637275,0.38168537074148295,56.80431248325004,921.3919358977357,-0.5352208590356398,-14.357440624271693,-235.099405899094,-0.015582338052788438,0.0,0.0,0.061069659318637275,0.0,1.0327455328781108
rks,,374.1246008659684,2.9343794358079145,517.6872573180447,0.06267254509018036,0.39170340681362725,58.280898028779255,921.0184252002867,-0.5583292465273786,-14.385347351650907,-229.53188403234046,-0.015618957187010278,0.0,0.0,0.06267254509018036,0.0,1.0437004670948358
rks,,374.1246008659684,2.9343794358079145,517.6872573180447,0.06427543086172344,0.4017214428857715,59.756892064487424,920.6539250463994,-0.5814643575932692,-14.38962724144746,-223.87445791540551,-0.01562978970705224,0.0,0.0,0.06427543086172344,0.0,1.054553254185642
rks,,374.1246008659684,2.9343794358079145,517.6872573180447,0.06587831663326653,0.4117394789579158,61.23230914627483,920.2985743350278,-0.6045882690880973,-14.369915048777901,-218.1281456958409,-0.015614405421806773,0.0,0.0,0.06587831663326653,0.0,1.0653099001208248
rks,,374.1246008659684,2.9343794358079145,517.6872573180447,0.06748120240480962,0.4217575150300601,62.70716405160647,919.9525109831113,-0.6276624551422856,-14.325829092202591,-212.2936252123086,-0.015572357182756347,0.0,0.0,0.06748120240480962,0.0,1.0759760523592072
rks,,374.1246008659684,2.9343794358079145,517.6872573180447,0.0690840881763527,0.43177555110220434,64.18147177835088,919.6158723934144,-0.6506477615507293,-14.256970517959868,-206.37126282344119,-0.015503180127648659,0.0,0.0,0.0690840881763527,0.0,1.0865570318860687
rks,,374.1246008659684,2.9343794358079145,517.6872573180447,0.07068697394789579,0.4417935871743487,65.65524754433456,919.2887958876174,-0.6735043788340533,-14.162922545255393,-200.3611380463825,-0.015406390906331467,0.0,0.0,0.07068697394789579,0.0,1.0970578618201217
rks,,374.1246008659684,2.9343794358079145,517.6872573180447,0.07228985971943888,0.451811623246493,67.12850678756115,918.9714191094267,-0.6961918139670189,-14.043249689795598,-194.26306461650722,-0.01528148688607191,0.0,0.0,0.07228985971943888,0.0,1.1074832930294414
rks,,374.1246008659684,2.9343794358079145,517.6872573180447,0.07389274549098196,0.46182965931863723,68.60126516705175,918.6638804017064,-0.7186688607705776,-13.897496963651454,-188.076608485843,-0.0151279453346685,0.0,0.0,0.07389274549098196,0.0,1.117837827131594
rks,,374.1246008659684,2.9343794358079145,517.6872573180447,0.07549563126252505,0.4718476953907816,70.07353856426893,918.366319161676,-0.7408935689166469,-13.725189048952139,-181.80110318204765,-0.014945222579026066,0.0,0.0,0.07549563126252505,0.0,1.1281257371992455
rks,,374.1246008659684,2.9343794358079145,517.6872573180447,0.07709851703406813,0.4818657314629258,71.54534308509119,918.0788761769353,-0.7628232115456228,-13.525829441651112,-175.4356628633252,-0.014732753135520752,0.0,0.0,0.07709851703406813,0.0,1.138351086447308
rks,,374.1246008659684,2.9343794358079145,517.6872573180447,0.07870140280561122,0.4918837675350701,73.01669506231113,917.8016939454822,-0.784414251435436,-13.298899563776217,-168.9791933775803,-0.014489948810844294,0.0,0.0,0.07870140280561122,0.0,1.1485177451396484
rks,,374.1246008659684,2.9343794358079145,517.6872573180447,0.0803042885771543,0.5019018036072144,74.4876110586338,917.5349169820785,-0.805622305689667,-13.043857841733256,-162.43040157439478,-0.014216197771128565,0.0,0.0,0.0803042885771543,0.0,1.158629405921233
rks,,374.1246008659684,2.9343794358079145,517.6872573180447,0.0819071743486974,0.5119198396793587,75.95810787015469,917.278692113185,-0.8264021088949249,-12.760138745831222,-155.78780305017506,-0.013910863574553328,0.0,0.0,0.0819071743486974,0.0,1.1686895977543639
rks,,374.1246008659684,2.9343794358079145,517.6872573180447,0.08351006012024048,0.521937875751503,77.42820253030162,917.0331687625414,-0.8467074746871504,-12.447151790620694,-149.049728532094,-0.013573284167482264,0.0,0.0,0.08351006012024048,0.0,1.1787016986144907
rks,,374.1246008659684,2.9343794358079145,517.6872573180447,0.08511294589178357,0.5319559118236473,78.89791231422753,916.7984992290438,-0.8664912556775306,-12.104280491613965,-142.21432902820555,-0.013202770839822188,0.0,0.0,0.08511294589178357,0.0,1.1886689470813139
rks,,374.1246008659684,2.9343794358079145,517.6872573180447,0.08671583166332665,0.5419739478957916,80.36725474364223,916.5748389586772,-0.8857053016608489,-11.730881275889157,-135.27957987457452,-0.01279860713743423,0.0,0.0,0.08671583166332665,0.0,1.1985944529439732
rks,,374.1246008659684,2.9343794358079145,517.6872573180447,0.08831871743486973,0.5519919839679358,81.83624759207548,916.3623468119135,-0.9043004160399875,-11.32628234203344,-128.24328376808643,-0.012360047727231855,0.0,0.0,0.08831871743486973,0.0,1.2084812069245876
rks,,374.1246008659684,2.9343794358079145,517.6872573180447,0.08992160320641283,0.5620100200400802,83.30490889056574,916.1611853279312,-0.9222263103906556,-10.889782468678494,-121.10307290319619,-0.011886317214782024,0.0,0.0,0.08992160320641283,0.0,1.2183320896118903
rks,,374.1246008659684,2.9343794358079145,517.6872573180447,0.09152448897795591,0.5720280561122244,84.77325693376974,915.9715209868876,-0.9394315570838359,-10.420649765680048,-113.85641025747665,-0.01137660890859643,0.0,0.0,0.09152448897795591,0.0,1.2281498796859023
rks,,374.1246008659684,2.9343794358079145,517.6872573180447,0.093127374749499,0.5820460921843688,86.24131028649148,915.793524471496,-0.9558635398699948,-9.918120365038904,-106.50059009735223,-0.010830083528667279,0.0,0.0,0.093127374749499,0.0,1.2379372615052255
rks,,374.1246008659684,2.9343794358079145,517.6872573180447,0.09473026052104208,0.592064128256513,87.70908779063035,915.6273709288737,-0.9714684023413156,-9.381397048763453,-99.03273776682583,-0.010245867856971484,0.0,0.0,0.09473026052104208,0.0,1.2476968321204118
rks,,374.1246008659684,2.9343794358079145,517.6872573180447,0.09633314629258516,0.6020821643286572,89.17660857254896,915.4732402338047,-0.9861909941588891,-8.809647807531515,-91.44980877894986,-0.009623053324072695,0.0,0.0,0.09633314629258516,0.0,1.257431107769794
rks,,374.1246008659684,2.9343794358079145,517.6872573180447,0.09793603206412826,0.6121002004008016,90.64389205086535,915.3313172542756,-0.9999748149498515,-8.20200432839514,-83.74858727199084,-0.008960694530805235,0.0,0.0,0.09793603206412826,0.0,1.267142529907996
rks,,374.1246008659684,2.9343794358079145,517.6872573180447,0.09953891783567134,0.6221182364729458,92.11095794467172,915.2017921204033,-1.0127619557397338,-7.557560404269924,-75.92568382897923,-0.00825780769808158,0.0,0.0,0.09953891783567134,0.0,1.276833470811947
rks,,374.1246008659684,2.9343794358079145,517.6872573180447,0.10114180360721443,0.6321362725450902,93.57782628218861,915.0848604973961,-1.0244930378257493,-6.87537026275597,-67.97753270701563,-0.0075133690431932725,0.0,0.0,0.10114180360721443,0.0,1.286506238804501
rks,,374.1246008659684,2.9343794358079145,517.6872573180447,0.10274468937875751,0.6421543086172344,95.04451740985965,914.9807238637624,-1.0351071489266843,-6.154446808960686,-59.900388488917066,-0.006726313077910331,0.0,0.0,0.10274468937875751,0.0,1.2961630831316062
rks,,374.1246008659684,2.9343794358079145,517.6872573180447,0.10434757515030059,0.6521723446893787,96.5110520018961,914.8895897953378,-1.0445417764994147,-5.3937597739388705,-51.69032213896475,-0.005895530820440817,0.0,0.0,0.10434757515030059,0.0,1.305806198525332
rks,,374.1246008659684,2.9343794358079145,517.6872573180447,0.10595046092184368,0.662190380761523,97.97745107028335,914.8116722561579,-1.0527327380608256,-4.592233768406323,-43.34321652261493,-0.0050198679221928905,0.0,0.0,0.10595046092184368,0.0,1.3154377294818353
rks,,374.1246008659684,2.9343794358079145,517.6872573180447,0.10755334669338677,0.6722084168336673,99.44373597525781,914.747191896966,-1.0596141083614299,-3.748746230362818,-34.85476134043275,-0.004098122698347746,0.0,0.0,0.10755334669338677,0.0,1.3250597742805084
rks,,374.1246008659684,2.9343794358079145,517.6872573180447,0.10915623246492986,0.6822264529058116,100.9099284362696,914.6963763623761,-1.0651181432290855,-2.8621252626713605,-26.220447500246173,-0.003129044059465553,0.0,0.0,0.10915623246492986,0.0,1.3346743887680488
rks,,374.1246008659684,2.9343794358079145,517.6872573180447,0.11075911823647294,0.6922444889779559,102.37605054344527,914.6594606070967,-1.0691751999552963,-1.9311473556392322,-17.43556093969793,-0.0021113293403836344,0.0,0.0,0.11075911823647294,0.0,1.3442835899289542
rks,,374.1246008659684,2.9343794358079145,517.6872573180447,0.11236200400801602,0.7022625250501001,103.84212476956449,914.636687222859,-1.0717136539511216,-0.954534981984988,-8.495175841798714,-0.0010436220144233153,0.0,0.0,0.11236200400801602,0.0,1.3538893592619876
rks,,374.1246008659684,2.9343794358079145,517.6872573180447,0.11396488977955911,0.7122805611222445,105.30817398256981,914.6283067760219,-1.0726598115757042,0.06904593812855984,0.6058527171141441,7.549070766455964e-05,0.0,0.0,0.11396488977955911,0.0,1.3634936459803955
rks,,374.1246008659684,2.9343794358079145,517.6872573180447,0.1155677755511022,0.7222985971943887,106.77422145862683,914.6345781576133,-1.0719378188307331,1.140988714352958,9.87289673883557,0.0012474804054000443,0.0,0.0,0.1155677755511022,0.0,1.3730983700521089
rks,,374.1246008659684,2.9343794358079145,517.6872573180447,0.1171706613226453,0.7323166332665331,108.24029089575596,914.6557689463067,-1.069469565744555,2.262748711960427,19.31156388824709,0.0024738801074497543,0.0,0.0,0.1171706613226453,0.0,1.3827054250947801
rks,,374.1246008659684,2.9343794358079145,517.6872573180447,0.11877354709418837,0.7423346693386773,109.70640642805667,914.6921557851997,-1.0651745862185606,3.4358463365635634,28.9277067210842,0.003756287090506563,0.0,0.0,0.11877354709418837,0.0,1.3923166811392602
rks,,374.1246008659684,2.9343794358079145,517.6872573180447,0.12037643286573145,0.7523527054108216,111.17259264054695,914.7440247737526,-1.0589699530403323,4.661870190745976,38.72743260257472,0.005096365829663676,0.0,0.0,0.12037643286573145,0.0,1.4019339872740344
rks,,374.1246008659684,2.9343794358079145,517.6872573180447,0.12197931863727454,0.7623707414829659,112.63887458464423,914.8116718758534,-1.0507701678016588,5.942480408430322,48.71711430116493,0.0064958511036977236,0.0,0.0,0.12197931863727454,0.0,1.4115591741821516
rks,,374.1246008659684,2.9343794358079145,517.6872573180447,0.12358220440881763,0.7723887775551102,114.1052777943139,914.8954033449132,-1.0404870454551798,7.279412181837652,58.90340131623565,0.007956551268291085,0.0,0.0,0.12358220440881763,0.0,1.4211940565813064
rks,,374.1246008659684,2.9343794358079145,517.6872573180447,0.12518509018036073,0.7824068136272545,115.57182830291265,914.9955361673138,-1.0280295931799515,8.674479494969725,69.2932319853103,0.009480351708932853,0.0,0.0,0.12518509018036073,0.0,1.4308404355769626
rks,,374.1246008659684,2.9343794358079145,517.6872573180447,0.1267879759519038,0.7924248496993987,117.03855266075884,915.1123985253348,-1.0133038832396863,10.129579073129541,79.8938463768215,0.011069218480104665,0.0,0.0,0.1267879759519038,0.0,1.440500100937704
rks,,374.1246008659684,2.9343794358079145,517.6872573180447,0.12839086172344688,0.802442885771543,118.50547795346105,915.2463302810046,-0.9962129194604046,11.64669456623395,90.71280003806547,0.012725202146025662,0.0,0.0,0.12839086172344688,0.0,1.4501748333013944
rks,,374.1246008659684,2.9343794358079145,517.6872573180447,0.12999374749499,0.8124609218436873,119.97263182103848,915.3976834819681,-0.9766564969847451,13.227900982096179,101.7579786489807,0.014450441836142955,0.0,0.0,0.12999374749499,0.0,1.4598664063201665
rks,,374.1246008659684,2.9343794358079145,517.6872573180447,0.13159663326653306,0.8224789579158316,121.44004247787277,915.5668228910055,-0.9545310548802917,14.87536937991637,113.03761358231793,0.016247169521658413,0.0,0.0,0.13159663326653306,0.0,1.4695765887517893
rks,,374.1246008659684,2.9343794358079145,517.6872573180447,0.13319951903807614,0.8324969939879758,122.90773873352539,915.7541265405221,-0.9297295211943322,16.591371854420906,124.56029852238528,0.018117714541018494,0.0,0.0,0.13319951903807614,0.0,1.4793071465045253
rks,,374.1246008659684,2.9343794358079145,517.6872573180447,0.13480240480961922,0.8425150300601201,124.3757500144679,915.9599863136675,-0.9021411499996077,18.378286813518763,136.33500707553642,0.020064508371684674,0.0,0.0,0.13480240480961922,0.0,1.4890598446422088
rks,,374.1246008659684,2.9343794358079145,517.6872573180447,0.13640529058116233,0.8525330661322645,125.8441063867629,916.184808553942,-0.8716513499158651,20.238604587851988,148.3711115721706,0.022090089683756642,0.0,0.0,0.13640529058116233,0.0,1.498836449355958
rks,,374.1246008659684,2.9343794358079145,517.6872573180447,0.1380081763527054,0.8625511022044088,127.31283857974799,916.4290147048396,-0.8381415036264315,22.174933379535098,160.67840301623113,0.02419710967649483,0.0,0.0,0.1380081763527054,0.0,1.5086387299086301
rks,,374.1246008659684,2.9343794358079145,517.6872573180447,0.13961106212424848,0.872569138276553,128.78197801076888,916.6930419814375,-0.801488777832077,24.19000558386876,173.26711233197685,0.026388337727078104,0.0,0.0,0.13961106212424848,0.0,1.518468460557895
rks,,374.1246008659684,2.9343794358079145,517.6872573180447,0.1412139478957916,0.8825871743486974,130.25155681101572,916.9773440760684,-0.7615659230364429,26.28668450735732,186.14793297015888,0.028666667368803272,0.0,0.0,0.1412139478957916,0.0,1.5283274224635814
rks,,374.1246008659684,2.9343794358079145,517.6872573180447,0.14281683366733466,0.8926052104208416,131.72160785251933,917.2823919003489,-0.7182410625123055,28.467971509104025,199.33204495637318,0.03103512261924756,0.0,0.0,0.14281683366733466,0.0,1.5382174055847744
rks,,374.1246008659684,2.9343794358079145,517.6872573180447,0.14441971943887777,0.9026232464929861,133.1921647763669,917.608674365532,-0.6713774698162069,30.737013596684793,212.83114048489415,0.03349686468247206,0.0,0.0,0.14441971943887777,0.0,1.548140210572007
rks,,374.1246008659684,2.9343794358079145,517.6872573180447,0.14602260521042085,0.9126412825651303,134.66326202220017,917.956699203917,-0.6208333340855745,33.0971115096868,226.65745116650498,0.03605519905066299,0.0,0.0,0.14602260521042085,0.0,1.5580976506597566
rks,,374.1246008659684,2.9343794358079145,517.6872573180447,0.14762549098196392,0.9226593186372745,136.13493485906497,918.3269938338675,-0.5664615123493206,35.551728327779735,240.823777054352,0.03871358303359568,0.0,0.0,0.14762549098196392,0.0,1.5680915535643907
rks,,374.1246008659684,2.9343794358079145,517.6872573180447,0.149228376753507,0.9326773547094187,137.6072194176829,918.7201062712494,-0.5081092680148913,38.104498637608685,255.34351754391238,0.04147563374035753,0.0,0.0,0.149228376753507,0.0,1.5781237633926324
rks,,374.1246008659684,2.9343794358079145,517.6872573180447,0.15083126252505008,0.942695390781563,139.08015272422355,919.1366060901292,-0.4456179946597274,40.75923830445578,270.23070431228723,0.04434513654922257,0.0,0.0,0.15083126252505008,0.0,1.5881961425655942
rks,,374.1246008659684,2.9343794358079145,517.6872573180447,0.15243414829659319,0.9527134268537074,140.553772735656,919.5770854363717,-0.3788229240991825,43.519954894425965,285.5000364468767,0.04732605409993901,0.0,0.0,0.15243414829659319,0.0,1.5983105737634185
rks,,374.1246008659684,2.9343794358079145,517.6872573180447,0.15403703406813626,0.9627314629258517,142.02811837677135,920.0421600971293,-0.307552817768169,46.39085878797345,301.1669178689396,0.05042253583583164,0.0,0.0,0.15403703406813626,0.0,1.608468961895584
rks,,374.1246008659684,2.9343794358079145,517.6872573180447,0.15563991983967934,0.9727494989979959,143.50322957896378,920.5324706301654,-0.2316296402628666,49.37637505010128,317.24749730636336,0.05363892814807487,0.0,0.0,0.15563991983967934,0.0,1.6186732361019862
rks,,374.1246008659684,2.9343794358079145,517.6872573180447,0.15724280561122245,0.9827675350701403,144.97914732087318,921.0486835568972,-0.1508682138636459,52.4811561033653,333.7587109271199,0.05697978515174036,0.0,0.0,0.15724280561122245,0.0,1.6289253517899587
rks,,374.1246008659684,2.9343794358079145,517.6872573180447,0.15884569138276552,0.9927855711422845,146.45591367099246,921.5914926236968,-0.0650758527064852,55.710095274661846,350.7183278923126,0.06044988014815511,0.0,0.0,0.15884569138276552,0.0,1.6392272927125102
rks,,374.1246008659684,2.9343794358079145,517.6872573180447,0.16044857715430857,1.0028036072144286,147.9335718323528,922.1616201354209,0.02594802468746593,59.068341279702615,368.1449990229249,0.06405421781816113,0.0,0.0,0.16044857715430857,0.0,1.6495810730931675
rks,,374.1246008659684,2.9343794358079145,517.6872573180447,0.1620514629258517,1.012821643286573,149.4121661894091,922.7598183669126,0.12241230614228016,62.56131371601366,386.0583088018108,0.06779804719578471,0.0,0.0,0.1620514629258517,0.0,1.659988739802957
rks,,374.1246008659684,2.9343794358079145,517.6872573180447,0.16365434869739479,1.0228396793587173,150.8917423572485,923.3868710571915,0.22453462134143365,66.19471965692341,404.478831047263,0.07168687549254048,0.0,0.0,0.16365434869739479,0.0,1.670452374595232
rks,,374.1246008659684,2.9343794358079145,517.6872573180447,0.16525723446893786,1.0328577154308616,152.37234723326705,924.043594992152,0.33254180387126553,69.97457141744218,423.4281884379153,0.07572648281603693,0.0,0.0,0.16525723446893786,0.0,1.680974096404267
rks,,374.1246008659684,2.9343794358079145,517.6872573180447,0.16686012024048094,1.0428757515030058,153.8540290514545,924.7308416822802,0.4466703817319342,73.90720560273166,442.92911629342984,0.07992293786619994,0.0,0.0,0.16686012024048094,0.0,1.691556063713743
rks,,374.1246008659684,2.9343794358079145,517.6872573180447,0.16846300601202402,1.05289378757515,155.33683743944772,925.4494991417419,0.5671670982921455,77.99930353513575,463.0055308972022,0.08428261467262341,0.0,0.0,0.16846300601202402,0.0,1.7022004770015335
rks,,374.1246008659684,2.9343794358079145,517.6872573180447,0.17006589178356712,1.0629118236472945,156.82082347852108,926.2004937760245,0.6942894658787395,82.25791317524009,483.6826027403832,0.08881221045335769,0.0,0.0,0.17006589178356712,0.0,1.7129095812674786
rks,,374.1246008659684,2.9343794358079145,517.6872573180447,0.1716687775551102,1.0729298597194388,158.30603976669127,926.9847923860776,0.8283063544043046,86.69047266582427,504.98683511621294,0.09351876468510475,0.0,0.0,0.1716687775551102,0.0,1.7236856686511615
rks,,374.1246008659684,2.9343794358079145,517.6872573180447,0.17327166332665328,1.082947895791583,159.79254048513343,927.803404297398,0.9694986176080818,91.30483562759369,526.9461484620541,0.09840967946947396,0.0,0.0,0.17327166332665328,0.0,1.7345310811470636
rks,,374.1246008659684,2.9343794358079145,517.6872573180447,0.17487454909819636,1.0929659318637273,161.28038149581687,928.6573907761054,1.1181609828620935,96.10910788850333,549.5888817676705,0.1034925353990692,0.0,0.0,0.17487454909819636,0.0,1.7454482134248734
rks,,374.1246008659684,2.9343794358079145,517.6872573180447,0.17647743486973944,1.1029839679358715,162.76962049006994,929.5478844475554,1.2746057458275857,101.1110992675062,572.9406671291306,0.10877449237335211,0.0,0.0,0.17647743486973944,0.0,1.75643951576316
rks,,374.1246008659684,2.9343794358079145,517.6872573180447,0.17808032064128257,1.113002004008016,164.2603170442417,930.476077621263,1.4391612075957312,106.31826857395596,597.0242427186492,0.11426222675789338,0.0,0.0,0.17808032064128257,0.0,1.767507497105115
rks,,374.1246008659684,2.9343794358079145,517.6872573180447,0.17968320641282565,1.1230200400801602,165.75253265470718,931.44320636709,1.6121692567748198,111.73779077375481,621.8599556657235,0.11996200091422209,0.0,0.0,0.17968320641282565,0.0,1.7786547282455796
rks,,374.1246008659684,2.9343794358079145,517.6872573180447,0.18128609218436872,1.1330380761523045,167.24633077323654,932.4505376261347,1.7939833482191148,117.376629849803,647.4662696707614,0.12587973850991016,0.0,0.0,0.18128609218436872,0.0,1.7898838451591783
rks,,374.1246008659684,2.9343794358079145,517.6872573180447,0.1828889779559118,1.1430561122244487,168.7417768430096,933.4993594326653,1.9849669261289193,123.24161476536577,673.8602628917039,0.13202110266070877,0.0,0.0,0.1828889779559118,0.0,1.8011975524799968
rks,,374.1246008659684,2.9343794358079145,517.6872573180447,0.18449186372745488,1.153074148296593,170.23893833524536,934.5909741755312,2.1854923132560486,129.33951763214085,701.0581118266051,0.1383915757866594,0.0,0.0,0.18449186372745488,0.0,1.8125986271439514
rks,,374.1246008659684,2.9343794358079145,517.6872573180447,0.18609474949899799,1.1630921843687374,171.7378847866959,935.7266948532484,2.395940091544702,135.67713113434493,729.0755461914603,0.1449965378572676,0.0,0.0,0.18609474949899799,0.0,1.8240899222057547
rks,,374.1246008659684,2.9343794358079145,517.6872573180447,0.18769763527054106,1.1731102204408816,173.23868783810525,936.9078441578304,2.6166989767401105,142.26134280870528,757.9282637400016,0.1518413403151528,0.0,0.0,0.18769763527054106,0.0,1.8356743708432226
rks,,374.1246008659684,2.9343794358079145,517.6872573180447,0.18930052104208414,1.1831282565130259,174.7414212739321,938.1357561923533,2.8481661814899724,149.09920210653405,787.6322858793782,0.15893137120334117,0.0,0.0,0.18930052104208414,0.0,1.847354990562568
rks,,374.1246008659684,2.9343794358079145,517.6872573180447,0.19090340681362722,1.1931462925851701,176.24616106347548,939.4117804797887,3.090748230971485,156.19797668559306,818.2042389535985,0.16627210764359115,5.518958943434756e-06,1.0535880643662315e-06,0.19090235322556284,0.007845831837577883,1.8591271578865138
rks,,374.1246008659684,2.9343794358079145,517.6872573180447,0.1925062925851703,1.2031643286573144,177.75298540377932,940.7372878705595,3.344862180810196,163.56519231409342,849.6615363455068,0.17386914967975536,2.0446135505990428e-05,3.936009743952232e-06,0.19250235657542633,0.01516460901314053,1.8709882874746306
rks,,374.1246008659684,2.9343794358079145,517.6872573180447,0.19410917835671343,1.2131823647294588,179.26197476457443,942.1136777817527,3.610937148263048,171.2086508798027,882.0224387595595,0.1817282297428489,4.571894886856665e-05,8.874467600210066e-06,0.19410030388911323,0.022770550809054102,1.8829398502522785
rks,,374.1246008659684,2.9343794358079145,517.6872573180447,0.1957120641282565,1.223200400801603,180.77321193566002,943.5423860818802,3.88941603692507,179.1364193991775,915.3059633655672,0.1898551904414733,8.143840148053724e-05,1.5938477653061603e-05,0.19569612565060346,0.030515797475179622,1.89498453395496
rks,,374.1246008659684,2.9343794358079145,517.6872573180447,0.19731494989979959,1.2332184368737473,182.2867820771534,945.0248927550814,4.180757290878972,187.3567819655938,949.5316095447266,0.19825592257086752,0.00012931590630766766,2.5515961574344623e-05,0.19728943393822523,0.03861053456835436,1.9071227538304603
rks,,374.1246008659684,2.9343794358079145,517.6872573180447,0.19891783567134266,1.2432364729458916,183.80277277312595,946.562728286508,4.485436464787426,195.87814513832484,984.7188638326023,0.20693625396904067,0.00019004374443680694,3.780309032624741e-05,0.1988800325810164,0.046996078822784663,1.9193563877260111
rks,,374.1246008659684,2.9343794358079145,517.6872573180447,0.20052072144288574,1.2532545090180358,185.32127408921818,948.1574774802773,4.803947336593723,204.7088858683168,1020.8864420359866,0.21590177869221622,0.0002641507715587701,5.296770328265949e-05,0.20046775373960307,0.05562899713978072,1.9316875803287599
rks,,374.1246008659684,2.9343794358079145,517.6872573180447,0.20212360721442885,1.2632725450901803,186.84237863493206,949.8107791602769,5.136802220090374,213.85712938168035,1058.051220878933,0.22515761462588413,0.0003533484006393228,7.142005334066911e-05,0.20205218716108816,0.06459559930164452,1.944116746095157
rks,,374.1246008659684,2.9343794358079145,517.6872573180447,0.20372649298597192,1.2732905811623245,188.36618163144303,951.5243199102182,5.484531054727739,223.33044242507304,1096.226804632871,0.2347080760333541,0.00045790105952387257,9.328657699135934e-05,0.20363320640898055,0.07382425829738457,1.956646440569355
rks,,374.1246008659684,2.9343794358079145,517.6872573180447,0.205329378757515,1.2833086172344688,189.89278098589227,953.2998196545968,5.8476787534371795,233.13542542348912,1135.4216665643928,0.24455624622687921,0.0005798855914729662,0.0001190675482475783,0.20521031120926742,0.08340311849405524,1.9692765051529804
rks,,374.1246008659684,2.9343794358079145,517.6872573180447,0.20693226452905808,1.293326653306613,191.4222773733528,955.1390065020387,6.226800182148793,243.27718441559028,1175.636795785553,0.25470343348926044,0.0007203211283655204,0.00014905768228080346,0.20678320684677728,0.09331644708741599,1.9820083360330178
rks,,374.1246008659684,2.9343794358079145,517.6872573180447,0.20853515030060116,1.3033446893787572,192.95477428312063,957.0435932191938,6.622455273071353,253.75896385165836,1216.8642240210706,0.2651488037217751,0.0008802653815831653,0.0001835662736528614,0.20835158402694828,0.10355526877743543,1.9948432573161365
rks,,374.1246008659684,2.9343794358079145,517.6872573180447,0.2101380360721443,1.3133627254509017,194.49037795611156,959.0152816120478,7.03520988501856,264.58239860224336,1259.0885664859231,0.2758896585646644,0.001061165336246259,0.00022299119970662547,0.20991504487243767,0.11413362438956043,2.007781961570791
rks,,374.1246008659684,2.9343794358079145,517.6872573180447,0.21174092184368737,1.323380761523046,196.02919735070776,961.0557548469108,7.465634123757951,275.74736548388,1302.2866013941502,0.28692129888739343,0.0012650978356153484,0.00026787298193564754,0.21147304886175172,0.12509137456362276,2.0208240882167177
rks,,374.1246008659684,2.9343794358079145,517.6872573180447,0.21334380761523045,1.3333987975951902,197.57134410237813,963.1666647620578,7.914299526021495,287.2517112461069,1346.4262893637426,0.2982367660295531,0.001493447441864131,0.0003186177637205192,0.21302518985150992,0.13642380898498682,2.0339702815180805
rks,,374.1246008659684,2.9343794358079145,517.6872573180447,0.21494669338677352,1.3434168336673344,199.11693246142474,965.34961738356,8.381775757358469,299.0909623310195,1391.465751896157,0.30982657158104243,0.0017481899958037804,0.0003757676590098601,0.21457092572776365,0.14815154109764572,2.047220156642868
rks,,374.1246008659684,2.9343794358079145,517.6872573180447,0.2165495791583166,1.3534348697394787,200.66607920568666,967.6061565841861,8.86862679361505,311.2580211844682,1437.352233120303,0.3216784216041595,0.002030791772306011,0.0004397671036510386,0.21610981205466556,0.16026847239716302,2.060574041474713
rks,,374.1246008659684,2.9343794358079145,517.6872573180447,0.2181524649298597,1.3634529058116232,202.21890352520276,969.9377457555803,9.375406539888644,323.7428528207028,1484.0210626306352,0.33377694005351605,0.0023434306170807434,0.0005112251655082664,0.21764123976435143,0.1727953138255675,2.0740309823529275
rks,,374.1246008659684,2.9343794358079145,517.6872573180447,0.21975535070140279,1.3734709418837674,203.77552687556454,972.3457474794751,9.90265386480516,336.5321681622198,1531.3946490408327,0.34610339895513714,0.002688490934429236,0.0005908102681530388,0.21916454043324973,0.18575381898865545,2.087589509721292
rks,,374.1246008659684,2.9343794358079145,517.6872573180447,0.22135823647294586,1.3834889779559116,205.33607279673902,974.831401159314,10.450887022337582,349.60911164625514,1579.3815365392286,0.3586354637637688,0.0030684149979068164,0.0006792189327037907,0.22067901754024208,0.19916140056433645,2.101247851895382
rks,,374.1246008659684,2.9343794358079145,517.6872573180447,0.22296112224448894,1.3935070140280559,206.90066669409384,977.3957987008823,11.020597461303481,362.95296310886226,1627.875566175455,0.3713469646496186,0.0034843853647884347,0.0007768824712655024,0.22218423977322344,0.21299189792026624,2.1150061756759553
rks,,374.1246008659684,2.9343794358079145,517.6872573180447,0.22456400801603202,1.4035250501002001,208.4694355786545,980.0398583297258,11.612243023332923,376.5388646766638,1676.7551844273373,0.3842077048972233,0.003940228870803118,0.0008848335877280321,0.22367917442830398,0.2273001927733722,2.128859895820114
rks,,374.1246008659684,2.9343794358079145,517.6872573180447,0.22616689378757515,1.4135430861723446,210.04250776379678,982.764296796308,12.226240567954818,390.33758594351525,1725.8829504469195,0.3971833197603619,0.004437454924017883,0.0010036053964875048,0.22516328839108765,0.24206524576205854,2.1428081222166933
rks,,374.1246008659684,2.9343794358079145,517.6872573180447,0.22776977955911823,1.4235611222444888,211.62001251612108,985.5696002620456,12.862958075733303,404.31534136791004,1775.1052933822987,0.41023519928010127,0.004979563509369688,0.001134194082829763,0.22663558547628845,0.2573207382226055,2.1568461903043294
rks,,374.1246008659684,2.9343794358079145,517.6872573180447,0.2293726653306613,1.433579158316633,213.20207965883807,988.455994301116,13.522706316077858,418.4336751542982,1824.252574085445,0.4233204892951761,0.005568919741408435,0.00127735796409939,0.22809530736656192,0.2730647630975953,2.1709710654319845
rks,,374.1246008659684,2.9343794358079145,517.6872573180447,0.23097555110220439,1.4435971943887773,214.78883912685063,991.4234135676759,14.205730197571995,432.64942895014974,1873.1395027983142,0.43639218423664605,0.006208331323984234,0.0014339727489823366,0.22954157835322206,0.28930505301671766,2.18517855085843
rks,,374.1246008659684,2.9343794358079145,517.6872573180447,0.23257843687374746,1.4536152304609216,216.38042047370283,994.4714718044343,14.912199954107507,446.91480751822775,1921.565960823919,0.44939932435398694,0.0069003653765457315,0.001604876193134734,0.23097356068061273,0.30604155454516635,2.199464473428473
rks,,374.1246008659684,2.9343794358079145,517.6872573180447,0.23418132264529057,1.463633266533066,217.97695233178183,997.5994329849244,15.642202354819688,461.1775561971597,1969.3182658110418,0.46228730785989625,0.007648281299628426,0.0017910846307102267,0.23239023801458034,0.32328789231192057,2.2138229258360256
rks,,374.1246008659684,2.9343794358079145,517.6872573180447,0.23578420841683365,1.4736513026052103,219.57856182856597,1000.8061844967742,16.3957321616775,475.3812614177344,2016.1709073294955,0.47499832513201923,0.008454723371686393,0.0019934902575763787,0.23379071815925725,0.3410419166643755,2.228248638726224
rks,,374.1246008659684,2.9343794358079145,517.6872573180447,0.23738709418837672,1.4836693386773545,221.18537396317336,1004.0902133580727,17.17268408888671,489.46578264508065,2061.8887657669748,0.4874719184923778,0.009323239264544482,0.0022132166774331934,0.23517387751094354,0.35931833572382166,2.242734090085205
rks,,374.1246008659684,2.9343794358079145,517.6872573180447,0.2389899799599198,1.4936873747494988,222.7975109491423,1007.4495865052415,17.972845540374863,503.36781920181727,2106.2298063133667,0.49964566559400575,0.010255780975569923,0.0024510288898247825,0.236538951070095,0.3780990821648003,2.257274244617415
rks,,374.1246008659684,2.9343794358079145,517.6872573180447,0.24059286573146288,1.503705410821643,224.4150915309542,1010.8819362189107,18.795890420123413,517.0216105560173,2148.9482199904037,0.5114559792114577,0.011255771330694244,0.0027080582804697695,0.2378848074509931,0.3973942020259562,2.271860644531519
rks,,374.1246008659684,2.9343794358079145,517.6872573180447,0.242195751503006,1.5137234468937875,226.03823028345366,1014.3844516874358,19.64137430594954,530.3597622165356,2189.7979585738235,0.5228390097406149,0.01232581602886881,0.002985260275999679,0.23921049122700633,0.4171975229562287,2.286485781493957
rks,,374.1246008659684,2.9343794358079145,517.6872573180447,0.2437986372745491,1.5237414829659317,227.66703690473582,1017.9538776334821,20.508731270650202,543.3141832601196,2228.5365879558913,0.5337316308703545,0.013468155338750199,0.0032835179181892413,0.24051511935635986,0.4374971908081798,2.3011422530164483
rks,,374.1246008659684,2.9343794358079145,517.6872573180447,0.24540152304609217,1.533759519038076,229.30161551429944,1021.58652075355,21.397272601979978,555.8171150523847,2264.929362105015,0.5440724831044157,0.014685394959289772,0.0036038182895431147,0.24179770475654905,0.45828821030923284,2.3158212735027193
rks,,374.1246008659684,2.9343794358079145,517.6872573180447,0.24700440881763525,1.5437775551102202,230.94206396921894,1025.2782644864637,22.306187623831107,567.8022244070704,2298.753399281557,0.5538030445729466,0.015979371149346618,0.003946975124021938,0.2430574336936133,0.4795542107793408,2.330514974006679
rks,,374.1246008659684,2.9343794358079145,517.6872573180447,0.24860729458917832,1.5537955911823644,232.5884732115769,1029.0245923848033,23.234546766941037,579.2057295841319,2329.8018287889136,0.5628686951414842,0.01735256476197878,0.004313974179659053,0.24429332040951926,0.5012899770398198,2.345213485294447
rks,,374.1246008659684,2.9343794358079145,517.6872573180447,0.2502101803607214,1.5638136272545087,234.2409266604499,1032.8206200164193,24.181306954130463,589.9675238024136,2357.8877684028403,0.57121973784086,0.018806321779857235,0.004705533164459842,0.24550464719626156,0.523474794407091,2.3599086572934684
rks,,374.1246008659684,2.9343794358079145,517.6872573180447,0.2518130661322645,1.5738316633266531,235.89949966138647,1036.6611349933203,25.145319281434865,600.0322582408202,2382.847989014414,0.5788123408761596,0.020341699914363617,0.005122305825778325,0.24669076030648618,0.5460865703001478,2.374592362582369
rks,,374.1246008659684,2.9343794358079145,517.6872573180447,0.2534159519038076,1.5838496993987976,237.56425900529212,1040.5406443968418,26.125338889134923,609.3503470541681,2404.546132460782,0.5856093659920254,0.02195971829737685,0.005564942915869215,0.2478510089879384,0.5691053770831835,2.389255978618148
rks,,374.1246008659684,2.9343794358079145,517.6872573180447,0.25501883767535066,1.5938677354709416,239.2352625272829,1044.4534285223913,27.12003682053225,617.8788582233152,2422.8753603288715,0.5915810522039652,0.023661069209983773,0.00603401836808609,0.24898481930726457,0.5925095612020996,2.4038910371006863
rks,,374.1246008659684,2.9343794358079145,517.6872573180447,0.25662172344689377,1.603885771543086,240.91255879416153,1048.393599607643,28.128013587844492,625.5822583772549,2437.760334450856,0.5967055298805491,0.025445752652184392,0.006529932900006927,0.25009179054688685,0.616271679326314,2.418490106256984
rks,,374.1246008659684,2.9343794358079145,517.6872573180447,0.2582246092184369,1.6139038076152303,242.59618688699325,1052.355163965261,29.147814086940315,632.4329850120655,2449.158455215548,0.6009691467936223,0.027314095474770775,0.007053171630127759,0.2511714375883091,0.6403713730947131,2.4330445551252815
rks,,374.1246008659684,2.9343794358079145,517.6872573180447,0.2598274949899799,1.6239218436873746,244.28617628270538,1056.3320858212314,30.177943453765664,638.411827403929,2457.0603177640955,0.6043665964265434,0.029264915120467958,0.007603829586845576,0.25222366540313435,0.6647735593533176,2.447548804506913
rks,,374.1246008659684,2.9343794358079145,517.6872573180447,0.26143038076152303,1.6339398797595188,245.98254683606805,1060.3183510911963,31.216883418133676,643.5081051411643,2461.489377273917,0.6069008467871148,0.03129821158927597,0.00818230337293913,0.2532480773885839,0.6894601995473192,2.4619942062427747
rks,,374.1246008659684,2.9343794358079145,517.6872573180447,0.2630332665330661,1.643957915831663,247.68530886070042,1064.308029357382,32.2631086985422,647.71964247611,2462.5008502287096,0.6085828769582771,0.03341174461253819,0.00878840032600449,0.2542448662070616,0.7143914266407255,2.4763770882576868
rks,,374.1246008659684,2.9343794358079145,517.6872573180447,0.2646361523046092,1.6539759519038073,249.39446330523265,1068.2953324420266,33.31510299719861,651.0525451231505,2460.1799091068897,0.6094312362433553,0.035604985334563834,0.009422366321801011,0.2552137859828082,0.7395494973157404,2.490689529192949
rks,,374.1246008659684,2.9343794358079145,517.6872573180447,0.2662390380761523,1.6639939879759518,251.1100020183942,1072.2746681574529,34.37137418527146,653.5207943477105,2454.6392560236945,0.6094714477128238,0.03787483778021343,0.010083760377894335,0.25615527769825797,0.7648927859947139,2.5049296449521794
rks,,374.1246008659684,2.9343794358079145,517.6872573180447,0.2678419238476954,1.6740120240480962,252.83190809482275,1076.240688068788,35.430468320688846,655.1456798946905,2446.016181795461,0.6087352830622743,0.04021971538241453,0.010772525944632655,0.2570693979030627,0.7903988170898173,2.5190918625078345
rks,,374.1246008659684,2.9343794358079145,517.6872573180447,0.26944480961923845,1.6840300601202403,254.56015629171677,1080.1883284019736,36.490982207476435,655.9550991890939,2434.469233666242,0.607259939717652,0.0426370896012212,0.011488342490319457,0.257956467128919,0.816038434638807,2.533172898655674
rks,,374.1246008659684,2.9343794358079145,517.6872573180447,0.27104769539078155,1.6940480961923847,256.2947135053653,1084.1128435468559,37.551574281556896,655.9827532231392,2420.174620106545,0.6050871522534336,0.045124479583575405,0.012230886196836488,0.25881680919394506,0.8417858085731589,2.5471694108427823
rks,,374.1246008659684,2.9343794358079145,517.6872573180447,0.27265058116232466,1.704066132264529,258.03553929581454,1088.009831902367,38.61097368268901,655.2672719778101,2403.3224839806653,0.6022622707665115,0.04767866450844435,0.012999615587270854,0.2596509655750538,0.8676108944570904,2.5610800561757205
rks,,374.1246008659684,2.9343794358079145,517.6872573180447,0.2742534669338677,1.7140841683366732,259.7825864477318,1091.87525411843,39.667987453545436,653.8513018944574,2384.1131680283343,0.5988333368928404,0.050296509821185865,0.01379399219313355,0.26045947474073416,0.8934871932563773,2.5749034754785907
rks,,374.1246008659684,2.9343794358079145,517.6872573180447,0.2758563527054108,1.7241022044088175,261.5358015557082,1095.7054440333663,40.72150587479888,651.7805862156337,2362.7535846951305,0.5948501851157962,0.052975409822848596,0.014613603336805408,0.2612427493686054,0.9193951029971821,2.5886371383520634
rks,,374.1246008659684,2.9343794358079145,517.6872573180447,0.27745923847695386,1.7341202404809617,263.2951256227887,1099.4971128262825,41.77050600960109,649.1030661912184,2339.453786993414,0.590363593154587,0.05571161483670893,0.015457702226914624,0.26200153625003925,0.9453070523650857,2.6022817656355386
rks,,374.1246008659684,2.9343794358079145,517.6872573180447,0.27906212424849697,1.744138276553106,265.06049466187164,1103.2473470522311,42.81405357804272,645.8680271529175,2314.423818324375,0.5854245005697168,0.058501990308124696,0.01632568968815026,0.26273643456034673,0.9712028010546918,2.6158367694860254
rks,,374.1246008659684,2.9343794358079145,517.6872573180447,0.2806650100200401,1.7541563126252504,266.8318402907797,1106.953601346395,43.851303322825686,642.1253082257585,2287.8708969811,0.5800833092233831,0.06134360368735245,0.017217003143576142,0.2634480068764639,0.9970652912881293,2.629301314117471
rks,,374.1246008659684,2.9343794358079145,517.6872573180447,0.2822678957915831,1.7641743486973944,268.60909031293886,1110.6136866375853,44.88149805158503,637.9245904610046,2259.9969744062787,0.5743892751694242,0.06423230128787114,0.01813071652637838,0.26413717926520475,1.0228690909827762,2.642678241535124
rks,,374.1246008659684,2.9343794358079145,517.6872573180447,0.28387078156312623,1.7741923847695389,270.3921692770215,1114.2257547170411,45.90396655226914,633.3147724551933,2230.996684364146,0.5683899961691554,0.06716588142052685,0.019066431253221213,0.264804350309905,1.0486056701336033,2.6559654061382347
rks,,374.1246008659684,2.9343794358079145,517.6872573180447,0.28547366733466933,1.7842104208416834,272.1809990101997,1117.788279998678,46.91812058473516,628.3434382953411,2201.0556846166664,0.5621309952329114,0.07014051724959056,0.02002327068799125,0.2654503966466781,1.0742546707283769,2.669165502471717
rks,,374.1246008659684,2.9343794358079145,517.6872573180447,0.2870765531062124,1.7942284569138274,273.97549912093416,1121.3000392442837,47.92345114317544,623.0564187628505,2170.3493790115717,0.5556553972679501,0.07315294937452682,0.021000496555992416,0.26607605655022,1.0998012737451146,2.6822800644750595
rks,,374.1246008659684,2.9343794358079145,517.6872573180447,0.2886794388777555,1.8042464929859718,275.7755874684473,1124.7600899578488,48.91952417267822,617.4974431063246,2139.0419958790717,0.5490036929826215,0.07619987981529737,0.02199733854763245,0.266682100330123,1.125231243673197,2.6953111404288537
rks,,374.1246008659684,2.9343794358079145,517.6872573180447,0.2902823246492986,1.814264529058116,277.58118059709227,1128.167748067612,49.90597590633837,611.7078762498796,2107.2859912807567,0.5422135824194998,0.07927890487784961,0.023013264803592802,0.2672690598457058,1.1505375188720106,2.7082585966526778
rks,,374.1246008659684,2.9343794358079145,517.6872573180447,0.29188521042084165,1.8242825651302603,279.3921941347802,1131.5225654229312,50.88250796962262,605.7265343309256,2075.221740277919,0.5353198891835816,0.08238725543783615,0.024047621389468435,0.2678375890313732,1.1757107203865913,2.7211236982297566
rks,,374.1246008659684,2.9343794358079145,517.6872573180447,0.29348809619238475,1.8343006012024046,281.2085431554448,1134.824307542849,51.84888237814732,599.5895699930516,2042.9774759928043,0.5283545355944115,0.08552114323903068,0.02509943751341935,0.2683886586789654,1.2007348252599408,2.7339111030620833
rks,,374.1246008659684,2.9343794358079145,517.6872573180447,0.2950909819639278,1.8443186372745488,283.0301425061261,1138.0729319648538,52.80491653394898,593.3304187725205,2010.6694376890507,0.5213465693698125,0.08867865486356868,0.026168271342930725,0.2689227106209971,1.2256073523864752,2.746620356249502
rks,,374.1246008659684,2.9343794358079145,517.6872573180447,0.2966938677354709,1.854336673346693,284.85690709985795,1141.2685674635284,53.7504783058165,586.9797968913882,1978.4021873169727,0.5143222319667946,0.09185705976660546,0.027253426340962488,0.2694404413945084,1.2503202682029602,2.759253757309726
rks,,374.1246008659684,2.9343794358079145,517.6872573180447,0.298296753507014,1.8643547094188375,286.6887521758344,1144.411494329936,54.68548125889606,580.565742020065,1946.2690599025038,0.5073050601960197,0.09505338681889489,0.028354116697922743,0.26994263680909125,1.2748642099349867,2.7718147187538325
rks,,374.1246008659684,2.9343794358079145,517.6872573180447,0.29989963927855706,1.8743727454909815,288.5255935287127,1147.5021258541105,55.609880086312444,574.1136881042981,1914.35271307893,0.5003160126409116,0.09826612661236994,0.02946997592435076,0.2704296633542063,1.2992396139890658,2.784302577407151
rks,,374.1246008659684,2.9343794358079145,517.6872573180447,0.30150252505010017,1.884390781563126,290.36734770901774,1150.5409910893309,56.52366627806032,567.6465667585109,1882.7257472028998,0.4933736139388339,0.10149267344807927,0.030600297318681156,0.27090222773141903,1.3234396460173112,2.7967203163974865
rks,,374.1246008659684,2.9343794358079145,517.6872573180447,0.3031054108216433,1.8944088176352705,292.2139321967519,1153.528718926012,57.42686404788088,561.1849283659913,1851.451370811094,0.486494110773835,0.10473111390815834,0.031744567306940655,0.27136084351470263,1.3474619901344878,2.8090691297295605
rks,,374.1246008659684,2.9343794358079145,517.6872573180447,0.3047082965931864,1.904426853707415,294.0652655503559,1156.466023498262,58.319526537695424,554.7470767453775,1820.5840895957483,0.47969163423175243,0.10797904429855457,0.032902110655972774,0.2718061859372136,1.3713011827015495,2.821352049454974
rks,,374.1246008659684,2.9343794358079145,517.6872573180447,0.30631118236472943,1.914444889779559,295.92126753313573,1159.3536908828205,59.20173230009402,548.3492123782983,1790.1704016974816,0.47297836431671103,0.11123455120140338,0.03407238689831191,0.2722387954664175,1.3949548369817426,2.8335708995380413
rks,,374.1246008659684,2.9343794358079145,517.6872573180447,0.30791406813627253,1.9244629258517032,297.7818592192296,1162.1925670529654,60.073582059786645,542.0055799092553,1760.249485156299,0.4663646931451714,0.1144964520594299,0.03525506834078876,0.2726589997954838,1.4184248976412919,2.845725465504817
rks,,374.1246008659684,2.9343794358079145,517.6872573180447,0.3095169539078156,1.9344809619238474,299.6469630811118,1164.9835470322353,60.93519574902808,535.7286163549174,1730.8538662941066,0.45985938403994797,0.11776234317858147,0.03644944174568136,0.2730675121621342,1.4417056989640307,2.8578196788024632
rks,,374.1246008659684,2.9343794358079145,517.6872573180447,0.3111198396793587,1.9444989979959917,301.51650306048646,1167.7275651720136,61.78670980499828,529.5290976417316,1702.0100620631147,0.45346972481867265,0.12103149369826854,0.03765529891555862,0.27346454076380006,1.4648015320505512,2.869852389222073
rks,,374.1246008659684,2.9343794358079145,517.6872573180447,0.3127227254509018,1.9545170340681361,303.3904046243992,1170.425586485275,62.628274718746184,523.4162807107955,1673.739188465128,0.4472016732670604,0.12430149992443848,0.03887190383400547,0.27385082161689633,1.487706520823147,2.881828075088132
rks,,374.1246008659684,2.9343794358079145,517.6872573180447,0.31432561122244485,1.9645350701402802,305.26859480815443,1173.0785989579692,63.46005282127851,517.3980402385504,1646.0575332259302,0.44105999435856086,0.12757150615060847,0.04009899164535789,0.27422661957708694,1.510423805581106,2.8937464575567464
rks,,374.1246008659684,2.9343794358079145,517.6872573180447,0.31592849699398795,1.9745531062124246,307.1510022465904,1175.6876067609564,64.28221629185731,511.48099848402796,1618.9770892803042,0.43504838831564163,0.13084032981950344,0.041336188746073387,0.2745923082479146,1.5329543353699,2.9056085181713907
rks,,374.1246008659684,2.9343794358079145,517.6872573180447,0.317531382765531,1.9845711422845687,309.0375571950927,1178.2536242791446,65.0949453707625,505.670647694881,1592.5060486644065,0.42916960939055054,0.13410618235915228,0.04258292152190808,0.27494846124362293,1.5552954213514616,2.917417462038016
rks,,374.1246008659684,2.9343794358079145,517.6872573180447,0.3191342685370741,1.9945891783567131,310.92819154162845,1180.7776708962651,65.89842676476115,499.97146449301783,1566.649256392645,0.4234255752088505,0.1373684486474736,0.043838979379184115,0.27529528915789,1.5774508739401703,2.9291728194848714
rks,,374.1246008659684,2.9343794358079145,517.6872573180447,0.3207371543086172,2.0046072144288574,312.8228388109389,1183.2607664532572,66.69285222631214,494.38701623348305,1541.4086256990913,0.41781746699451056,0.14062586896818696,0.04510394103503276,0.2756332132735845,1.5994206184250637,2.940876443513797
rks,,374.1246008659684,2.9343794358079145,517.6872573180447,0.3223400400801603,2.014625250501002,314.7214341619449,1185.7039273220341,67.47841729424306,488.92005918386934,1516.7835155144967,0.41234582083920174,0.14387742418941343,0.046377454679845755,0.27596258540031454,1.6212057440987226,2.9525295728357164
rks,,374.1246008659684,2.9343794358079145,517.6872573180447,0.3239429258517034,2.0246432865731463,316.6239143792879,1188.1081630254125,68.25532017945687,483.57262886681326,1492.7710725443842,0.4070106105789546,0.14712205659977146,0.047659149472249876,0.27628377637945356,1.642806938322937,2.964133755225044
rks,,374.1246008659684,2.9343794358079145,517.6872573180447,0.3255458116232465,2.0346613226452903,318.5302178598571,1190.474473349486,69.02376078345827,478.3461226678002,1469.366539482281,0.401811322608152,0.1503596413533676,0.04894895147976231,0.27659686014348417,1.6642297259206809,2.975687511211771
rks,,374.1246008659684,2.9343794358079145,517.6872573180447,0.3271486973947896,2.044679358717435,320.44028459505176,1192.8038458987394,69.78393983821616,473.2413751066158,1446.5635317371525,0.39674702318723964,0.15358842845773352,0.05024625430486035,0.27690244308992923,1.6854706450130503,2.9871950724608833
rks,,374.1246008659684,2.9343794358079145,517.6872573180447,0.32875158316633263,2.054697394789579,322.3540561494304,1195.0972540344055,70.53605815211722,468.25872628044584,1424.3542852948917,0.39181641887277335,0.1568082159079704,0.05155094923323337,0.27720063393309924,1.7065343881146573,2.9986555169795124
rks,,374.1246008659684,2.9343794358079145,517.6872573180447,0.33035446893787573,2.0647154308617233,324.2714756363514,1197.3556551672664,71.28031595619314,463.3980838175036,1402.7298777200656,0.38701791052447865,0.160017859726306,0.052862615070459314,0.2774918538674164,1.7274204332796932,3.01007131142451
rks,,374.1246008659684,2.9343794358079145,517.6872573180447,0.33195735470941884,2.0747334669338677,326.19248769114427,1199.5799893500473,72.01691233585024,458.65897856690407,1381.680423885756,0.3823496412401921,0.16321748475863362,0.05418124448280091,0.2777761102266179,1.7481347285173023,3.021440631291559
rks,,374.1246008659684,2.9343794358079145,517.6872573180447,0.3335602404809619,2.0847515030060118,328.1170384422238,1201.7711781388778,72.74604474086914,454.0406150408462,1361.1952503276864,0.37780953920362437,0.16640570644277963,0.055506327458457926,0.278053913022504,1.768675152998919,3.032767051897064
rks,,374.1246008659684,2.9343794358079145,517.6872573180447,0.335163126252505,2.094769539078156,330.0450754805961,1203.9301236978322,73.46790856753438,449.54191659738075,1341.2630489032529,0.3733953555515559,0.16958256335824667,0.056837822093063456,0.27832530415944157,1.7890467971104398,3.0440492713645657
rks,,374.1246008659684,2.9343794358079145,517.6872573180447,0.33676601202404804,2.1047875751503002,331.97654782811605,1206.0577081040715,74.18269680095551,445.16156568097057,1321.8720113868917,0.3691046976357099,0.17274732464444523,0.05817542760833337,0.27859058441571466,1.8092505934608663,3.0552888032707366
rks,,374.1246008659684,2.9343794358079145,517.6872573180447,0.33836889779559115,2.1148056112224447,333.9114059047687,1208.154792838322,74.89059971439508,440.89804004542026,1303.0099483663744,0.3649350585363462,0.17589897116949638,0.05951874099800095,0.2788501567975902,1.8292859000856236,3.066488319048086
rks,,374.1246008659684,2.9343794358079145,517.6872573180447,0.33997178356713426,2.124823647294589,335.8496014952795,1210.222218432136,75.59180461766772,436.74964488234144,1284.6643927321588,0.36088384284347236,0.1790380317890909,0.06086787899368651,0.27910390457344775,1.8491597030154976,3.077645043202094
rks,,374.1246008659684,2.9343794358079145,517.6872573180447,0.3415746693386773,2.134841683366733,337.791087715279,1212.260804250143,76.28649564870267,432.7145414061297,1266.8226898789312,0.3569483892319606,0.1821638959586637,0.06222257252752577,0.27935209681115153,1.8688730585855278,3.0887603569989905
rks,,374.1246008659684,2.9343794358079145,517.6872573180447,0.3431775551102204,2.1448597194388777,339.7358189772108,1214.2713483954728,76.97485360553827,428.7907723357062,1249.4720763366615,0.3531259902511135,0.1852754914111341,0.06358239016431765,0.27959516494590275,1.8884246415728878,3.0998374299477924
rks,,374.1246008659684,2.9343794358079145,517.6872573180447,0.34478044088176346,2.1548777555110217,341.68375095618944,1216.2546277083823,77.65705580959167,424.9762842775621,1232.599747220871,0.3494139093869556,0.1883733324259264,0.0649474406041779,0.27983300027758556,1.907820808049173,3.1108737537367124
rks,,374.1246008659684,2.9343794358079145,517.6872573180447,0.34638332665330657,2.164895791583166,343.6348405559333,1218.2113978605053,78.33327600196333,421.26894757393796,1216.1929144920537,0.34580939590106885,0.19145676806598633,0.06631743223298689,0.2800658944203197,1.9270620212129883,3.1218711282930087
rks,,374.1246008659684,2.9343794358079145,517.6872573180447,0.34798621242484973,2.1749138276553106,345.58904587490474,1220.1423935166022,79.00368426392816,417.66657383340197,1200.2388569449436,0.34230969766539704,0.19452531943225893,0.0676921291299658,0.2802940832948839,1.9461494829343131,3.1328308165007903
rks,,374.1246008659684,2.9343794358079145,517.6872573180447,0.3495890981963927,2.1849318637274546,347.54632617277144,1222.0483285654748,79.66844696284193,414.1669313233526,1184.7249627065924,0.33891207216782543,0.19757867571966883,0.06907135106767655,0.2805177471287162,1.965085092655348,3.143753540971388
rks,,374.1246008659684,2.9343794358079145,517.6872573180447,0.3511919839679359,2.194949899799599,349.50664183729083,1223.9298963959263,80.32772671566477,410.76775834812935,1169.6387648347713,0.3356137958209095,0.20061720356889579,0.07045515373945978,0.2807368302284761,1.9838738431553882,3.154637565625048
rks,,374.1246008659684,2.9343794358079145,517.6872573180447,0.3527948697394789,2.204967935871743,351.4699543516675,1225.7877702232515,80.98168237249075,407.46677509314895,1154.9679715978934,0.3324121719854795,0.20364047364125054,0.07184331437195077,0.28095155536752814,2.0025167833476503,3.1654841614473277
rks,,374.1246008659684,2.9343794358079145,517.6872573180447,0.35439775551102204,2.2149859719438876,353.43622626247867,1227.6226034467027,81.6304690136302,404.2616937924498,1140.700491202397,0.3293045376139499,0.20664799016956292,0.07323558389695685,0.2811621716140652,2.0210145625281424,3.176294923994244
rks,,374.1246008659684,2.9343794358079145,517.6872573180447,0.35600064128256514,2.225004008016032,355.40542114817765,1229.4350300388617,82.27423796090682,401.1502278068596,1126.8244527920901,0.32628826900611374,0.20963984643306782,0.07463191976855062,0.28136872151401454,2.0393704960618484,3.1870692967385166
rks,,374.1246008659684,2.9343794358079145,517.6872573180447,0.3576035270541082,2.235022044088176,357.3775035882742,1231.2256649588733,82.91313680055862,398.13009915328564,1113.3282225514668,0.3233607863157924,0.21261621624837296,0.07603230883931716,0.28157121821479103,2.0575881354299166,3.1978064525268515
rks,,374.1246008659684,2.9343794358079145,517.6872573180447,0.3592064128256513,2.2450400801603205,359.35243913317964,1232.9951045810158,83.5473094149558,395.1990451161322,1100.2004168225992,0.320519557334678,0.21557599336425343,0.07743627926769989,0.28177013355795144,2.0756650049264573,3.208510477187393
rks,,374.1246008659684,2.9343794358079145,517.6872573180447,0.36080929859719435,2.2550581162324645,361.3301942747356,1234.743927138242,84.17689602315875,392.3548241167316,1087.4299128159514,0.31776210070219973,0.21851993486612112,0.07884402442854975,0.2819652741686446,2.0936071581483615,3.219178426461889
rks,,374.1246008659684,2.9343794358079145,517.6872573180447,0.36241218436873746,2.265076152304609,363.310736417503,1236.4726931756552,84.80203322858188,389.5952203188514,1075.0058555494272,0.31508598812501626,0.2214478709653414,0.08025540664035569,0.28215677772838177,2.111416245547478,3.229810910286587
rks,,374.1246008659684,2.9343794358079145,517.6872573180447,0.36401507014028056,2.2750941883767535,365.2940338507536,1238.181946009633,85.4228540723721,386.9180478110103,1062.9176634415262,0.3124888462943233,0.22435940110468583,0.08167020312975355,0.282344867010527,2.1290927897231846,3.2404094761293787
rks,,374.1246008659684,2.9343794358079145,517.6872573180447,0.3656179559118236,2.2851122244488975,367.2800557212114,1239.8722121936557,86.03948809290381,384.32115406577947,1051.1550317798574,0.3099683582599336,0.22725455277154377,0.08308834505598749,0.2825296108558361,2.1466391833379808,3.250974069916477
rks,,374.1246008659684,2.9343794358079145,517.6872573180447,0.3672208416833667,2.295130260521042,369.26877200654894,1241.5440019801958,86.65206138755411,381.8024226497128,1039.7079340581627,0.3075222642457766,0.2301332371141483,0.08450972103237535,0.28271112065099135,2.1640572039247608,3.261505121007917
rks,,374.1246008659684,2.9343794358079145,517.6872573180447,0.36882372745490977,2.305148296593186,371.2601534896134,1243.1978097815863,87.26069667781115,379.3597756335552,1028.5666224658323,0.30514836227084713,0.23299551782790734,0.08593427536557567,0.2828894520893341,2.181349230306374,3.2720024986285066
rks,,374.1246008659684,2.9343794358079145,517.6872573180447,0.37042661322645287,2.3151663326653305,373.2541717334025,1244.8341146324324,87.86551337863943,376.9911754192691,1017.72162679036,0.3028445083468691,0.23584160785494396,0.0873620080555881,0.2830646051708648,2.1985182151777156,3.282465511897558
rks,,374.1246008659684,2.9343794358079145,517.6872573180447,0.372029498997996,2.325184368737475,375.25079905676984,1246.4533806427337,88.46662766810476,374.6946262092131,1007.1637523862898,0.3006086164377859,0.23867108232219103,0.08879268318163418,0.2832368158163618,2.2155642009104954,3.2928959980757684
rks,,374.1246008659684,2.9343794358079145,517.6872573180447,0.373632384769539,2.335202404809619,377.2500085108639,1248.056057448991,89.06415255987139,372.4681750641572,996.8840770959939,0.29843865813645976,0.2414839708249884,0.0902262319029582,0.28340615286658083,2.232489188249506,3.3032940498035788
rks,,374.1246008659684,2.9343794358079145,517.6872573180447,0.37523527054108213,2.3452204408817634,379.2517738562669,1249.6425806540892,89.65819797512631,370.3099128156543,986.8739478612296,0.2963326622735809,0.24428018906832089,0.09166254283287809,0.2835727277082041,2.249294607062709,3.3136602357578537
rks,,374.1246008659684,2.9343794358079145,517.6872573180447,0.3768381563126252,2.3552384769539074,381.25606954085,1251.2133722641445,90.24887081687257,368.2179745544791,977.1249762962041,0.29428871423278263,0.24705994977365348,0.09310161597139335,0.28373654034123186,2.2659831191996074,3.323993971025112
rks,,374.1246008659684,2.9343794358079145,517.6872573180447,0.3784410420841683,2.365256513026052,383.26287067831925,1252.7688411115298,90.83627504250393,366.1905399074116,967.6290338138535,0.29230495514440313,0.24982316772818391,0.09454333993182189,0.2838977021523464,2.282556015506748,3.334295873047712
rks,,374.1246008659684,2.9343794358079145,517.6872573180447,0.38004392785571145,2.3752745490981964,385.2721530274305,1254.3093832755753,91.42051173889422,364.22583315658113,958.3782464611936,0.29037958099733013,0.2525700522456612,0.09598771471416334,0.2840562131415481,2.2990158031622414,3.344565405064855
rks,,374.1246008659684,2.9343794358079145,517.6872573180447,0.38164681362725444,2.3852925851703404,387.28389297186413,1255.8353824847502,92.0016791938051,362.32212322065453,949.364989522816,0.2885108416867322,0.2553001565090674,0.09743449125022494,0.28421232237702954,2.315362098987041,3.3548046819116712
rks,,374.1246008659684,2.9343794358079145,517.6872573180447,0.3832496993987976,2.395310621242485,389.2980675007564,1257.3472105176602,92.57987297005354,360.4777233702352,940.5818815662877,0.2866970398906946,0.25801419562748956,0.09888386291485793,0.28436583648393965,2.3315994658107835,3.365011169471988
rks,,374.1246008659684,2.9343794358079145,517.6872573180447,0.3848525851703406,2.405328657314629,391.31465418985334,1258.8452275900245,93.15518597751333,358.6909908224238,932.0217783223742,0.2849365298934436,0.26071172315358004,0.10033558063986943,0.2845170045304712,2.3477274171840055,3.3751870227851377
rks,,374.1246008659684,2.9343794358079145,517.6872573180447,0.38645547094188376,2.4153466933867733,393.333631183265,1260.329782728207,93.72770854304622,356.96032646024577,923.6777670406598,0.2832277165485544,0.26339280042751945,0.10178958873191864,0.28466588220996514,2.363747602177039,3.3853323748304116
rks,,374.1246008659684,2.9343794358079145,517.6872573180447,0.38805835671342687,2.425364729458918,395.3549771758338,1261.8012141401189,94.29752848238752,355.284174181189,915.5431600293022,0.2815690539839153,0.26605780869191586,0.10324595603176016,0.2848124006816667,2.3796629693097247,3.3954460672148046
rks,,374.1246008659684,2.9343794358079145,517.6872573180447,0.3896612424849699,2.435382765531062,397.3786713960814,1263.2598495671054,94.86473116761306,353.6610201866537,907.6114882025896,0.2799590442994341,0.26870630705654575,0.10470443347120145,0.28495680901376846,2.395472937913187,3.4055303051999624
rks,,374.1246008659684,2.9343794358079145,517.6872573180447,0.391264128256513,2.4454008016032063,399.4046935897055,1264.706006632892,95.42939959628876,352.08939238319243,899.8764950728179,0.2783962363874452,0.2713386743734292,0.10616508989099761,0.2850990383655154,2.4111803488711705,3.41558396582429
rks,,374.1246008659684,2.9343794358079145,517.6872573180447,0.39286701402805607,2.4554188376753503,401.43302400362154,1266.1399931773196,95.99161445745534,350.5678597043614,892.3321306871695,0.2768792247250856,0.2739546493359334,0.10762774506371132,0.28523926896434476,2.4267853049529613,3.425608560545338
rks,,374.1246008659684,2.9343794358079145,517.6872573180447,0.3944698997995992,2.4654368737474948,403.4636433705574,1267.562107580947,96.55145419666752,349.09503113135924,884.9725449488249,0.2754066479610869,0.27655471414028254,0.10909251037602405,0.28537738942357516,2.442290978866476,3.4356025544438302
rks,,374.1246008659684,2.9343794358079145,517.6872573180447,0.3960727855711423,2.4754549098196392,405.49653289414016,1268.9726390816018,97.10899508047362,347.66955490165805,877.79208157489,0.2739771876825321,0.2791389545297359,0.11055934328200893,0.28551344228913333,2.4576988333288114,3.445566046214926
rks,,374.1246008659684,2.9343794358079145,517.6872573180447,0.39767567134268533,2.4854729458917832,407.53167423447223,1270.3718680750194,97.66431125712239,346.2901178161637,870.7852724482065,0.2725895672901615,0.2817072486967215,0.11202811924756953,0.28564755209511583,2.4730094336736554,3.4555000077011804
rks,,374.1246008659684,2.9343794358079145,517.6872573180447,0.39927855711422844,2.4954909819639277,409.5690494942097,1271.7600664133,98.21747481878799,344.95544425217736,863.9468313683824,0.2712425506684158,0.2842596162745601,0.1134987694319506,0.28577978768227785,2.4882239007787295,3.4654048395502013
rks,,374.1246008659684,2.9343794358079145,517.6872573180447,0.4008814428857715,2.5055090180360717,411.6086412051016,1273.1374976931004,98.76855586208904,343.66429519478544,857.2716479987084,0.26993494089797704,0.2867958315244076,0.11497112675512913,0.28591031613064233,2.5033423157221057,3.475281981541195
rks,,374.1246008659684,2.9343794358079145,517.6872573180447,0.4024843286573146,2.515527054108216,413.65043231496065,1274.5044175242645,99.31762254307466,342.41546751842105,850.7547825792798,0.26866557919317846,0.28931664092097625,0.11644541399046848,0.2860389146668461,2.518368714640073,3.485128811936916
rks,,374.1246008659684,2.9343794358079145,517.6872573180447,0.4040872144288577,2.5255450901803607,415.6944061750936,1275.861073802732,99.86474113606369,341.2077929425504,844.3914599594992,0.26743334360501575,0.29182184685558965,0.11792147720535993,0.28616573722349775,2.5333032171367496,3.494946660573483
rks,,374.1246008659684,2.9343794358079145,517.6872573180447,0.40569010020040075,2.5355631262525047,417.74054652813976,1277.2077069654135,100.40997608738297,340.0401371557568,838.1770641871357,0.2662371478822943,0.29431146458853186,0.11939924755904818,0.28629085264135257,2.5481467899066006,3.504735978344723
rks,,374.1246008659684,2.9343794358079145,517.6872573180447,0.40729298597194386,2.545581162324649,419.7888374963125,1278.54455024276,100.95339007021715,338.91139896960794,832.1071332982731,0.26507594037709376,0.29678550913986157,0.12087865621077785,0.286414329761166,2.562900370909455,3.514497226569325
rks,,374.1246008659684,2.9343794358079145,517.6872573180447,0.4088958717434869,2.555599198396793,421.8392635700391,1279.8718298941599,101.49504403446514,337.8205094229758,826.1773541086302,0.2639487029345057,0.2992440596010274,0.12235966061462206,0.28653621112886485,2.5775651299402673,3.5242306030083825
rks,,374.1246008659684,2.9343794358079145,517.6872573180447,0.41049875751503,2.5656172344689376,423.89180959698524,1281.1897654457352,102.03499725946176,336.76643082687457,820.3835569820067,0.26285444975414013,0.3016874011170981,0.12384230331650724,0.28665645419852276,2.5921430367252385,3.5339354318141747
rks,,374.1246008659684,2.9343794358079145,517.6872573180447,0.41210164328657317,2.575635270541082,425.94646077143346,1282.4985699107024,102.57330740144704,335.74815596003845,814.7217110866046,0.2617922263908769,0.30411587820346764,0.12532665315718836,0.2867749901293848,2.6066362612895517,3.5436107777196395
rks,,374.1246008659684,2.9343794358079145,517.6872573180447,0.41370452905811617,2.585653306613226,428.00320262402516,1283.7984500111163,103.11003054336317,334.76470715652715,809.1879195006353,0.2607611086877605,0.30652895875049047,0.12681241852254638,0.2868921105355698,2.6210434300148444,3.553259457265873
rks,,374.1246008659684,2.9343794358079145,517.6872573180447,0.4153074148296593,2.5956713426853706,430.06202101183874,1285.0896063802247,103.64522123839686,333.8151354936839,803.7784146728998,0.25976020180721676,0.3089272233322077,0.128299766492604,0.28700764833705533,2.6353676083866295,3.562879534424082
rks,,374.1246008659684,2.9343794358079145,517.6872573180447,0.4169103006012023,2.6056893787575146,432.1229021088003,1286.372233769313,104.17893255700403,332.8985199220027,798.489553848751,0.2587886392312335,0.31131014337156393,0.1297884054532421,0.2871218951479602,2.6496074055660355,3.5724738372747464
rks,,374.1246008659684,2.9343794358079145,517.6872573180447,0.4185131863727455,2.615707414829659,434.1858323964034,1287.6465212433243,104.71121613092134,332.0139665678118,793.3178150140917,0.25784558191267126,0.3136786233757314,0.1312786401659937,0.2872345462067518,2.6637671147531776,3.582039026801358
rks,,374.1246008659684,2.9343794358079145,517.6872573180447,0.4201160721442886,2.6257254509018035,436.25079865475374,1288.9126523645832,105.24212219373186,331.1606077641698,788.2597922852923,0.2569302172312739,0.3160322357699911,0.1327702215626664,0.2873458505816222,2.6778457047860535,3.5915775059797763
rks,,374.1246008659684,2.9343794358079145,517.6872573180447,0.42171895791583164,2.6357434869739476,438.3177879538947,1290.170805377706,105.77169962342077,330.33760134419265,783.3121920265268,0.25604175816665153,0.31837088595712393,0.13426303825657837,0.28745591965925327,2.691843457719444,3.6010902562946545
rks,,374.1246008659684,2.9343794358079145,517.6872573180447,0.42332184368737474,2.645761523046092,440.3867876454234,1291.4211533832324,106.2999959816425,329.5441298871447,778.4718289437355,0.2551794424489744,0.3206954327688921,0.13575738186184794,0.2875644618255268,2.7057643896981673,3.6105741106061098
rks,,374.1246008659684,2.9343794358079145,517.6872573180447,0.4249247294589178,2.655779559118236,442.45778535437984,1292.6638645075511,106.82705755281046,328.7793999761734,773.7356222943955,0.25434253173111177,0.32300551154055923,0.1372530296051115,0.2876716998538063,2.7196076673236282,3.62003121841535
rks,,374.1246008659684,2.9343794358079145,517.6872573180447,0.4265276152304609,2.6657975951903805,444.5307689714073,1293.8991020635128,107.35292938057756,328.0426414636824,769.1005922006592,0.25353031077965765,0.32530096258806035,0.13874984380485877,0.2877777714256021,2.733373258069322,3.629462853001278
rks,,374.1246008659684,2.9343794358079145,517.6872573180447,0.428130501002004,2.675815631262525,446.6057266451717,1295.1270247109999,107.87765530558346,327.3331066726702,764.5638558957472,0.25274208662714975,0.32758253196406784,0.14024807352928134,0.28788242747272264,2.7470646528135045,3.6388663170868347
rks,,374.1246008659684,2.9343794358079145,517.6872573180447,0.42973338677354705,2.685833667334669,448.68264677500304,1296.3477866073545,108.40127800016683,326.65006999166457,760.1226249702506,0.251977188040359,0.3298495362153486,0.14174735832350552,0.2879860284500415,2.760679736800277,3.648245186568218
rks,,374.1246008659684,2.9343794358079145,517.6872573180447,0.43133627254509016,2.6958517034068135,450.7615180038213,1297.5615375522466,108.9238390018408,325.992826855922,755.7742012569648,0.2512349645249837,0.3321028137893853,0.14324798980164963,0.28808828274344056,2.774222313743929,3.6575963454408886
rks,,374.1246008659684,2.9343794358079145,517.6872573180447,0.4329391583166332,2.7058697394789575,452.84232921126005,1298.768423129793,109.44537874677354,325.3606931898073,751.5159738723665,0.2505147856965508,0.3343420025880087,0.1447497451903501,0.2881894131262831,2.787691494038323,3.6669219646411078
rks,,374.1246008659684,2.9343794358079145,517.6872573180447,0.4345420440881763,2.715887775551102,454.92506950700414,1299.9685848472136,109.9659366029179,324.75300501886016,747.345416714066,0.24981604079073083,0.33656725851809555,0.1462526244896069,0.2882894195985694,2.8010883892311425,3.676221933878175
rks,,374.1246008659684,2.9343794358079145,517.6872573180447,0.4361449298597194,2.7259058116232464,457.0097282243778,1301.1621602617895,110.48555089912134,324.169117526762,743.2600847407007,0.2491381377564348,0.33877896043916245,0.14775672593868716,0.28838820392103226,2.8144149514090584,3.685495146107661
rks,,374.1246008659684,2.9343794358079145,517.6872573180447,0.43774781563126247,2.7359238476953904,459.0962949141133,1302.3492831114206,111.00425895685169,323.6084045979972,739.2576114430899,0.24848050273031966,0.3409769055951464,0.14926189560498251,0.28848592002627993,2.827670871359064,3.6947430786670856
rks,,374.1246008659684,2.9343794358079145,517.6872573180447,0.4393507014028056,2.745941883767535,461.1847593383227,1303.5300834355512,111.52209711874445,323.07025822961447,735.3357060728057,0.2478425794195241,0.34316105794058205,0.15076805150032352,0.28858264990248206,2.840856474909889,3.7039664749607732
rks,,374.1246008659684,2.9343794358079145,517.6872573180447,0.4409535871743486,2.755959919839679,463.27511146466077,1304.7046876933898,112.03910077692774,322.5540880679011,731.4921512144689,0.24722382858771672,0.3453320362416443,0.15227540014697524,0.28867818702737336,2.853974583335794,3.713163143252244
rks,,374.1246008659684,2.9343794358079145,517.6872573180447,0.44255647294589173,2.7659779559118234,465.3673414606876,1305.873218876259,112.555304399688,322.0593207037058,727.7247998654439,0.24662372736370763,0.34748951698526925,0.15378373502267229,0.28877273792321945,2.867024388572586,3.722335108010575
rks,,374.1246008659684,2.9343794358079145,517.6872573180447,0.44415935871743484,2.775995991983968,467.46143968840255,1307.035796622243,113.0707415600645,321.5853991416381,724.0315729702415,0.24604176868966207,0.34963395628396315,0.15529319380892473,0.28886616490851014,2.8800080531960575,3.7314808932598638
rks,,374.1246008659684,2.9343794358079145,517.6872573180447,0.4457622444889779,2.786014028056112,469.5573966989389,1308.1925373152033,113.58544495841704,321.1317824421812,720.4104573960203,0.24547746091048514,0.35176509050930366,0.15680359627829565,0.28895864821068223,2.8929249789088036,3.740602260853591
rks,,374.1246008659684,2.9343794358079145,517.6872573180447,0.44736513026052105,2.7960320641282563,471.6552032274446,1309.3435541954852,114.09944645099228,320.69794511847863,716.8595034032305,0.24493032717874316,0.35388331165925374,0.1583150538174666,0.28905007644305447,2.9057770534407386,3.749698013931875
rks,,374.1246008659684,2.9343794358079145,517.6872573180447,0.44896801603206404,2.8060501002004004,473.75485018811514,1310.488957451066,114.612777070618,320.28337665872175,713.3768224501944,0.24439990496499947,0.35598835661288214,0.1598273861990006,0.28914062983306343,2.9185636630289533,3.758769918344569
rks,,374.1246008659684,2.9343794358079145,517.6872573180447,0.4505709018036072,2.816068136272545,475.85632866938437,1311.6288543182861,115.12546705243795,319.88758107681775,709.9605851073111,0.24388574559308399,0.35808051877699226,0.1613406622636529,0.2892302395399543,2.9312862956488406,3.767817217825798
rks,,374.1246008659684,2.9343794358079145,517.6872573180447,0.4521737875751503,2.8260861723446893,477.9596299292628,1312.763349171772,115.63754585557689,319.51007646350007,706.6090190166059,0.24338741378259862,0.36015993515404077,0.16285488201142315,0.2893189055637272,2.9439458320185814,3.7768398594747654
rks,,374.1246008659684,2.9343794358079145,517.6872573180447,0.45377667334669336,2.8361042084168333,480.06474539082507,1313.8925436130999,116.14904218495263,319.1503945301111,703.3204068783734,0.24290448719076593,0.362226740810737,0.16437004544231118,0.2894066279043822,2.956543133263181,3.7858377950342437
rks,,374.1246008659684,2.9343794358079145,517.6872573180447,0.45537955911823647,2.8461222444889778,482.17166663783524,1315.01653655818,116.659984013219,318.8080802114165,700.0930846099747,0.2424365560039568,0.3642810689121111,0.16588615255631706,0.2894934065619194,2.9690790415189556,3.794810980731989
rks,,374.1246008659684,2.9343794358079145,517.6872573180447,0.4569824448897795,2.856140280561122,484.280385410508,1316.1354243191934,117.17039860092433,318.48269120877063,696.9254394128556,0.24198322248906445,0.3663229001128515,0.16740313451268538,0.28957931037709417,2.9815538159455874,3.803760070114717
rks,,374.1246008659684,2.9343794358079145,517.6872573180447,0.4585853306613226,2.8661583166332663,486.3908936013952,1317.2493006850234,117.68031251664229,318.173797692022,693.8159082262528,0.24154410066990253,0.3683521225616508,0.16892087992473467,0.289664450736588,2.993967362978323,3.8126861455079495
rks,,374.1246008659684,2.9343794358079145,517.6872573180447,0.4601882164328657,2.8761763527054107,488.50318325141143,1318.3582569967011,118.18975165544214,317.8809817965055,690.7629757679365,0.2411188158525721,0.3703693806729762,0.170439624713242,0.28974859171962375,3.0063224087390616,3.8215867999717643
rks,,374.1246008659684,2.9343794358079145,517.6872573180447,0.4617911022044088,2.8861943887775547,490.617246545963,1319.462382226539,118.69874125968533,317.6038374063595,687.7651732357855,0.2407070043712925,0.3723741675472402,0.17195907726408924,0.28983202494031957,3.0186173639956815,3.8304649334970695
rks,,374.1246008659684,2.9343794358079145,517.6872573180447,0.4633939879759519,2.896212424849699,492.7330758112208,1320.5617630464342,119.20730593542038,317.34196955316645,684.8210762061831,0.2403083130478373,0.3743671217138373,0.17347947349805362,0.2899145144778983,3.030854907893262,3.83931815032862
rks,,374.1246008659684,2.9343794358079145,517.6872573180447,0.46499687374749493,2.9062304609218432,494.8506635104778,1321.656483897947,119.71546967017395,317.094994272222,681.9293035600334,0.2399223990011513,0.37634797794947794,0.1750006331876984,0.28999624055979656,3.0430343401433673,3.848148234312255
rks,,374.1246008659684,2.9343794358079145,517.6872573180447,0.46659975951903804,2.9162484969939877,496.97000224063135,1322.746627061704,120.22325585097843,316.86253823960544,679.0885159611338,0.2395489292937916,0.3783168609323321,0.1765225563330235,0.29007720318601454,3.055156406771724,3.8569551627066834
rks,,374.1246008659684,2.9343794358079145,517.6872573180447,0.46820264529058114,2.926266533066132,499.09108472877335,1323.8322727194852,120.73068727953171,316.64423841014553,676.2974143677174,0.23918758058351186,0.38027389363323316,0.17804524293402885,0.2901574023565523,3.0672218383440883,3.865738916149537
rks,,374.1246008659684,2.9343794358079145,517.6872573180447,0.4698055310621242,2.936284569138276,501.2139038288819,1324.9134990197824,121.23778618948421,316.43974164513213,673.5547385526376,0.23883803876950863,0.3822191973448035,0.17956869299071423,0.29023683807141,3.0792313504106144,3.874499478538217
rks,,374.1246008659684,2.9343794358079145,517.6872573180447,0.4714084168336673,2.9463026052104206,503.33845251860356,1325.9903821377923,121.74457426164264,316.24870450949834,670.8592660132417,0.2384999987704548,0.3841528917099859,0.1810929065030797,0.2903155103305876,3.0911856439338807,3.8832368369154557
rks,,374.1246008659684,2.9343794358079145,517.6872573180447,0.47301130260521035,2.9563206412825647,505.46472389613353,1327.0629963334243,122.25107263871297,316.07079304188346,668.2098108460757,0.2381731642847125,0.38607528526070267,0.18261797358484314,0.2903933290203672,3.1030861071067903,3.8919500846868105
rks,,374.1246008659684,2.9343794358079145,517.6872573180447,0.47461418837675345,2.966338677354709,507.5927111772055,1328.131414008323,122.7573019400246,315.9056822871535,665.6052221438953,0.23785724737414715,0.387985878070109,0.1841436026218868,0.2904705857548666,3.1149311439724037,3.9006421163077305
rks,,374.1246008659684,2.9343794358079145,517.6872573180447,0.47621707414829656,2.9763567134268536,509.7224076921634,1329.1957057633429,123.2632822769358,315.75305586731173,663.0443825056649,0.2375519680798082,0.38988544632373445,0.18567010650129154,0.29054696764700505,3.126723848682561,3.9093098144909098
rks,,374.1246008659684,2.9343794358079145,517.6872573180447,0.4778199599198396,2.9863747494989976,511.8538068830741,1330.2559404456374,123.76903326378891,315.61260643561496,660.5262084249537,0.23725705470624273,0.391773634741209,0.18719726244969437,0.29062269747014524,3.138463146724827,3.9179553906242957
rks,,374.1246008659684,2.9343794358079145,517.6872573180447,0.4794228456913827,2.996392785571142,513.9869023010085,1331.31218520447,124.27457403333165,315.48403464466367,658.0496475709235,0.23697224298762798,0.39365018153754394,0.18872489023965872,0.290697955451724,3.1501483093648672,3.926580627038058
rks,,374.1246008659684,2.9343794358079145,517.6872573180447,0.48102573146292577,3.006410821643286,516.1216876033528,1332.3645055462173,124.7799232522558,315.367049003037,655.6136779708704,0.23669727592581644,0.3955164155580809,0.1902535730994204,0.29077215836350534,3.161784419190779,3.9351797477013655
rks,,374.1246008659684,2.9343794358079145,517.6872573180447,0.4826286172344689,3.0164288577154306,518.258156551164,1333.412965365565,125.28509912573145,315.2613663008355,653.2173083878206,0.23643190406087305,0.3973712311128295,0.19178272780074349,0.29084588943372547,3.1733676459452216,3.9437585318243498
rks,,374.1246008659684,2.9343794358079145,517.6872573180447,0.48423150300601203,3.026446893787575,520.396303006698,1334.4576270115942,125.79011941896249,315.16671044188473,650.8595754001816,0.23617588454095326,0.3992147415927785,0.19331235434362784,0.2909191486623842,3.1848986191756037,3.952316977868867
rks,,374.1246008659684,2.9343794358079145,517.6872573180447,0.4858343887775551,3.036464929859719,522.5361209309082,1335.4985513187087,126.29500146232692,315.0828129375624,648.5395439593443,0.23592898144774532,0.4010482593596729,0.19484303595630909,0.290991352821246,3.1963823214819174,3.9608493370652
rks,,374.1246008659684,2.9343794358079145,517.6872573180447,0.4874372745490982,3.0464829659318635,524.6776043810974,1336.535797659508,126.79976216735815,315.009412105957,646.2563052802129,0.2356909651485503,0.40287020247154715,0.1963739534897743,0.29106332105932387,3.2078131946839705,3.9693636983314398
rks,,374.1246008659684,2.9343794358079145,517.6872573180447,0.48904016032064124,3.0565010020040075,526.8207475085546,1337.5694239735712,127.30441803146846,314.9462536684802,644.0089776307622,0.23546161270108637,0.40468224587105006,0.19790587039969548,0.29113428992094575,3.2191975187425825,3.977852549932128
rks,,374.1246008659684,2.9343794358079145,517.6872573180447,0.49064304609218434,3.066519038076152,528.9655445563601,1338.599486828073,127.80898515840045,314.89308953667745,641.7967034174858,0.23524070689945042,0.4064834113917234,0.19943825915117766,0.2912047869410067,3.2305319294706694,3.98632109950288
rks,,374.1246008659684,2.9343794358079145,517.6872573180447,0.49224593186372745,3.0765370741482965,531.1119898571512,1339.6260414370138,128.31347925892794,314.84967851097053,639.6186502118884,0.235028036759596,0.40827380529750557,0.20097111974422066,0.2912748121195068,3.24181700009782,3.9947693561670095
rks,,374.1246008659684,2.9343794358079145,517.6872573180447,0.4938488176352705,3.0865551102204405,533.2600778310238,1340.6491417101734,128.81791566628556,314.8157856257662,637.4740090159976,0.23482339698825114,0.41005375802086985,0.2025045635655059,0.2913442540697646,3.2530541076037243,4.003196239299635
rks,,374.1246008659684,2.9343794358079145,517.6872573180447,0.4954517034068136,3.096573146292585,535.4098029834771,1341.6688402913596,129.32230934672123,314.79118182613234,635.3619932307679,0.23462658770384176,0.41182350984522276,0.20403865945578828,0.2914130439510253,3.2642442940673524,4.011601091686026
rks,,374.1246008659684,2.9343794358079145,517.6872573180447,0.49705458917835665,3.106591182364729,537.561159903389,1342.6851885906256,129.82667490738868,314.775644080035,633.2818385207283,0.2344374144846605,0.41358338355062174,0.205573518801749,0.29148107037660764,3.2753888908346367,4.019982844983908
rks,,374.1246008659684,2.9343794358079145,517.6872573180447,0.49865747494989976,3.1166092184368734,539.7141432610589,1343.6982368141078,130.33102660329655,314.76895535212657,631.2328024035968,0.23425568831469182,0.41533311296849595,0.20710896137595167,0.29154851357394806,3.2864871021906907,4.028343285778817
rks,,374.1246008659684,2.9343794358079145,517.6872573180447,0.5002603607214429,3.126627254509018,541.8687478063314,1344.7080340053549,130.83537835020968,314.7709041497059,629.2141629925742,0.23408122521000158,0.4170719900267602,0.20864458417759707,0.2916157765438458,3.297536547500775,4.036686367362681
rks,,374.1246008659684,2.9343794358079145,517.6872573180447,0.501863246492986,3.1366452905811624,544.0249683667585,1345.7146280754196,131.33974373227272,314.78128426803636,627.2252181599748,0.233913845997366,0.41880186189720503,0.21018126204903848,0.2916819844439475,3.3085440216670348,4.045003574817427
rks,,374.1246008659684,2.9343794358079145,517.6872573180447,0.5034661322645291,3.146663326653307,546.1827998457998,1346.718065835192,131.84413601101176,314.7998947561709,625.2652851548116,0.2337533762576668,0.4205210769503802,0.21171812014792232,0.2917480121166067,3.319503749079005,4.053303463862208
rks,,374.1246008659684,2.9343794358079145,517.6872573180447,0.5050690180360721,3.1566813627254504,548.3422372210625,1347.7183930204378,132.348568130923,314.82654009603243,623.3337006498931,0.23359964642944378,0.42223031402242067,0.21325545008836636,0.29181356794770574,3.3304183194916623,4.061583212320081
rks,,374.1246008659684,2.9343794358079145,517.6872573180447,0.5066719038076152,3.166699398797595,550.5032755426422,1348.715654326606,132.85305273015263,314.86102949719,621.4298190427066,0.23345249125501957,0.42393046319917443,0.21479365487116986,0.2918782489364453,3.3412910627647596,4.069838930901998
rks,,374.1246008659684,2.9343794358079145,517.6872573180447,0.5082747895791583,3.1767174348697393,552.6659099314544,1349.7098934336452,133.35760214643983,314.90317710621815,619.5530125878404,0.23331174990879586,0.42562059843253475,0.21633222010885203,0.2919425694703063,3.352118808636682,4.0780756478404925
rks,,374.1246008659684,2.9343794358079145,517.6872573180447,0.5098776753507014,3.186735470941884,554.8301355776323,1350.7011530437826,133.86222842984353,314.9528018588331,617.7026708262995,0.2331772658586188,0.4273012510793308,0.21787136857477557,0.2920063067759258,3.3629035960260314,4.086291227892082
rks,,374.1246008659684,2.9343794358079145,517.6872573180447,0.5114805611222445,3.196753507014028,556.9959477389833,1351.6894748905786,134.36694334108188,315.009727082694,615.8781995380783,0.2330488865485873,0.4289717223793028,0.2194106972681415,0.292069863854103,3.3736430722882886,4.0944896026851465
rks,,374.1246008659684,2.9343794358079145,517.6872573180447,0.5130834468937875,3.206771543086172,559.1633417394693,1352.674899778493,134.87175836558845,315.0737804628474,614.0790204211563,0.23292646334639777,0.43063346155777416,0.2209509008038661,0.2921325460899214,3.3843425337039346,4.102664077639443
rks,,374.1246008659684,2.9343794358079145,517.6872573180447,0.5146863326653306,3.2167895791583163,561.3323129676945,1353.657467607423,135.37668472020857,315.14479455124086,612.3045718335802,0.23280985189573575,0.4322855507786373,0.22249146479446938,0.29219486787086124,3.3949988413456693,4.110819662984299
rks,,374.1246008659684,2.9343794358079145,517.6872573180447,0.5162892184368737,3.2268076152304603,563.5028568755339,1354.6372173850498,135.8817333536948,315.22260550610685,610.554306093163,0.23269891116280042,0.4339285114099395,0.22403261201331368,0.29225660642356,3.40561397623681,4.118954238204697
rks,,374.1246008659684,2.9343794358079145,517.6872573180447,0.5178921042084168,3.236825651302605,565.6749689766986,1355.6141872712203,136.38691496397655,315.3070536742158,608.8276903857293,0.23259350384117197,0.4355616500552434,0.22557393945960008,0.2923181647488167,3.416185603092472,4.12707172169982
rks,,374.1246008659684,2.9343794358079145,517.6872573180447,0.5194949899799599,3.2468436873747493,567.8486448453692,1356.5884145775053,136.89223999250157,315.39798354135473,607.1242064404155,0.2324934962971669,0.43718618031393347,0.2271160303615638,0.2923789596183961,3.426718147652757,4.135166525827772
rks,,374.1246008659684,2.9343794358079145,517.6872573180447,0.521097875751503,3.2568617234468937,570.0238801148784,1357.5599358108268,137.39771864149031,315.49524361325416,605.443350077491,0.232398758456892,0.4388013830246973,0.2286584685709914,0.29243940718051165,3.4372091788780326,4.143242694495669
rks,,374.1246008659684,2.9343794358079145,517.6872573180447,0.522700761523046,3.2668797595190373,572.2006704764549,1358.5287866754072,137.90336086976015,315.5986856022506,603.7846294362741,0.23230916319011832,0.4404078205000366,0.23020150315607407,0.29249925836697194,3.447660802515756,4.151297868258953
rks,,374.1246008659684,2.9343794358079145,517.6872573180447,0.5243036472945891,3.2768977955911818,574.379011677911,1359.4950021127383,138.40917640856287,315.70816552688655,602.1475668840816,0.2322245870976037,0.4420052043081654,0.23174494074196117,0.29255870655262795,3.4580721113789865,4.15933394211724
rks,,374.1246008659684,2.9343794358079145,517.6872573180447,0.5259065330661322,3.2869158316633262,576.5588995224833,1360.4586163084555,138.91517476024387,315.82354234431597,600.5316961989546,0.23214490948742655,0.44359353633165577,0.23328873878272646,0.29261779428340573,3.468443224384264,4.167351358853496
rks,,374.1246008659684,2.9343794358079145,517.6872573180447,0.5275094188376753,3.2969338677354707,578.740329867605,1361.4196627121976,139.42136520389022,315.9446786553599,598.9365637328688,0.2320700128760739,0.445172768583071,0.2348328284376147,0.29267659040006067,3.4787740829985463,4.175350811863892
rks,,374.1246008659684,2.9343794358079145,517.6872573180447,0.5291123046092184,3.306951903807615,580.9232986237478,1362.3781740651784,139.92775680517775,316.071440586126,597.3617279975448,0.2319997828818745,0.4467438755232863,0.23637768154817984,0.2927346230610386,3.489068225246641,4.183327825313221
rks,,374.1246008659684,2.9343794358079145,517.6872573180447,0.5307151903807614,3.3169699398797587,583.1078017533066,1363.3341824181628,140.4343584213484,316.20369741295247,595.8067587741218,0.2319341079324352,0.44830604170604216,0.23792282627286773,0.29279236410789367,3.49932288202944,4.191286952770234
rks,,374.1246008659684,2.9343794358079145,517.6872573180447,0.5323180761523046,3.326987975951904,585.2938352695022,1364.2877191380046,140.94117870025616,316.34132149509287,594.2712368170315,0.23187287920099892,0.4498596864679817,0.23946844283911498,0.2928496333131897,3.50953963026216,4.19922651069034
rks,,374.1246008659684,2.9343794358079145,517.6872573180447,0.5339209619238476,3.3370060120240477,587.4813952353065,1365.2388149335497,141.44822608978814,316.4841882503905,592.7547536437241,0.23181599057143326,0.4514043403809628,0.24101423963280358,0.2929067222910441,3.5197169214996737,4.207149318000536
rks,,374.1246008659684,2.9343794358079145,517.6872573180447,0.5355238476953907,3.347024048096192,589.6704777623894,1366.187499870897,141.95550884181955,316.63217632389427,591.2569116884531,0.23176333874655977,0.4529408367126585,0.24256061965473258,0.29296322804065816,3.5298577779709945,4.215051573516492
rks,,374.1246008659684,2.9343794358079145,517.6872573180447,0.5371267334669338,3.3570420841683366,591.8610790101163,1367.133803397192,142.46303502084277,316.78516717841524,589.7773233771037,0.23171482293191456,0.4544690411192278,0.2441074715182205,0.29301926194871336,3.539961821099885,4.222934382177844
rks,,374.1246008659684,2.9343794358079145,517.6872573180447,0.538729619238477,3.367060120240481,594.0531951845613,1368.077754343521,142.9708125015544,316.94304496955385,588.3156107465741,0.23167034473244583,0.45598869307218903,0.24565461499583113,0.2930750042426458,3.550028231295202,4.230799498286674
rks,,374.1246008659684,2.9343794358079145,517.6872573180447,0.5403325050100201,3.377078156312625,596.2468225375302,1369.0193809491193,143.4788489779744,317.1056967292305,586.8714056418834,0.23162980827151342,0.4574999960880294,0.24720211892831928,0.2931303860817008,3.5600578128827918,4.2386463074870475
rks,,374.1246008659684,2.9343794358079145,517.6872573180447,0.541935390781563,3.387096192384769,598.441957365631,1369.9587108716662,143.98715196521175,317.27301204167685,585.4443489732515,0.23159311994140683,0.4590034353178286,0.24875020608904735,0.2931851846925157,3.5700523496953096,4.246472740975018
rks,,374.1246008659684,2.9343794358079145,517.6872573180447,0.5435382765531062,3.3971142284569136,600.6385960093393,1370.8957712066403,144.4957288062593,317.44488336395534,584.0340911721229,0.23156018862363656,0.4604985438213985,0.25029858486389794,0.2932396916892082,3.5800102964575866,4.254281606453693
rks,,374.1246008659684,2.9343794358079145,517.6872573180447,0.5451411623246493,3.407132264529058,602.8367348521206,1371.8305884950348,145.00458667257033,317.6212056118963,582.640291291639,0.23153092537493444,0.4619851907572645,0.25184714386619,0.29329401845845926,3.5899312840438578,4.262073996687991
rks,,374.1246008659684,2.9343794358079145,517.6872573180447,0.5467440480961924,3.417150300601202,605.0363703195583,1372.7631887484806,145.51373257422347,317.80187613479285,581.2626168339739,0.23150524339491224,0.4634641876378324,0.25339628609672177,0.2933477619994706,3.599818225672667,4.2698461445163
rks,,374.1246008659684,2.9343794358079145,517.6872573180447,0.5483469338677355,3.4271683366733465,607.2374988785017,1373.6935974488063,146.0231733562905,317.98679468857034,579.9007435779164,0.2314830579971607,0.46493539841750353,0.2549459001688121,0.2934010336989234,3.6096707262621863,4.277599150552
rks,,374.1246008659684,2.9343794358079145,517.6872573180447,0.5499498196392785,3.4371863727454905,609.4401170362452,1374.6218395683454,146.53291570657962,318.17586324263533,578.5543551070393,0.23146428645608305,0.4663983609206077,0.2564956944683433,0.29345412517093517,3.619487257352392,4.285335808816935
rks,,374.1246008659684,2.9343794358079145,517.6872573180447,0.5515527054108216,3.4472044088176346,611.6442213396872,1375.547939586933,147.04296616176703,318.36898653831844,577.2231437087825,0.23144884840140312,0.46785334901003306,0.25804578038199705,0.29350692502882453,3.6292688517457865,4.293055109930039
rks,,374.1246008659684,2.9343794358079145,517.6872573180447,0.5531555911823647,3.457222444889779,613.8498083745886,1376.4719214937256,147.5533311051986,318.56607115486565,575.9068085598371,0.23143666512947303,0.46930075782534253,0.2595963381372091,0.29355925304515557,3.639016958903603,4.30075540255133
rks,,374.1246008659684,2.9343794358079145,517.6872573180447,0.5547584769539078,3.4672404809619235,616.0568747647949,1377.3938088105763,148.0640167767025,318.76702561893495,574.6050558239956,0.23142765967141998,0.47074085384793163,0.26114747912066066,0.2936109978332471,3.648732576513832,4.3084356894762985
rks,,374.1246008659684,2.9343794358079145,517.6872573180447,0.5563613627254509,3.477258517034068,618.2654171714494,1378.3136245899168,148.57502926845223,318.9717610748533,573.3175997562166,0.23142175727222858,0.4721724517866466,0.26269850871743594,0.29366285400801495,3.6584116671362334,4.316102537185034
rks,,374.1246008659684,2.9343794358079145,517.6872573180447,0.5579642484969939,3.4872765531062115,620.4754322923043,1379.231391436044,149.08637453377128,319.18019043726827,572.044161067764,0.23141888476373826,0.47359719279811574,0.26425030176988656,0.2937139467271073,3.668059992839549,4.323747781634472
rks,,374.1246008659684,2.9343794358079145,517.6872573180447,0.559567134268537,3.497294589178356,622.6869168609885,1380.1471315179613,149.59805839145872,319.39222867442913,570.7844673399857,0.23141897076085222,0.4750138709685616,0.2658021505156826,0.29376498375285437,3.6776734456261346,4.331378104398489
rks,,374.1246008659684,2.9343794358079145,517.6872573180447,0.5611700200400802,3.5073126252505014,624.8998676463087,1381.0608665692478,150.11008652292662,319.6077928121391,569.538252933241,0.2314219456569575,0.4764233962058101,0.2673545267963775,0.2938154932437027,3.6872552448999643,4.338989132150004
rks,,374.1246008659684,2.9343794358079145,517.6872573180447,0.5627729058116232,3.517330661322645,627.1142814515911,1381.9726179084898,150.6224644808658,319.82680149081654,568.3052581032962,0.23142774129262417,0.4778252124925931,0.2689070833045129,0.2938658225071103,3.696803534947939,4.346584159805228
rks,,374.1246008659684,2.9343794358079145,517.6872573180447,0.5643757915831663,3.5273486973947894,629.3301551139784,1382.88240644516,151.13519768994274,320.04917569444984,567.0852302092186,0.2314362914755484,0.4792195828741805,0.2704599314267704,0.2939158601563959,3.7063192925849577,4.354162190130088
rks,,374.1246008659684,2.9343794358079145,517.6872573180447,0.5659786773547094,3.537366733466934,631.5474855038294,1383.7902526917067,151.64829145096178,320.27483778728606,565.8779219107646,0.2314475312745535,0.48060688904735904,0.27201325139058585,0.29396542596412356,3.715803900319199,4.361721589245228
rks,,374.1246008659684,2.9343794358079145,517.6872573180447,0.5675815631262525,3.5473847695390783,633.7662695240509,1384.6961767686134,152.16175094122434,320.50371217891364,564.6830922653155,0.2314613974936039,0.48198667707779275,0.2735667515818419,0.2940148115444106,3.7252558553639727,4.369265122409838
rks,,374.1246008659684,2.9343794358079145,517.6872573180447,0.5691844488977956,3.557402805611223,635.9865041095215,1385.6001984175002,152.67558121941954,320.7357245045777,563.500505197692,0.2314778280711069,0.48335971851321335,0.27512083500133694,0.2940636138964587,3.734677880098051,4.376789085302133
rks,,374.1246008659684,2.9343794358079145,517.6872573180447,0.5707873346693386,3.5674208416833664,638.2081862264364,1386.50233700784,153.18978722707766,320.97080261455807,562.3299311651665,0.23149676278745654,0.48472504839497943,0.27667491842083647,0.29411241624850215,3.7440667109463384,4.3842989495572136
rks,,374.1246008659684,2.9343794358079145,517.6872573180447,0.5723902204408817,3.577438877755511,640.431312871753,1387.4026115458564,153.70437379123473,321.2088759110081,561.1711459074161,0.23151814277840682,0.48608355584340435,0.2782294736818939,0.29416074675898785,3.7534254707379535,4.391790375304558
rks,,374.1246008659684,2.9343794358079145,517.6872573180447,0.5739931062124248,3.5874569138276553,642.6558810726217,1388.3010406882415,154.2193456299641,321.4498751919221,560.023930100929,0.23154191041488045,0.48743498402492946,0.2797843205570729,0.2942087856553519,3.7627533337506938,4.399265084819855
rks,,374.1246008659684,2.9343794358079145,517.6872573180447,0.5755959919839679,3.5974749498997993,644.8818878858133,1389.1976427469208,154.7347073528905,321.6937328117537,558.8880695693132,0.23156800941272454,0.48877919856594226,0.2813393476596924,0.29425664432427556,3.7720498966385856,4.406724156143959
rks,,374.1246008659684,2.9343794358079145,517.6872573180447,0.577198877755511,3.607492985971944,647.109330397162,1390.0924356910991,155.2504634601653,321.94038289358184,557.7633555794071,0.23159638497962604,0.49011645254144376,0.2828946663764335,0.29430421137907753,3.781316086616722,4.414166602892051
rks,,374.1246008659684,2.9343794358079145,517.6872573180447,0.578801763527054,3.617511022044088,649.3382057210549,1390.9854371600957,155.76661834765866,322.1897608377236,556.6495839169363,0.23162698345391888,0.49144711515972495,0.28445045693473203,0.294351306592322,3.79055322625108,4.421590807215374
rks,,374.1246008659684,2.9343794358079145,517.6872573180447,0.5804046492985971,3.6275290581162323,651.5685109999047,1391.8766644802415,156.2831763146511,322.44180335012004,555.5465548730217,0.23165975231758568,0.49277093050991766,0.2860065391071521,0.294398110191445,3.799760490963129,4.428998485034866
rks,,374.1246008659684,2.9343794358079145,517.6872573180447,0.5820075350701402,3.6375470941883763,653.8002434036196,1392.766134654159,156.80014155561457,322.696448771495,554.4540737476972,0.231694640429798,0.4940877637818849,0.2875628015070125,0.2944447335631277,3.8089374727222394,4.436390710747034
rks,,374.1246008659684,2.9343794358079145,517.6872573180447,0.5836104208416834,3.6475651302605208,656.0334001291195,1393.6538643803274,157.3175181695217,322.9536368558448,553.3719504015725,0.23173159785944594,0.4953975545477592,0.2891191752935585,0.29449124554812484,3.818084018690276,4.443768162784098
rks,,374.1246008659684,2.9343794358079145,517.6872573180447,0.5852133066132265,3.6575831663326652,658.2679783998639,1394.5398700584471,157.83531016101915,323.21330837689504,552.2999985208984,0.23177057559734646,0.4967012845817066,0.2906762011490977,0.29453710546412876,3.8272035421103503,4.451125909483426
rks,,374.1246008659684,2.9343794358079145,517.6872573180447,0.5868161923847695,3.667601202404809,660.5039754653578,1395.4241677915304,158.35352143975365,323.4754054693428,551.2380361468336,0.23181152579669842,0.4979978923502962,0.2922332270046411,0.29458296538012835,3.8362924596913244,4.458470001906913
rks,,374.1246008659684,2.9343794358079145,517.6872573180447,0.5884190781563126,3.6776192384769533,662.741388600663,1396.3067734008134,158.8721558272589,323.73987210460575,550.1858864246492,0.23185440210686092,0.4992879316470106,0.29379054447430597,0.2946285336820066,3.8453527170936628,4.465797802455469
rks,,374.1246008659684,2.9343794358079145,517.6872573180447,0.5900219639278557,3.6876372745490977,664.9802151060043,1397.187702423463,159.39121705373577,324.00665283315027,549.1433754028313,0.23189915876811057,0.5005719502474698,0.295348445172209,0.2946735187556467,3.8543862341829023,4.473106684756638
rks,,374.1246008659684,2.9343794358079145,517.6872573180447,0.5916248496993988,3.697655310621242,667.2204523062918,1398.066970127088,159.91070876484048,324.2756933812108,548.1103330023636,0.23194575103346676,0.5018488230071667,0.29690623448343517,0.2947186152159636,3.863389215202847,4.480403069320416
rks,,374.1246008659684,2.9343794358079145,517.6872573180447,0.5932277354709419,3.7076733466933867,669.4620975506623,1398.9445915075278,160.43063451867022,324.5469412198456,547.0865939236635,0.23199413557195145,0.5031195909936315,0.29846449563621846,0.2947632398347234,3.8723652630566874,4.487681655043886
rks,,374.1246008659684,2.9343794358079145,517.6872573180447,0.5948306212424849,3.7176913827655302,671.7051482121017,1399.8205812983854,160.95099778963322,324.8203445300872,546.0719958424484,0.2320442697226271,0.504384000568823,0.3000230484031228,0.29480757283936204,3.881313557368962,4.494944143233605
rks,,374.1246008659684,2.9343794358079145,517.6872573180447,0.5964335070140281,3.7277094188376756,673.9496016869971,1400.6949539819032,161.47180197328214,325.0958528843959,545.0663805123036,0.23209611197656682,0.5056416140666933,0.3015816011700316,0.2948519058439965,3.8902326521475903,4.5021932458431175
rks,,374.1246008659684,2.9343794358079145,517.6872573180447,0.5980363927855711,3.737727454909819,676.1954553947636,1401.567723787161,161.99305038359375,325.37341652621564,544.0695925053509,0.23214962145891008,0.5068932751174385,0.30314062577849704,0.29489576700707404,3.8991254679693803,4.509424697929481
rks,,374.1246008659684,2.9343794358079145,517.6872573180447,0.5996392785571142,3.7477454909819636,678.4427067774001,1402.4389046983047,162.5147462563208,325.65298738042964,543.0814808596832,0.232204758645429,0.5081387308954639,0.3046999420010836,0.2949393365560306,3.9079911862932786,4.516640195873284
rks,,374.1246008659684,2.9343794358079145,517.6872573180447,0.6012421643286573,3.757763527054108,680.6913532991613,1403.308510462054,163.03689275186832,325.9345177588225,542.1018968667287,0.23226148443402878,0.5093775460103354,0.3062592582236742,0.29498290610498307,3.9168283689306937,4.52384244365528
rks,,374.1246008659684,2.9343794358079145,517.6872573180447,0.6028450501002004,3.7677815631262526,682.9413924461255,1404.1765545943624,163.55949295783967,326.21796142572526,541.1306958089873,0.23231976090069592,0.5106105561232663,0.3078190462878217,0.2950260038123787,3.9256399021545705,4.53102718962854
rks,,374.1246008659684,2.9343794358079145,517.6872573180447,0.6044479358717435,3.777799599198397,685.1928217258446,1405.0430503761681,164.08254988496833,326.5032731362749,540.1677361432085,0.23237955096739643,0.5118375092470107,0.30937912596609,0.2950688099056535,3.9344249694525972,4.5381961252349114
rks,,374.1246008659684,2.9343794358079145,517.6872573180447,0.6060508216432865,3.7878176352705406,687.4456386670001,1405.9080108656262,164.6060664729912,326.7904083206272,539.212878937357,0.23244081817232148,0.5130582696492292,0.3109393858717982,0.2951114357714883,3.9431831505600092,4.545350310329072
rks,,374.1246008659684,2.9343794358079145,517.6872573180447,0.6076537074148296,3.797835671342685,689.6998408190107,1406.771448902666,165.1300455920258,327.079323785116,538.2659889900538,0.2325035271651625,0.5142726813933769,0.31249970147085093,0.29515400594397867,3.9519139571269686,4.55249091994302
rks,,374.1246008659684,2.9343794358079145,517.6872573180447,0.6092565931863727,3.8078537074148295,691.9554257517206,1407.6333771215875,165.65449004880645,327.3699769211433,537.3269334830164,0.23256764313913109,0.5154813862179215,0.31406043321811966,0.29519615996825305,3.960619607970363,4.559614730550064
rks,,374.1246008659684,2.9343794358079145,517.6872573180447,0.6108594789579158,3.8178717434869736,694.2123910550409,1408.4938079370609,166.1794025768428,327.66232611037185,536.3955826131097,0.23263313211882689,0.5166839301413508,0.31562127635207377,0.29523820260584205,3.96929860107082,4.566724552637862
rks,,374.1246008659684,2.9343794358079145,517.6872573180447,0.6124623647294589,3.827889779559118,696.4707343386328,1409.3527535592605,166.7047858442462,327.95633041705554,535.4718090505409,0.23269996073645563,0.517880950068976,0.3171825913275839,0.295279773401875,3.9779531348139905,4.573817170717664
rks,,374.1246008659684,2.9343794358079145,517.6872573180447,0.6140652505010019,3.837907815631262,698.7304532315446,1410.2102260040915,167.2306424587323,328.25195036512264,534.5554891720535,0.23276809677890556,0.5190717208684943,0.31874390630309807,0.29532134419790385,3.9865807883228874,4.58089690049378
rks,,374.1246008659684,2.9343794358079145,517.6872573180447,0.615668136272545,3.8479258517034065,700.9915453819439,1411.066237087104,167.75697496258658,328.5491468100504,533.6465011803172,0.23283750838534828,0.520256584083245,0.3203054015060521,0.29536273476649294,3.995182757260669,4.5879621563509305
rks,,374.1246008659684,2.9343794358079145,517.6872573180447,0.6172710220440881,3.8579438877755505,703.2540084567836,1411.920798431046,168.28378583605308,328.8478814622731,532.7447259281603,0.23290816441523865,0.5214362386093903,0.32186747993724335,0.2954035421068448,4.003761444178036,4.595009350742596
rks,,374.1246008659684,2.9343794358079145,517.6872573180447,0.6188739078156312,3.867961923847695,705.5178401414835,1412.7739214725423,168.8110775002425,329.14811716006034,531.8500473251764,0.2329800346378049,0.5226096025333006,0.3234294469817575,0.2954444608338737,4.01231322201757,4.602044795982421
rks,,374.1246008659684,2.9343794358079145,517.6872573180447,0.6204767935871743,3.8779799599198395,707.7830381396705,1413.62561746932,169.33885232038278,329.4498170020631,530.9623509001982,0.2330530891141078,0.523777374108565,0.32499170564039226,0.2954850879467821,4.020840489992124,4.609064903865949
rks,,374.1246008659684,2.9343794358079145,517.6872573180447,0.6220796793587173,3.887997995991983,710.0496001728436,1414.47589748862,169.86711259751098,329.75294523679275,530.0815252102831,0.2331272988265576,0.5249395965638712,0.32655425591314746,0.29552542344556987,4.0293434285355545,4.616069722879236
rks,,374.1246008659684,2.9343794358079145,517.6872573180447,0.6236825651302604,3.8980160320641275,712.317523980117,1415.3247724250766,170.39586057835686,330.057466752363,529.2074609836627,0.23320263531233804,0.5260963126835101,0.3281170978000231,0.2955654673302373,4.037822215963081,4.623059301461965
rks,,374.1246008659684,2.9343794358079145,517.6872573180447,0.6252854509018037,3.908034068136273,714.5868073179183,1416.172253008008,170.92509845881716,330.363347396525,528.3400516037372,0.23327907088620023,0.5272469203061558,0.32967982830022197,0.2956056226015817,4.0462748519975555,4.630037303383754
rks,,374.1246008659684,2.9343794358079145,517.6872573180447,0.6268883366733466,3.9180521042084164,716.857447959736,1417.0183497884657,171.45482837476584,330.6705535649839,527.4791924184207,0.23335657834942422,0.5283925743242193,0.3312431420286575,0.29564519464468914,4.054705270582758,4.636997540943678
rks,,374.1246008659684,2.9343794358079145,517.6872573180447,0.6284912224448898,3.928070140280561,719.1294436958601,1417.8630731590795,171.98505241335795,330.9790520153789,526.6247804191113,0.23343513085360124,0.5295323846567794,0.3328064557570969,0.29568476668779287,4.063110498618247,4.643945292134038
rks,,374.1246008659684,2.9343794358079145,517.6872573180447,0.6300941082164327,3.9380881763527045,721.4027923330875,1418.7064333456321,172.51577260674458,331.2888105234075,525.7767152610991,0.23351470236316135,0.5306666819333627,0.33436994971297557,0.2957241585034572,4.071491684872355,4.650878985405137
rks,,374.1246008659684,2.9343794358079145,517.6872573180447,0.631696993987976,3.94810621242485,723.6774916944704,1419.5484404169795,173.04699093725492,331.5997977712135,524.934899053082,0.23359526757241836,0.5317956844502083,0.3359337352829748,0.29576325870500114,4.07984959716546,4.657797670589412
rks,,374.1246008659684,2.9343794358079145,517.6872573180447,0.6332998797595191,3.9581242484969943,725.9535396191055,1420.389104285279,173.5787093364927,331.91198241680564,524.0992348567025,0.23367680124793647,0.5329194324105211,0.33749781246709415,0.2958020672924249,4.088184401626895,4.664701395744034
rks,,374.1246008659684,2.9343794358079145,517.6872573180447,0.6349027655310621,3.968142284569138,728.2309339618225,1421.2284347105874,174.1109296873119,332.2253345451525,523.2696289600564,0.23375927924831127,0.534037790172556,0.33906206987865284,0.2958406956524092,4.096495671540235,4.671591202348105
rks,,374.1246008659684,2.9343794358079145,517.6872573180447,0.6365056513026052,3.9781603206412823,730.5096725930005,1422.0664413109403,174.64365382919755,332.53982434315475,522.4459887553455,0.2338426775872729,0.535150515306699,0.3406263272902152,0.29587932401239,4.104782621067751,4.678468741416804
rks,,374.1246008659684,2.9343794358079145,517.6872573180447,0.6381085370741483,3.988178356713427,732.7897533983,1422.9031335490895,175.17688354893085,332.855422775107,521.6282237835492,0.23392697290987,0.5362581072569717,0.3421908763158979,0.2959176607582504,4.113046962318841,4.685331457259529
rks,,374.1246008659684,2.9343794358079145,517.6872573180447,0.6397114228456914,3.9981963927855713,735.0711742784423,1423.738520749125,175.7106205902004,333.1721013723712,520.8162453787191,0.23401214233991985,0.5373604304888877,0.3437556055690196,0.2959558172766718,4.121288268094805,4.692180388270823
rks,,374.1246008659684,2.9343794358079145,517.6872573180447,0.6413143086172345,4.008214428857715,737.3539331489941,1424.5726120920456,176.24486664986387,333.4898319114325,520.0099661435659,0.23409816325310961,0.538457698192985,0.34532062643626166,0.29599368218097283,4.129507284433924,4.699014589523562
rks,,374.1246008659684,2.9343794358079145,517.6872573180447,0.6429171943887776,4.01823246492986,739.638027940098,1425.4054166248275,176.77962338290263,333.80858750858147,519.2093016363232,0.23418501404252853,0.5395499481817541,0.34688593891762365,0.29603125547115394,4.137704166399226,4.70583410855638
rks,,374.1246008659684,2.9343794358079145,517.6872573180447,0.6445200801603207,4.028250501002004,741.92345659631,1426.2369432580101,177.31489239995346,334.12834132730967,518.4141683284672,0.2342726732095769,0.540636765439975,0.34845125139898914,0.29606882876133156,4.145877546832781,4.712641579056882
rks,,374.1246008659684,2.9343794358079145,517.6872573180447,0.6461229659318637,4.038268537074148,744.2102170763598,1427.0672007729502,177.8506752711412,334.4490671485858,517.6244844760012,0.2343611197618699,0.5417184693365387,0.3500167441077937,0.29610622182407,4.154028527431784,4.719435444155394
rks,,374.1246008659684,2.9343794358079145,517.6872573180447,0.6477258517034069,4.048286573146293,746.4983073529447,1427.8961978179593,178.38697352274937,334.77073933631107,516.8401700440425,0.2344503331880085,0.5427952697983528,0.35158252843071863,0.2961433232726883,4.16215784050775,4.726214762290036
rks,,374.1246008659684,2.9343794358079145,517.6872573180447,0.64932873747495,4.058304609218437,748.7877254125357,1428.7239429199317,178.92378864389616,335.0933325155493,516.0611461901864,0.23454029322887085,0.5438667540373119,0.3531483127536469,0.2961804247213031,4.170264126693402,4.732982159595488
rks,,374.1246008659684,2.9343794358079145,517.6872573180447,0.650931623246493,4.068322645290581,751.078469255147,1429.5504444746077,179.46112207945498,335.4168222551493,515.287336298508,0.23463098035580174,0.5449336861973414,0.35471456891813047,0.29621705432836254,4.17834997780298,4.739733506816941
rks,,374.1246008659684,2.9343794358079145,517.6872573180447,0.652534509018036,4.078340681362725,753.3705368941858,1430.375710760059,179.9989752379537,335.74118402750975,514.5186643580713,0.23472237503886784,0.5459951005370268,0.356280644855182,0.296253864162854,4.186412178794293,4.746474611439443
rks,,374.1246008659684,2.9343794358079145,517.6872573180447,0.6541373947895792,4.08835871743487,755.6639263561917,1431.1997499369234,180.53734949104455,336.06639467050866,513.7550571904139,0.23481445876812093,0.5470518641763621,0.35784708124710823,0.296290313542471,4.194453665196818,4.753200740199798
rks,,374.1246008659684,2.9343794358079145,517.6872573180447,0.6557402805611223,4.098376753507014,757.9586356807185,1432.0225700457477,181.0762461709395,336.3924307816222,512.9964419659692,0.23490721292952507,0.5481040761020227,0.3594139206398351,0.2963263599212872,4.202474793311414,4.759911566570724
rks,,374.1246008659684,2.9343794358079145,517.6872573180447,0.6573431663326653,4.108394789579158,760.25466292011,1432.844179012487,181.6156665732865,336.7192696149549,512.2427475644427,0.2350006194302447,0.5491509870860982,0.3609806486458844,0.2963625176867809,4.210473076296727,4.766611668019348
rks,,374.1246008659684,2.9343794358079145,517.6872573180447,0.6589460521042085,4.118412825651303,762.5520061393149,1433.6645846519793,182.1556119587267,337.0468891366963,511.49390463818156,0.23509466073510776,0.5501932473960995,0.3625476682660539,0.29639838383815464,4.2184507187822735,4.773297536777893
rks,,374.1246008659684,2.9343794358079145,517.6872573180447,0.6605489378757515,4.128430861723447,764.8506634157511,1434.4837946685675,182.69608355254877,337.37526700537524,510.74984404688445,0.23518931915388044,0.5512304494155675,0.3641146878862263,0.2964342499895252,4.226406379493771,4.779971781563275
rks,,374.1246008659684,2.9343794358079145,517.6872573180447,0.6621518236472946,4.138448897795591,767.1506328390544,1435.301816658143,183.23708254540986,337.70438232742964,510.0104995063988,0.2352845780643663,0.5522633424668183,0.36568217934795416,0.2964696442993405,4.234342591989114,4.786630299233976
rks,,374.1246008659684,2.9343794358079145,517.6872573180447,0.6637547094188377,4.148466933867736,769.4519125109802,1436.118658113393,183.77861009604612,338.0342139754228,509.2758050204942,0.23538042073730395,0.5532913308058904,0.36724972650302584,0.2965049829158119,4.24225738471329,4.793276790208819
rks,,374.1246008659684,2.9343794358079145,517.6872573180447,0.6653575951903808,4.15848496993988,771.7545005451983,1436.9343264170973,184.32066732619126,338.3647413769195,508.5456960630353,0.23547683088663493,0.5543142824712619,0.3688172179647603,0.29654037722562054,4.25015034013056,4.799912270838894
rks,,374.1246008659684,2.9343794358079145,517.6872573180447,0.6669604809619238,4.168503006012024,774.0583950671258,1437.748828854983,184.86325532843637,338.69594464049044,507.82010974924054,0.23557379275365256,0.5553327545080731,0.3703850010406144,0.29657547992130945,4.258023345582119,4.8065337379326225
rks,,374.1246008659684,2.9343794358079145,517.6872573180447,0.668563366733467,4.178521042084168,776.3635942138038,1438.5621726098059,185.40637516161883,339.0278036140407,507.09898340750595,0.23567129045176016,0.5563467791361547,0.37195307573058817,0.2966102910028788,4.2658765310346105,4.813141237144502
rks,,374.1246008659684,2.9343794358079145,517.6872573180447,0.67016625250501,4.188539078156313,778.6700961336735,1439.3743647689776,185.95002785533154,339.36029935934863,506.3822567771146,0.23576930898989343,0.5573562220595527,0.37352133064800064,0.2966449218570094,4.273709469514633,4.819735787454817
rks,,374.1246008659684,2.9343794358079145,517.6872573180447,0.6717691382765532,4.198557114228457,780.9778989864809,1440.185412321021,186.49421440687377,339.6934127508082,505.66986989355206,0.23586783329748773,0.5583608477872648,0.37508958556541655,0.2966795527111366,4.28152139621589,4.826319005281568
rks,,374.1246008659684,2.9343794358079145,517.6872573180447,0.6733720240480962,4.208575150300601,783.2870009430894,1440.995322160266,187.03893578380723,340.02712531072956,504.9617643254553,0.2359668488034912,0.5593611237850424,0.3766581320969517,0.29671389195114445,4.28931389550205,4.832888385063924
rks,,374.1246008659684,2.9343794358079145,517.6872573180447,0.6749749098196394,4.218593186372746,785.5974001853446,1441.804101094117,187.58419292824328,340.3614187870098,504.25788253071227,0.23606634114074557,0.5603569160177999,0.3782268588559257,0.29674805096371365,4.29708654080659,4.839444942758357
rks,,374.1246008659684,2.9343794358079145,517.6872573180447,0.6765777955911824,4.22861122244489,787.9090949059178,1442.6117558300514,188.12998674750338,340.69627539703276,503.558168206419,0.23616629631650451,0.5613479899721565,0.3797955856149028,0.2967822099762796,4.304838570396219,4.845990290190246
rks,,374.1246008659684,2.9343794358079145,517.6872573180447,0.6781806813627255,4.238629258517034,790.2220833081785,1443.41829299199,188.67631812455136,341.0316774647513,502.8625657391002,0.2362667004571791,0.5623348090979111,0.38136460398799954,0.29681607737472593,4.312571553039711,4.852521928240866
rks,,374.1246008659684,2.9343794358079145,517.6872573180447,0.6797835671342687,4.248647294589179,792.5363636060193,1444.2237191121137,189.22318791193345,341.36760814866113,502.17102126747244,0.23636754031330315,0.5633169745120707,0.38293362236109935,0.29684994477316934,4.320284177907153,4.859042436543473
rks,,374.1246008659684,2.9343794358079145,517.6872573180447,0.6813864529058117,4.258665330661323,794.8519340237693,1445.0280406410745,189.77059693808758,341.7040502113416,501.483480856018,0.23646880240451768,0.5642949470283474,0.3845029323483185,0.2968835205574932,4.327978003581835,4.865549320214516
rks,,374.1246008659684,2.9343794358079145,517.6872573180447,0.6829893386773547,4.268683366733467,797.1687927959922,1445.8312639449562,190.31854600481722,342.0409875412665,500.7998927240169,0.23657047407316834,0.5652685930802759,0.3860724225629763,0.29691691611437837,4.335652604358926,4.872043590218222
rks,,374.1246008659684,2.9343794358079145,517.6872573180447,0.6845922244488978,4.278701402805611,799.4869381674105,1446.6333953014798,190.86703588409125,342.3784037765442,500.1202052099869,0.23667254253120032,0.5662376797949933,0.38764191277763715,0.2969503116712606,4.343307223697175,4.878526850816847
rks,,374.1246008659684,2.9343794358079145,517.6872573180447,0.686195110220441,4.288719438877756,801.8063683927319,1447.4344409135053,191.41606732677326,342.71628335489186,499.44436830042963,0.23677499558363185,0.5672026640956138,0.38921169460641747,0.2969834156140235,4.350943405223365,4.884996613412913
rks,,374.1246008659684,2.9343794358079145,517.6872573180447,0.687797995991984,4.2987374749499,804.1270817365535,1448.2344069011986,191.96564105673042,343.05461059382293,498.7723322732989,0.23687782099298432,0.5681631506814612,0.3907814764352006,0.2970165195567834,4.358559850536549,4.891455445837431
rks,,374.1246008659684,2.9343794358079145,517.6872573180447,0.689400881763527,4.308755511022044,806.4490764732104,1449.0332993070583,192.51575777378832,343.3933703843894,498.10404870090895,0.2369810069572614,0.5691194323508333,0.3923514384914224,0.2970494432721046,4.3661575551358265,4.897901826832724
rks,,374.1246008659684,2.9343794358079145,517.6872573180447,0.6910037675350702,4.318773547094189,808.7723508866768,1449.8311240982177,193.0664181547976,343.73254754150156,497.4394694947249,0.2370845416601883,0.5700716995609882,0.3939216921617635,0.2970820753733067,4.373737172476009,4.904334835187181
rks,,374.1246008659684,2.9343794358079145,517.6872573180447,0.6926066533066133,4.328791583166333,811.0969032704113,1450.627887158546,193.6176228477127,344.07212755262856,496.7785479824284,0.23718841378858954,0.571019559145103,0.39549194583210756,0.29711470747450575,4.381297411542722,4.910757031747325
rks,,374.1246008659684,2.9343794358079145,517.6872573180447,0.6942095390781563,4.338809619238477,813.4227319272582,1451.4235943112546,194.16937248671888,344.4120960431391,496.1212381213968,0.2372926121588738,0.5719634617003848,0.3970624911165708,0.2971470479615855,4.388839791829467,4.917165938190614
rks,,374.1246008659684,2.9343794358079145,517.6872573180447,0.6958124248496995,4.348827655310622,815.7498351693205,1452.2182512915933,194.7216676728733,344.7524390832871,495.4674949326409,0.2373971259324599,0.5729032744918002,0.3986332166284725,0.297179208221227,4.396363889441661,4.923562557615409
rks,,374.1246008659684,2.9343794358079145,517.6872573180447,0.6974153106212425,4.358845691382766,818.0782113178551,1453.011863776233,195.27450899399696,345.0931427961126,494.81727392636543,0.23750194434011704,0.5738385088742157,0.40020376191294177,0.29721154870830074,4.403868096243028,4.929950034171473
rks,,374.1246008659684,2.9343794358079145,517.6872573180447,0.6990181963927856,4.36886372745491,820.4078587031477,1453.8044373636612,195.82789701062723,345.43419372547555,494.17053162285987,0.2376070569380626,0.5747701291787317,0.40177477903896547,0.29724341735382015,4.4113556399817355,4.936322790709825
rks,,374.1246008659684,2.9343794358079145,517.6872573180447,0.7006210821643286,4.378881763527054,822.7387756644084,1454.5959775834815,196.38183226200988,345.7755786356627,493.5272252549233,0.23771245346773148,0.5756974867484626,0.40334579616499205,0.29727528599933656,4.418824379587961,4.942684929671026
rks,,374.1246008659684,2.9343794358079145,517.6872573180447,0.7022239679358718,4.388899799599199,825.070960549664,1455.3864899048149,196.9363152715557,346.1172844664947,492.8873126958017,0.2378181238229932,0.576620867425925,0.40491699351845734,0.2973069744174145,4.426275283809753,4.949034939421883
rks,,374.1246008659684,2.9343794358079145,517.6872573180447,0.7038268537074148,4.398917835671343,827.4044117156373,1456.175979722062,197.49134653645388,346.4592985578984,492.25075277097017,0.23792405820622486,0.5775402005726621,0.40648830225860605,0.2973385514488088,4.433708135056615,4.955373450689508
rks,,374.1246008659684,2.9343794358079145,517.6872573180447,0.7054297394789579,4.408935871743487,829.7391275276603,1456.9644523689026,198.04692653703717,346.80160832956983,491.61750479321046,0.23803024690526894,0.5784551979811292,0.408059499612077,0.29737023986688094,4.441121992486037,4.96170241184085
rks,,374.1246008659684,2.9343794358079145,517.6872573180447,0.707032625250501,4.418953907815632,832.0751063595599,1457.7519131116321,198.60305573169762,347.14420138714604,490.98752870725474,0.2381366803670676,0.5793668715763306,0.4096312801937829,0.2974013450567181,4.44852023732251,4.968015905844516
rks,,374.1246008659684,2.9343794358079145,517.6872573180447,0.7086355110220441,4.428971943887776,834.4123465935415,1458.5383671574984,199.1597345623702,347.48706597506145,490.3607857216908,0.23824334950630646,0.5802740093681027,0.4112027691613759,0.29743274186066826,4.455898857486564,4.974321469057878
rks,,374.1246008659684,2.9343794358079145,517.6872573180447,0.7102383967935871,4.43898997995992,836.7508466201159,1459.323819645859,199.71696344785278,347.83019021830444,489.7372372271117,0.23835024518596157,0.5811777169947705,0.4127747299705229,0.29746366682306424,4.46326154432906,4.9806126015322025
rks,,374.1246008659684,2.9343794358079145,517.6872573180447,0.7118412825651304,4.449008016032065,839.090604837981,1460.1082756615829,200.27474279292107,348.17356269071985,489.1168455924211,0.23845735860442305,0.5820775112581964,0.4143468021663536,0.29749448039877674,4.4706067082793615,4.986892428920105
rks,,374.1246008659684,2.9343794358079145,517.6872573180447,0.7134441683366733,4.459026052104209,841.431619653955,1460.8917402250663,200.83307298083298,348.5171715713717,488.4995729713596,0.23856468071869502,0.5829731062840995,0.41591876297550645,0.2975254053611669,4.477933416254921,4.993162890888707
rks,,374.1246008659684,2.9343794358079145,517.6872573180447,0.7150470541082165,4.469044088176353,843.7738894828157,1461.6742182983883,201.39195437737692,348.8610063423887,487.8853836793676,0.2386722034055688,0.583865093912539,0.4174910153987782,0.29755603870943825,4.485243650289302,4.999420582280103
rks,,374.1246008659684,2.9343794358079145,517.6872573180447,0.7166499398797594,4.479062124248497,846.1174127472881,1462.4557147904488,201.9513873340976,349.20505570861053,487.274241266525,0.23877991803577256,0.5847530914359159,0.4190632678220526,0.29758667205770684,4.492536155335872,5.005668029962414
rks,,374.1246008659684,2.9343794358079145,517.6872573180447,0.7182528256513027,4.489080160320642,848.4621878778863,1463.2362345453269,202.51137217966686,349.5493092916852,486.6661108847267,0.2388878166349544,0.5856375315725613,0.4206358118594461,0.29761701379185657,4.499812383866952,5.011902785195276
rks,,374.1246008659684,2.9343794358079145,517.6872573180447,0.7198557114228458,4.499098196392786,850.8082133128796,1464.015782357877,203.071909230624,349.89375620113344,486.06095728481984,0.23899589090331425,0.5865182833511907,0.4222085361242776,0.29764717529856816,4.507071916431387,5.018125836750355
rks,,374.1246008659684,2.9343794358079145,517.6872573180447,0.7214585971943888,4.50911623246493,853.1554874981407,1464.7943629619947,203.6329987826682,350.2383865320658,485.45874689701435,0.2391041332408193,0.587395121545594,0.42378126038911174,0.297677336805277,4.514314021019922,5.024338755448673
rks,,374.1246008659684,2.9343794358079145,517.6872573180447,0.723061482965932,4.519134268537075,855.5040088871283,1465.5719810424864,204.19464111877073,350.5831897801202,484.8594456201153,0.23921253566184064,0.588268072182722,0.4253539846539489,0.29770749831198307,4.521538799588484,5.030541575766909
rks,,374.1246008659684,2.9343794358079145,517.6872573180447,0.724664368737475,4.529152304609219,857.8537759407216,1466.3486412291657,204.7568365046659,350.9281566549864,484.2630213299718,0.23932109103386298,0.5891375634719084,0.42692700053290455,0.2977373682045704,4.528747687973736,5.036731856557139
rks,,374.1246008659684,2.9343794358079145,517.6872573180447,0.7262672545090181,4.539170340681363,860.2047871272264,1467.124348099312,205.31958519019395,351.2732768997629,483.66944085512415,0.23942979158845273,0.5900032167931679,0.428500016411863,0.29776723809715505,4.535939445077623,5.04291211156851
rks,,374.1246008659684,2.9343794358079145,517.6872573180447,0.7278701402805612,4.5491883767535075,862.5570409222094,1467.899106184401,205.88288741394103,351.61854130164244,483.0786727507592,0.2395386302915776,0.5908653051112742,0.43007321251825975,0.29779692776230143,4.54311499116284,5.049080847412388
rks,,374.1246008659684,2.9343794358079145,517.6872573180447,0.7294730260521043,4.5592064128256515,864.9105358084687,1468.6729199536885,206.4467433909283,351.96394042721766,482.4906855460312,0.2396475999831985,0.5917240046213078,0.43164670023877477,0.2978263258133295,4.550274924955984,5.055237158476527
rks,,374.1246008659684,2.9343794358079145,517.6872573180447,0.7310759118236473,4.5692244488977956,867.2652702759221,1469.4457938363778,207.01115332843096,352.3094654428423,481.90544886647507,0.23975669393223756,0.5925790149096526,0.43322024365263295,0.29785566817101433,4.557418264786026,5.0613830807999936
rks,,374.1246008659684,2.9343794358079145,517.6872573180447,0.7326787975951904,4.57924248496994,869.6212428215659,1470.2177322118746,207.57611741855806,352.6551070871308,481.3229320196255,0.23986590513813044,0.5934302081624858,0.43479373137315364,0.29788506622203675,4.564544601568041,5.067519590912262
rks,,374.1246008659684,2.9343794358079145,517.6872573180447,0.7342816833667335,4.5892605210420845,871.9784519493703,1470.988739408055,208.1416358366855,353.0008563690039,480.74310494913885,0.23997522680632893,0.5942780823661797,0.4363675107077928,0.2979141726589407,4.571655600212894,5.073643787189001
rks,,374.1246008659684,2.9343794358079145,517.6872573180447,0.7358845691382766,4.5992785571142285,874.3368961701829,1471.7588197067657,208.70770874518894,353.34670512073353,480.16593897940237,0.24008465272260748,0.5951221115678302,0.4379411786557541,0.2979433904825225,4.578749531781476,5.079759110745279
rks,,374.1246008659684,2.9343794358079145,517.6872573180447,0.7374874549098196,4.6092965931863725,876.6965740017135,1472.5279773458706,209.2743362945971,353.6926443760742,479.59140460134876,0.24019417614976704,0.5959630183245064,0.4395152496045144,0.2979722053053052,4.585828804508404,5.085861254012114
rks,,374.1246008659684,2.9343794358079145,517.6872573180447,0.7390903406813628,4.619314629258517,879.0574839683919,1473.2962165120225,209.84151861804173,354.0386662380136,479.01947400858677,0.24030379109788785,0.5968001269776569,0.44108920916659705,0.29800113151476576,4.59289119358288,5.091954593370092
rks,,374.1246008659684,2.9343794358079145,517.6872573180447,0.7406932264529058,4.6293326653306615,881.4196246013469,1474.0635413537368,210.4092558405489,354.384762413203,478.45011910033344,0.24041349132598885,0.5976340062709388,0.4426634603427978,0.298029766110108,4.599938596846666,5.0980357658704785
rks,,374.1246008659684,2.9343794358079145,517.6872573180447,0.7422961122244489,4.6393507014028055,883.7829944383055,1474.829955970186,210.97754807051854,354.7309250988114,477.88331267933546,0.2405232709458082,0.5984642842702599,0.4442377115190013,0.2980584007054476,4.606969795876855,5.104107263965943
rks,,374.1246008659684,2.9343794358079145,517.6872573180447,0.7438989979959921,4.64936873747495,886.1475920235467,1475.5954644178455,211.54639540431924,355.077146293235,477.3190275155445,0.24063312395265504,0.5992909842548406,0.44581196269520784,0.2980870353007843,4.613984881424269,5.110169120380485
rks,,374.1246008659684,2.9343794358079145,517.6872573180447,0.7455018837675351,4.659386773547094,888.5134159078209,1476.3600707138028,212.11579792849034,355.4234180686777,476.75723671210335,0.24074304440977912,0.6001143710568508,0.44738639409885184,0.2981154896686833,4.6209847438005305,5.116219853578348
rks,,374.1246008659684,2.9343794358079145,517.6872573180447,0.7471047695390781,4.669404809619238,890.8804646482507,1477.1237788303918,212.6857557155214,355.76973334160965,476.1979147330296,0.24085302697063976,0.6009343738578496,0.448960936889179,0.29814383264989913,4.62796916166951,5.122260077475304
rks,,374.1246008659684,2.9343794358079145,517.6872573180447,0.7487076553106212,4.6794228456913824,893.2487368083267,1477.8865926952255,213.25626882351855,356.11608438360986,475.641035399679,0.2409630658697296,0.6017511063380637,0.450535659906944,0.2981719954036772,4.634938524385952,5.128289249137011
rks,,374.1246008659684,2.9343794358079145,517.6872573180447,0.7503105410821644,4.689440881763527,895.6182309577712,1478.6485162009783,213.82733730332438,356.46246451449036,475.0865741541743,0.2410731560670906,0.6025647379107233,0.4521106745388274,0.298199866543337,4.641893405470989,5.134306470689239
rks,,374.1246008659684,2.9343794358079145,517.6872573180447,0.7519134268537074,4.699458917835671,897.988945672557,1479.4095531971989,214.39896119206094,356.80886600370826,474.5345052511333,0.2411832918292283,0.6033745127480837,0.45368539755659765,0.2982280292971098,4.648831316421649,5.14031666447776
rks,,374.1246008659684,2.9343794358079145,517.6872573180447,0.7535163126252504,4.709476953907815,900.3608795347657,1480.169707500684,214.97114052074517,357.1552819361098,473.9848042463487,0.24129346798967968,0.6041814686530056,0.4552605924159211,0.29825572020932933,4.655755704344201,5.146313467656399
rks,,374.1246008659684,2.9343794358079145,517.6872573180447,0.7551191983967936,4.71949498997996,902.7340311325556,1480.9289828731885,215.54387529722544,357.5017056272651,473.43744720870956,0.24140367955637335,0.6049847600454706,0.45683560704781234,0.2982835913489813,4.662663783892502,5.152302373887196
rks,,374.1246008659684,2.9343794358079145,517.6872573180447,0.7567220841683368,4.729513026052104,905.1083990600897,1481.687383051666,216.11716552869586,357.84813081109576,472.8924109627156,0.24151392183287404,0.6057850337454216,0.4584109132938216,0.29831117087451514,4.669557707633372,5.158279468741463
rks,,374.1246008659684,2.9343794358079145,517.6872573180447,0.7583249699398797,4.739531062124248,907.4839819175311,1482.444911732919,216.69101120986238,358.1945500907319,472.34967103764194,0.24162418937511598,0.6065821620033645,0.45998639976726863,0.2983385701726111,4.676437065163869,5.1642457193668125
rks,,374.1246008659684,2.9343794358079145,517.6872573180447,0.759927855711423,4.749549098196393,909.8607783109018,1483.2015725782044,217.26541232626357,358.5409570743662,471.8092044918005,0.24173447743257534,0.6073759275590931,0.4615618862407182,0.29836596947070476,4.683301150159409,5.170202664218812
rks,,374.1246008659684,2.9343794358079145,517.6872573180447,0.761530741482966,4.759567134268537,912.2387868520335,1483.9573692044696,217.8403688473578,358.8873461885622,471.2709896512955,0.24184478182210659,0.6081663516462648,0.4631373727141702,0.29839336876879574,4.690150045176869,5.176150334535465
rks,,374.1246008659684,2.9343794358079145,517.6872573180447,0.7631336272545091,4.769585170340681,914.6180061585727,1484.7123051967435,218.41588073562173,359.233711041566,470.73500395201387,0.2419550978221083,0.6089536914877367,0.46471303941505976,0.2984205878394493,4.696984612950936,5.182087260108352
rks,,374.1246008659684,2.9343794358079145,517.6872573180447,0.7647365130260521,4.779603206412825,916.9984348539126,1485.466384113086,218.99194795014682,359.5800445518353,470.2012241170255,0.2420654202595951,0.6097376857951724,0.4662886716955747,0.29844784133047736,4.703804001499279,5.188015262050601
rks,,374.1246008659684,2.9343794358079145,517.6872573180447,0.7663393987975953,4.78962124248497,919.3800715670366,1486.2196094606202,219.56857042821184,359.9263417267309,469.66962978996503,0.24217574538486653,0.6105185907409179,0.4678644497831501,0.29847494901444516,4.710609069744929,5.193932871509702
rks,,374.1246008659684,2.9343794358079145,517.6872573180447,0.7679422845691383,4.799639278557114,921.7629149325693,1486.9719847232004,220.14574810607098,360.27259681924454,469.14019980209724,0.2422860689512649,0.6112964704913301,0.46944040809816284,0.2985018764709754,4.717400041516007,5.199839835872619
rks,,374.1246008659684,2.9343794358079145,517.6872573180447,0.7695451703406814,4.809657314629258,924.146963590714,1487.7235133494235,220.7234809096051,360.61880352171744,468.6129124325084,0.24239638634858254,0.6120714886934736,0.4710166580272936,0.2985285123133878,4.724177469289862,5.205735264037706
rks,,374.1246008659684,2.9343794358079145,517.6872573180447,0.7711480561122245,4.819675350701403,926.5322161871197,1488.4741987528487,221.3017687543404,360.9649570927393,468.08774817193915,0.24250669403284375,0.6128432850353329,0.4725929079564269,0.2985551481557976,4.730940173626446,5.21162161199509
rks,,374.1246008659684,2.9343794358079145,517.6872573180447,0.7727509418837676,4.829693386773547,928.9186713729658,1489.2240443235053,221.88061155397656,361.31105057673085,467.5646848076919,0.2426169869832178,0.6136115021944144,0.4741688662714473,0.2985820756123203,4.7376869853178585,5.217501328307328
rks,,374.1246008659684,2.9343794358079145,517.6872573180447,0.7743538276553106,4.839711422845691,931.3063278047342,1489.9730534024304,222.4600092007082,361.6570795871102,467.0437036285888,0.24272726192010494,0.6143775249134626,0.47574558804213574,0.29860823961317484,4.744422491873167,5.223365694947084
rks,,374.1246008659684,2.9343794358079145,517.6872573180447,0.7759567134268538,4.849729458917836,933.6951841442973,1490.7212293063328,223.03996158388406,362.00303858517844,466.5247845932877,0.2428375148005552,0.6151397748249159,0.47732183797127664,0.29863487545557715,4.751141488832439,5.229224984751227
rks,,374.1246008659684,2.9343794358079145,517.6872573180447,0.7775595991983968,4.85974749498998,936.0852390588133,1491.468575320597,223.620468584474,362.34892236280643,466.00790825084,0.24294774181542386,0.6158994889082163,0.4788985597419701,0.2986610394564267,4.757848074755675,5.235071410774321
rks,,374.1246008659684,2.9343794358079145,517.6872573180447,0.7791624849699399,4.869765531062124,938.4764912206728,1492.2150947045352,224.20153007896704,362.69472608767245,465.49305579267616,0.24305793941823617,0.6166560772381167,0.48047528151266616,0.29868720345727373,4.764540311540331,5.240908912693803
rks,,374.1246008659684,2.9343794358079145,517.6872573180447,0.7807653707414829,4.879783567134268,940.8689393074699,1492.9607906817325,224.78314593165055,363.0404446886141,464.98020825877467,0.24316810391439583,0.6174093282315162,0.48205182305592964,0.29871354768555325,4.7712175114043935,5.24673900918389
rks,,374.1246008659684,2.9343794358079145,517.6872573180447,0.7823682565130261,4.889801603206413,943.2625820019397,1493.7056664467543,225.3653159996353,363.3860733915102,464.469347224161,0.24327823181921612,0.6181597231234017,0.48362854482663076,0.29873971168639535,4.777881275103358,5.252558750670239
rks,,374.1246008659684,2.9343794358079145,517.6872573180447,0.7839711422845692,4.899819639278557,945.6574179919518,1494.4497251677767,225.9480401346906,363.7316064693237,463.96045319904755,0.24338831902056043,0.6189076514027634,0.48520573843888437,0.29876540384568484,4.784532899824676,5.258365764085481
rks,,374.1246008659684,2.9343794358079145,517.6872573180447,0.7855740280561122,4.909837675350701,948.0534460121299,1495.1929807597658,226.53132660454423,364.0757500434075,463.4518670943156,0.24349749813459293,0.6196519269025785,0.4867824602095902,0.298791567846522,4.791168478609714,5.264167866774623
rks,,374.1246008659684,2.9343794358079145,517.6872573180447,0.7871769138276554,4.919855711422846,950.4506647195841,1495.935422901175,227.11516476523127,364.41947948783746,462.9448261075699,0.2436064243876869,0.6203941412119278,0.488359945435964,0.2988169683916914,4.797793278630066,5.269954903304658
rks,,374.1246008659684,2.9343794358079145,517.6872573180447,0.7887797995991984,4.92987374749499,952.8490728148622,1496.6770544954068,227.6995542947434,364.76279308575914,462.4393186426751,0.2437150967138573,0.6211327408102247,0.4899369588207899,0.2988428407784085,4.8044021800132715,5.275737085104846
rks,,374.1246008659684,2.9343794358079145,517.6872573180447,0.7903826853707415,4.939891783567134,955.2486690033807,1497.4178784187914,228.2844948634222,365.10569022599236,461.93533459647307,0.24382351479035913,0.6218685726933666,0.4915141524330533,0.2988685329376882,4.810997990469993,5.281509068857624
rks,,374.1246008659684,2.9343794358079145,517.6872573180447,0.7919855711422846,4.949909819639279,957.6494519954043,1498.1578975367188,228.86998614653828,365.44817030979044,461.4328639632952,0.24393167830351045,0.6226017943082547,0.4930916376594343,0.2988939334828503,4.817581240227686,5.28726997097659
rks,,374.1246008659684,2.9343794358079145,517.6872573180447,0.7935884569138277,4.959927855711423,960.0514205060394,1498.897114694234,229.45602781674643,365.79023042342396,460.9318939012031,0.24403958539745602,0.6233320540088596,0.4946691228858176,0.29891933402801013,4.824150778548461,5.293022220609884
rks,,374.1246008659684,2.9343794358079145,517.6872573180447,0.7951913426853707,4.969945891783567,962.4545732551148,1499.6355326935895,230.04261952619186,366.1318707260405,460.4324155361259,0.24414723627440868,0.624059369706381,0.4962466081122033,0.29894473457316745,4.830706674933568,5.298765846280882
rks,,374.1246008659684,2.9343794358079145,517.6872573180447,0.7967942284569138,4.979963927855711,964.8589089671696,1500.373154331688,230.629760936014,366.47309609740944,459.934425989917,0.24425463428172822,0.6247841251521141,0.49782438495270664,0.2989698435042072,4.8372502064879015,5.304498484539901
rks,,374.1246008659684,2.9343794358079145,517.6872573180447,0.7983971142284569,4.989981963927856,967.2644263715345,1501.1099823806446,231.217451700702,366.8138956591171,459.4379026702686,0.2443617722649333,0.6255056052672505,0.4994018701790971,0.29899524404935984,4.843779022779413,5.310224949098535
rks,,374.1246008659684,2.9343794358079145,517.6872573180447,0.8,5.0,969.6711242020441,1501.8460195481448,231.80569143647188,367.1542636714438,458.9428295893047,0.2444686465140469,0.6262247840588,0.50097982724704,0.29902017275296,4.8502963491247275,5.3159390099538335
pr,,408.4315293063222,2.817208542931072,443.121466248364,0.00016,0.001,0.14997359062411036,938.7408114337902,0.00022493920529609301,-0.030509670063985597,-190.68543789990997,-3.250063243483205e-05,0.9996491562958627,0.00015994386500733804,5.6134992661974106e-08,0.09666364050663528,0.09669327817563235
pr,,408.4315293063222,2.817208542931072,443.121466248364,0.0017628857715430862,0.011018036072144289,1.6544308744824028,938.437857436235,-7.212813068480095e-05,-0.4011783291792631,-227.56910042339518,-0.00042749589224294734,0.012745940082271522,2.246963641597718e-05,0.001740416135127109,0.03623250257999581,0.29602287548942785
pr,,408.4315293063222,2.817208542931072,443.121466248364,0.0033657715430861724,0.021036072144288577,3.158375050064389,938.0629908740783,-0.0010693297581125805,-0.8612138045938773,-255.874111944094,-0.0009180767314905009,0.00028105378893249894,9.459628448655524e-07,0.003364825580241307,0.007434309377735957,0.36911741418682625
pr,,408.4315293063222,2.817208542931072,443.121466248364,0.004968657314629259,0.03105410821643287,4.6616847910570405,937.6358679115706,-0.002893477499461561,-1.3798257456149268,-277.7059592240935,-0.001471600855765321,0.0,0.0,0.004968657314629259,0.0,0.42096957942750357
pr,,408.4315293063222,2.817208542931072,443.121466248364,0.0065715430861723444,0.04107214428857715,6.164275716040355,937.1705236878531,-0.005619240534928238,-1.9356774193861235,-294.5544743454732,-0.002065448464777843,0.0,0.0,0.0065715430861723444,0.0,0.46279784808426166
pr,,408.4315293063222,2.817208542931072,443.121466248364,0.008174428857715431,0.051090180360721445,7.6660886749845645,936.677228394652,-0.009287308830413288,-2.5136400853652994,-307.5003928858958,-0.002683571255034528,0.0,0.0,0.008174428857715431,0.0,0.4984890168318991
pr,,408.4315293063222,2.817208542931072,443.121466248364,0.009777314629258517,0.06110821643286573,9.167082260224156,936.1636565739522,-0.013915645423507428,-3.102779051788315,-317.3447075645167,-0.0033143553800661896,0.0,0.0,0.009777314629258517,0.0,0.5299647544969835
pr,,408.4315293063222,2.817208542931072,443.121466248364,0.011380200400801604,0.07112625250501002,10.66722785761732,935.6356478428597,-0.019506683031739414,-3.6950634123907253,-324.6922973456997,-0.00394925462802729,0.0,0.0,0.011380200400801604,0.0,0.5583384695613585
pr,,408.4315293063222,2.817208542931072,443.121466248364,0.012983086172344688,0.0811442885771543,12.166506280673218,935.0977159037707,-0.02605205553187062,-4.284516044496184,-330.0075180601238,-0.004581891252247584,0.0,0.0,0.012983086172344688,0.0,0.5843196664467499
pr,,408.4315293063222,2.817208542931072,443.121466248364,0.014585971943887775,0.09116232464929859,13.66490542254678,934.5533976607927,-0.033535784201463414,-4.866639726486845,-333.6520696192756,-0.005207449610335963,0.0,0.0,0.014585971943887775,0.0,0.6083914525708188
pr,,408.4315293063222,2.817208542931072,443.121466248364,0.01618885771543086,0.10118036072144287,15.162418580952854,934.005497987726,-0.04193646859941147,-5.438021149309405,-335.911356125269,-0.005822258178378375,0.0,0.0,0.01618885771543086,0.0,0.6308993025155629
pr,,408.4315293063222,2.817208542931072,443.121466248364,0.01779174348697395,0.11119839679358719,16.659105960846386,933.4346463382036,-0.051676171342819543,-6.032247453760007,-339.0475732845664,-0.006462420778384514,0.0,0.0,0.01779174348697395,0.0,0.6520997817951997
pr,,408.4315293063222,2.817208542931072,443.121466248364,0.019394629258517034,0.12121643286573146,18.154865085570737,932.8720991180793,-0.062156577561033544,-6.58592004621,-339.57442333257455,-0.007059831730883807,0.0,0.0,0.019394629258517034,0.0,0.6721892426284867
pr,,408.4315293063222,2.817208542931072,443.121466248364,0.02099751503006012,0.13123446893787574,19.64971923779069,932.3154327991004,-0.07341192483457348,-7.109108780020921,-338.5690530447767,-0.007625218386310703,0.0,0.0,0.02099751503006012,0.0,0.6913216838280487
pr,,408.4315293063222,2.817208542931072,443.121466248364,0.022600400801603207,0.14125250501002004,21.14368140301434,931.7646297381265,-0.08542731817527027,-7.605193772766149,-336.5070309826832,-0.008162140448391562,0.0,0.0,0.022600400801603207,0.0,0.7096203731711916
pr,,408.4315293063222,2.817208542931072,443.121466248364,0.024203286573146292,0.1512705410821643,22.636762968350837,931.2200416506786,-0.09817743762223685,-8.075964263492004,-333.67221592344987,-0.00867245538355958,0.0,0.0,0.024203286573146292,0.0,0.7271856939654016
pr,,408.4315293063222,2.817208542931072,443.121466248364,0.025806172344689376,0.1612885771543086,24.12897515995722,930.682093423455,-0.11163265895524432,-8.522514058459707,-330.2509936237617,-0.009157277354622975,0.0,0.0,0.025806172344689376,0.0,0.7441006086128834
pr,,408.4315293063222,2.817208542931072,443.121466248364,0.027409058116232465,0.1713066132264529,25.620329495767916,930.1511920633484,-0.1257614156206941,-8.945593180744476,-326.37360768871616,-0.00961735388512541,0.0,0.0,0.027409058116232465,0.0,0.7604345643449351
pr,,408.4315293063222,2.817208542931072,443.121466248364,0.02901194388777555,0.18132464929859718,27.11083791022742,929.6277009854315,-0.1405312127162972,-9.345760492589676,-322.1349292808883,-0.010053229354808282,0.0,0.0,0.02901194388777555,0.0,0.7762463494406179
pr,,408.4315293063222,2.817208542931072,443.121466248364,0.030614829659318638,0.19134268537074148,28.60051276529523,929.1119356160016,-0.15590912197151496,-9.723458113985272,-317.60614781097155,-0.010465324727034762,0.0,0.0,0.030614829659318638,0.0,0.7915862237154254
pr,,408.4315293063222,2.817208542931072,443.121466248364,0.03221771543086172,0.20136072144288575,30.089366820704758,928.6041662600993,-0.1718620442242731,-10.07905076419337,-312.84188308828783,-0.01085397969383034,0.0,0.0,0.03221771543086172,0.0,0.8064975356069612
pr,,408.4315293063222,2.817208542931072,443.121466248364,0.03382060120240481,0.21137875751503005,31.57741319128833,928.1046232212236,-0.18835685521515444,-10.412847811991295,-307.8847637767862,-0.011219476286898402,0.0,0.0,0.03382060120240481,0.0,0.8210179686882464
pr,,408.4315293063222,2.817208542931072,443.121466248364,0.0354234869739479,0.22139679358717437,33.064665302583286,927.6135022836096,-0.20536048758165037,-10.725116199483978,-302.76850518334726,-0.01156205270091559,0.0,0.0,0.0354234869739479,0.0,0.8351805158797931
pr,,408.4315293063222,2.817208542931072,443.121466248364,0.037026372745490976,0.2314148296593186,34.55113684922307,927.1309698541736,-0.22283997551387813,-11.016088293681243,-297.52005062453134,-0.011881911673616016,0.0,0.0,0.037026372745490976,0.0,0.8490142503450105
pr,,408.4315293063222,2.817208542931072,443.121466248364,0.03862925851703407,0.24143286573146291,36.03684175774177,926.657167535692,-0.24076247634297232,-11.285966801269009,-292.1611036435586,-0.012179225712225777,0.0,0.0,0.03862925851703407,0.0,0.8625449423748718
pr,,408.4315293063222,2.817208542931072,443.121466248364,0.04023214428857715,0.2514509018036072,37.521794154158925,926.1922160960623,-0.2590952772251143,-11.534927925910466,-286.70925027442553,-0.012454140431594917,0.0,0.0,0.04023214428857715,0.0,0.875795558079868
pr,,408.4315293063222,2.817208542931072,443.121466248364,0.04183503006012024,0.2614689378757515,39.006008336166495,925.7362188741045,-0.27780579182628884,-11.763123444039161,-281.1787974607554,-0.01270677672992601,0.0,0.0,0.04183503006012024,0.0,0.888786666295181
pr,,408.4315293063222,2.817208542931072,443.121466248364,0.04343791583166333,0.2714869739478958,40.48949874952217,925.2892646871518,-0.2968615501000187,-11.970682098612764,-275.58141014415196,-0.012937232231544537,0.0,0.0,0.04343791583166333,0.0,0.9015367734291921
pr,,408.4315293063222,2.817208542931072,443.121466248364,0.045040801603206414,0.2815050100200401,41.97227996818898,924.8514303098627,-0.31623018316076923,-12.157710552762525,-269.92660254734517,-0.013145582257129883,0.0,0.0,0.045040801603206414,0.0,0.9140626011795054
pr,,408.4315293063222,2.817208542931072,443.121466248364,0.0466436873747495,0.2915230460921844,43.45436667776638,924.4227825888216,-0.33587940459735677,-12.32429405279701,-264.22212193002457,-0.013331880482524618,0.0,0.0,0.0466436873747495,0.0,0.9263793185333993
pr,,408.4315293063222,2.817208542931072,443.121466248364,0.04824657314629258,0.3015410821643286,44.93577366179225,924.0033802496994,-0.35577698915352585,-12.470496894696964,-258.47425177502447,-0.013496159387779493,0.0,0.0,0.04824657314629258,0.0,0.9385007368778541
pr,,408.4315293063222,2.817208542931072,443.121466248364,0.04984945891783567,0.3115591182364729,46.416515790542185,923.5932754457943,-0.37589074941777767,-12.596362754567254,-252.68805375258333,-0.013638430561858865,0.0,0.0,0.04984945891783567,0.0,0.9504394751067861
pr,,408.4315293063222,2.817208542931072,443.121466248364,0.05145234468937876,0.3215771543086172,47.896608011996484,923.1925150888376,-0.3961885109911094,-12.70191491972467,-246.86756252619736,-0.013758684902793413,0.0,0.0,0.05145234468937876,0.0,0.9622071001491186
pr,,408.4315293063222,2.817208542931072,443.121466248364,0.053055230460921844,0.3315951903807615,49.37606534469296,922.8011419968469,-0.41663808644838696,-12.78715644770798,-241.01594388750115,-0.01385689274293472,0.0,0.0,0.053055230460921844,0.0,0.9738142472240734
pr,,408.4315293063222,2.817208542931072,443.121466248364,0.05465811623246493,0.3416132264529058,50.85490287221968,922.4191958874721,-0.4372072483453948,-12.85207026678981,-235.13562399642578,-0.01393300391415278,0.0,0.0,0.05465811623246493,0.0,0.9852707232695137
pr,,408.4315293063222,2.817208542931072,443.121466248364,0.056261002004008014,0.35163126252505006,52.33313573914008,922.0467142409286,-0.4578637014421929,-12.896619231403745,-229.2283957275591,-0.013986947767631097,0.0,0.0,0.056261002004008014,0.0,0.9965855963205853
pr,,408.4315293063222,2.817208542931072,443.121466248364,0.0578638877755511,0.36164929859719436,53.810779148169296,921.6837330527785,-0.4785750542523246,-12.920746135738323,-223.29550661816492,-0.014018633151897497,0.0,0.0,0.0578638877755511,0.0,1.0077672730922658
pr,,408.4315293063222,2.817208542931072,443.121466248364,0.05946677354709418,0.37166733466933866,55.28784835845027,921.330287493113,-0.49930879001813366,-12.92437369309152,-217.33773201695863,-0.014027948357432166,0.0,0.0,0.05946677354709418,0.0,1.0188235666061811
pr,,408.4315293063222,2.817208542931072,443.121466248364,0.061069659318637275,0.38168537074148295,56.764358684796655,920.9864124864021,-0.5200322371581407,-12.907404480755327,-211.35543614890017,-0.014014761027699633,0.0,0.0,0.061069659318637275,0.0,1.0297617553736027
pr,,408.4315293063222,2.817208542931072,443.121466248364,0.06267254509018036,0.39170340681362725,58.24032549779203,920.6521432236055,-0.5407125392394221,-12.869720853606218,-205.34862331006033,-0.013978918040144565,0.0,0.0,0.06267254509018036,0.0,1.0405886353837284
pr,,408.4315293063222,2.817208542931072,443.121466248364,0.06427543086172344,0.4017214428857715,59.71576422464825,920.3275156170024,-0.5613166244659098,-12.811184826765105,-199.31698092115434,-0.013920245357628236,0.0,0.0,0.06427543086172344,0.0,1.0513105659347382
pr,,408.4315293063222,2.817208542931072,443.121466248364,0.06587831663326653,0.4117394789579158,61.190690350740944,920.0125667056869,-0.581811174719455,-12.73163792695539,-193.25991582071336,-0.0138385478499972,0.0,0.0,0.06587831663326653,0.0,1.061933510173699
pr,,408.4315293063222,2.817208542931072,443.121466248364,0.06748120240480962,0.4217575150300601,62.6651194217519,919.7073350193812,-0.6021625941209905,-12.630901012614629,-187.17658492277224,-0.013733609085925639,0.0,0.0,0.06748120240480962,0.0,1.072463071071755
pr,,408.4315293063222,2.817208542931072,443.121466248364,0.0690840881763527,0.43177555110220434,64.1390670463581,919.4118609064041,-0.6223369771155518,-12.508774063157803,-181.06592116011345,-0.013605191095561898,0.0,0.0,0.0690840881763527,0.0,1.0829045234466814
pr,,408.4315293063222,2.817208542931072,443.121466248364,0.07068697394789579,0.4417935871743487,65.61254889941574,919.1261868311379,-0.6423000760542976,-12.365035935667786,-174.92665543700033,-0.013453034102203741,0.0,0.0,0.07068697394789579,0.0,1.0932628425507482
pr,,408.4315293063222,2.817208542931072,443.121466248364,0.07228985971943888,0.451811623246493,67.0855807255947,918.8503576456494,-0.6620172682344503,-12.199444088105043,-168.75733519821162,-0.013276856222120234,0.0,0.0,0.07228985971943888,0.0,1.1035427296639748
pr,,408.4315293063222,2.817208542931072,443.121466248364,0.07389274549098196,0.46182965931863723,68.55817834342729,918.5844208391396,-0.6814535223796838,-12.01173427043411,-162.55634014708588,-0.013076353134164003,0.0,0.0,0.07389274549098196,0.0,1.1137486350681642
pr,,408.4315293063222,2.817208542931072,443.121466248364,0.07549563126252505,0.4718476953907816,70.03035764973728,918.3284267686837,-0.7005733645139998,-11.801620178941219,-156.32189547369708,-0.01285119771416366,0.0,0.0,0.07549563126252505,0.0,1.1238847787231143
pr,,408.4315293063222,2.817208542931072,443.121466248364,0.07709851703406813,0.4818657314629258,71.50213462442433,918.0824288742182,-0.7193408431867709,-11.568793077068511,-150.05208299864597,-0.012601039637861855,0.0,0.0,0.07709851703406813,0.0,1.1339551689211533
pr,,408.4315293063222,2.817208542931072,443.121466248364,0.07870140280561122,0.4918837675350701,72.97352533557923,917.8464838802655,-0.7377194940045086,-11.31292137747523,-143.74485046241955,-0.012325504946806572,0.0,0.0,0.07870140280561122,0.0,1.1439636191580815
pr,,408.4315293063222,2.817208542931072,443.121466248364,0.0803042885771543,0.5019018036072144,74.4445459449124,917.6206519866868,-0.7556723034170432,-11.033650187762344,-137.39801924976268,-0.012024195580029758,0.0,0.0,0.0803042885771543,0.0,1.153913763426443
pr,,408.4315293063222,2.817208542931072,443.121466248364,0.0819071743486974,0.5119198396793587,75.91521271347854,917.4049970503049,-0.7731616717129839,-10.7306008157527,-131.00929071329088,-0.011696688867244419,0.0,0.0,0.0819071743486974,0.0,1.163809070109807
pr,,408.4315293063222,2.817208542931072,443.121466248364,0.08351006012024048,0.521937875751503,77.38554200768512,917.1995867594701,-0.7901493751420503,-10.403370234122388,-124.57625128210039,-0.011342536983556892,0.0,0.0,0.08351006012024048,0.0,1.1736528546335432
pr,,408.4315293063222,2.817208542931072,443.121466248364,0.08511294589178357,0.5319559118236473,78.85555030557612,917.0044928024653,-0.8065965271574527,-10.051530504782857,-118.09637652023964,-0.010961266366388554,0.0,0.0,0.08511294589178357,0.0,1.1834482910078086
pr,,408.4315293063222,2.817208542931072,443.121466248364,0.08671583166332665,0.5419739478957916,80.32525420337942,916.819791031953,-0.8224635386462609,-9.67462815685591,-111.56703419990893,-0.010552377088158572,0.0,0.0,0.08671583166332665,0.0,1.1931984223815104
pr,,408.4315293063222,2.817208542931072,443.121466248364,0.08831871743486973,0.5519919839679358,81.79467042231568,916.6455616260205,-0.8377100771397039,-9.272183521672076,-104.98548655340029,-0.010115342188778314,0.0,0.0,0.08831871743486973,0.0,1.2029061707114763
pr,,408.4315293063222,2.817208542931072,443.121466248364,0.08992160320641283,0.5620100200400802,83.26381581566218,916.4818892472579,-0.8522950249066668,-8.843690019402445,-98.34889174631341,-0.009649606962409383,0.0,0.0,0.08992160320641283,0.0,1.2125743456385267
pr,,408.4315293063222,2.817208542931072,443.121466248364,0.09152448897795591,0.5720280561122244,84.73270737607093,916.3288632008833,-0.8661764358588186,-8.388613397530364,-91.65430466976767,-0.009154588199074724,0.0,0.0,0.09152448897795591,0.0,1.2222056526513314
pr,,408.4315293063222,2.817208542931072,443.121466248364,0.093127374749499,0.5820460921843688,86.20136224313893,916.1865775927007,-0.879311491202543,-7.90639091786511,-84.8986770982465,-0.00862967337792627,0.0,0.0,0.093127374749499,0.0,1.2318027006095569
pr,,408.4315293063222,2.817208542931072,443.121466248364,0.09473026052104208,0.592064128256513,87.66979771123206,916.0551314879092,-0.8916564537449716,-7.396430490469004,-78.0788572710202,-0.008074219810826557,0.0,0.0,0.09473026052104208,0.0,1.2413680086896748
pr,,408.4315293063222,2.817208542931072,443.121466248364,0.09633314629258516,0.6020821643286572,89.13803123756466,915.9346290715022,-0.9031666207749254,-6.858109753001652,-71.19158894875135,-0.0074875537350889655,0.0,0.0,0.09633314629258516,0.0,1.2509040128097217
pr,,408.4315293063222,2.817208542931072,443.121466248364,0.09793603206412826,0.6121002004008016,90.6060804505369,915.8251798107899,-0.9137962754513467,-6.29077509066743,-64.23350995625641,-0.006868969350643,0.0,0.0,0.09793603206412826,0.0,1.2604130715831223
pr,,408.4315293063222,2.817208542931072,443.121466248364,0.09953891783567134,0.6221182364729458,92.07396315833523,915.7268986213287,-0.923498636552651,-5.693740596617016,-57.20115026784603,-0.006217727802021781,0.0,0.0,0.09953891783567134,0.0,1.2698974718462737
pr,,408.4315293063222,2.817208542931072,443.121466248364,0.10114180360721443,0.6321362725450902,93.54169735780158,915.6399060360379,-0.9322258065763549,-5.066286968985261,-50.09092964824174,-0.005533056101626332,0.0,0.0,0.10114180360721443,0.0,1.2793594337998673
pr,,408.4315293063222,2.817208542931072,443.121466248364,0.10274468937875751,0.6421543086172344,95.00930124357674,915.5643283791012,-0.9399287179952438,-4.40766034191335,-42.89915487179072,-0.004814145992031596,0.0,0.0,0.10274468937875751,0.0,1.2888011157997512
pr,,408.4315293063222,2.817208542931072,443.121466248364,0.10434757515030059,0.6521723446893787,96.47679321752545,915.5002979445442,-0.9465570776345515,-3.7170710448967976,-35.62201651109561,-0.004060152741885789,0.0,0.0,0.10434757515030059,0.0,1.2982246188294804
pr,,408.4315293063222,2.817208542931072,443.121466248364,0.10595046092184368,0.662190380761523,97.9441918984533,915.4479531803771,-0.9520593090339702,-2.9936922924084564,-28.255585359055765,-0.0032701938783171744,0.0,0.0,0.10595046092184368,0.0,1.3076319906834715
pr,,408.4315293063222,2.817208542931072,443.121466248364,0.10755334669338677,0.6722084168336673,99.41151613212207,915.4074388790837,-0.9563824926547255,-2.236658793365533,-20.795808425578823,-0.0024433478453095396,0.0,0.0,0.10755334669338677,0.0,1.3170252298868323
pr,,408.4315293063222,2.817208542931072,443.121466248364,0.10915623246492986,0.6822264529058116,100.87878500157682,915.3789063746369,-0.9594723038536728,-1.4450652829524913,-13.238504575693993,-0.001578652591718199,0.0,0.0,0.10915623246492986,0.0,1.3264062893754
pr,,408.4315293063222,2.817208542931072,443.121466248364,0.11075911823647294,0.6922444889779559,102.34601783779337,915.362513746832,-0.9612729484729243,-0.6179649669008035,-5.579359756019688,-0.0006751040791164824,0.0,0.0,0.11075911823647294,0.0,1.3357770799572983
pr,,408.4315293063222,2.817208542931072,443.121466248364,0.11236200400801602,0.7022625250501001,103.81323423066,915.3584260336874,-0.9617270958915896,0.24563212193317902,2.186078150721265,0.0002683452896124203,0.0,0.0,0.11236200400801602,0.0,1.3451394735753297
pr,,408.4315293063222,2.817208542931072,443.121466248364,0.11396488977955911,0.7122805611222445,105.28045404030671,915.366815452187,-0.9607758094321923,1.1467608610392708,10.06240486221183,0.0012527883266914982,0.0,0.0,0.11396488977955911,0.0,1.3544953063877523
pr,,408.4315293063222,2.817208542931072,443.121466248364,0.1155677755511022,0.7222985971943887,106.7476974087939,915.3878616281951,-0.9583584739432496,2.086502877204106,18.05436565040995,0.0022793648077142465,0.0,0.0,0.1155677755511022,0.0,1.3638463816834248
pr,,408.4315293063222,2.817208542931072,443.121466248364,0.1171706613226453,0.7323166332665331,108.214984772179,915.4217518361771,-0.9544127203996311,3.0659884872847116,26.166861675740627,0.003349263310747064,0.0,0.0,0.1171706613226453,0.0,1.3731944726458936
pr,,408.4315293063222,2.817208542931072,443.121466248364,0.11877354709418837,0.7423346693386773,109.68233687297405,915.4686812490804,-0.9488743473818744,4.086398751893651,34.40495675904252,0.0044637231568840805,0.0,0.0,0.11877354709418837,0.0,1.3825413249797556
pr,,408.4315293063222,2.817208542931072,443.121466248364,0.12037643286573145,0.7523527054108216,111.14977477301304,915.5288531993488,-0.9416772392215194,5.148967646014011,42.77388458384706,0.005624036455018055,0.0,0.0,0.12037643286573145,0.0,1.3918886594114994
pr,,408.4315293063222,2.817208542931072,443.121466248364,0.12197931863727454,0.7623707414829659,112.61731986674707,915.6024794516461,-0.9327532806361063,6.25498435173348,51.27905633194836,0.006831550254734552,0.0,0.0,0.12197931863727454,0.0,1.4012381740760431
pr,,408.4315293063222,2.817208542931072,443.121466248364,0.12358220440881763,0.7723887775551102,114.08499389498537,915.689780487928,-0.9220322676608959,7.405795683894827,59.9260688002942,0.008087668817215178,0.0,0.0,0.12358220440881763,0.0,1.410591546799282
pr,,408.4315293063222,2.817208542931072,443.121466248364,0.12518509018036073,0.7824068136272545,115.55281895910485,915.7909858056058,-0.9094418146686394,8.602808653236943,68.720712992597,0.009393856007076984,0.0,0.0,0.12518509018036073,0.0,1.4199504372861687
pr,,408.4315293063222,2.817208542931072,443.121466248364,0.1267879759519038,0.7924248496993987,117.02081753574754,915.906334229689,-0.8949072572373638,9.84749317616339,77.66898321571891,0.010751637812883448,0.0,0.0,0.1267879759519038,0.0,1.4293164892231254
pr,,408.4315293063222,2.817208542931072,443.121466248364,0.12839086172344688,0.802442885771543,118.48901249203055,916.0360742394664,-0.8783515506621029,11.141384940977183,86.77708671334925,0.012162605004641605,0.0,0.0,0.12839086172344688,0.0,1.4386913323029475
pr,,408.4315293063222,2.817208542931072,443.121466248364,0.12999374749499,0.8124609218436873,119.95742710129099,916.1804643108679,-0.8596951638213426,12.486088440171383,96.05145386436837,0.013628415936114902,0.0,0.0,0.12999374749499,0.0,1.4480765841797913
pr,,408.4315293063222,2.817208542931072,443.121466248364,0.13159663326653306,0.8224789579158316,121.4260850593937,916.3397732753214,-0.8388559681431786,13.883280174839832,105.49874894383451,0.015150799495711176,0.0,0.0,0.13159663326653306,0.0,1.457473852361309
pr,,408.4315293063222,2.817208542931072,443.121466248364,0.13319951903807614,0.8324969939879758,122.89501050162676,916.5142806955228,-0.8157491214548145,15.33471204965497,115.12588153769099,0.01673155822298567,0.0,0.0,0.13319951903807614,0.0,1.4668847360445587
pr,,408.4315293063222,2.817208542931072,443.121466248364,0.13480240480961922,0.8425150300601201,124.36422802021491,916.7042772601505,-0.7902869462826771,16.842214960828297,124.94001857470181,0.018372571590007606,0.0,0.0,0.13480240480961922,0.0,1.4763108279018775
pr,,408.4315293063222,2.817208542931072,443.121466248364,0.13640529058116233,0.8525330661322645,125.83376268247949,916.9100651975585,-0.7623788024140197,18.40770259936778,134.94859708843214,0.020075799468295328,0.0,0.0,0.13640529058116233,0.0,1.48575371582257
pr,,408.4315293063222,2.817208542931072,443.121466248364,0.1380081763527054,0.8625511022044088,127.30364004967888,917.131958709994,-0.7319309533278897,20.033175472937373,145.15933767387006,0.021843285780941864,0.0,0.0,0.1380081763527054,0.0,1.4952149846159153
pr,,408.4315293063222,2.817208542931072,443.121466248364,0.13961106212424848,0.872569138276553,128.77388619656097,917.3702844295575,-0.6988464261265221,21.72072517057635,155.58025875661443,0.023677162362069328,0.0,0.0,0.13961106212424848,0.0,1.5046962176807273
pr,,408.4315293063222,2.817208542931072,443.121466248364,0.1412139478957916,0.8825871743486974,130.24452773166533,917.6253818971026,-0.663024864592046,23.4725388774205,166.2196916606424,0.025579653026699498,0.0,0.0,0.1412139478957916,0.0,1.5141989986464295
pr,,408.4315293063222,2.817208542931072,443.121466248364,0.14281683366733466,0.8926052104208416,131.71559181841116,917.8976040651088,-0.6243623749994924,25.290904161814037,177.086296568684,0.027553077870350436,0.0,0.0,0.14281683366733466,0.0,1.5237249129904042
pr,,408.4315293063222,2.817208542931072,443.121466248364,0.14441971943887777,0.9026232464929861,133.18710619701216,918.1873178264506,-0.5827513641804671,27.17821404843276,188.18907940016666,0.029599857807630706,0.0,0.0,0.14441971943887777,0.0,1.5332755496361652
pr,,408.4315293063222,2.817208542931072,443.121466248364,0.14602260521042085,0.9126412825651303,134.65909920725963,918.4949045698668,-0.538080369470805,29.136972400326503,199.53740969310658,0.03172251936876167,0.0,0.0,0.14602260521042085,0.0,1.5428525025367401
pr,,408.4315293063222,2.817208542931072,443.121466248364,0.14762549098196392,0.9226593186372745,136.13159981221906,918.820760764599,-0.4902338799235224,31.16979962805871,211.14103953677528,0.03392369976721105,0.0,0.0,0.14762549098196392,0.0,1.5524573722475148
pr,,408.4315293063222,2.817208542931072,443.121466248364,0.149228376753507,0.9326773547094187,137.6046376228869,919.1652985748309,-0.4390921484122998,33.27943874871211,223.01012362871535,0.03620615225608712,0.0,0.0,0.149228376753507,0.0,1.5620917674926607
pr,,408.4315293063222,2.817208542931072,443.121466248364,0.15083126252505008,0.942695390781563,139.07824292385834,919.528946506722,-0.3845309939202082,35.46876181861392,235.15524053061122,0.038572751791402834,0.0,0.0,0.15083126252505008,0.0,1.5717573067291752
pr,,408.4315293063222,2.817208542931072,443.121466248364,0.15243414829659319,0.9527134268537074,140.55244670005789,919.9121500892174,-0.32642159352022304,37.740776767533305,247.58741521683558,0.04102650102389997,0.0,0.0,0.15243414829659319,0.0,1.5814556197124938
pr,,408.4315293063222,2.817208542931072,443.121466248364,0.15403703406813626,0.9627314629258517,142.02728066459008,920.3153725909901,-0.2646302633622213,40.098634659562684,260.31814298518356,0.043570536637535295,0.0,0.0,0.15403703406813626,0.0,1.5911883490675622
pr,,408.4315293063222,2.817208542931072,443.121466248364,0.15563991983967934,0.9727494989979959,143.5027772877699,920.7390957757992,-0.19901822796566648,42.54563741011237,273.3594148206805,0.046208136056462484,0.0,0.0,0.15563991983967934,0.0,1.6009571518692407
pr,,408.4315293063222,2.817208542931072,443.121466248364,0.15724280561122245,0.9827675350701403,144.97896982739485,921.1838206983094,-0.12944137712739234,45.08524599532532,286.7237443396748,0.04894272454888337,0.0,0.0,0.15724280561122245,0.0,1.6107637012358704
pr,,408.4315293063222,2.817208542931072,443.121466248364,0.15884569138276552,0.9927855711422845,146.45589236032683,921.6500685430755,-0.05575000962878107,47.721089186212204,300.42419640593323,0.05177788275071543,0.0,0.0,0.15884569138276552,0.0,1.6206096879398537
pr,,408.4315293063222,2.817208542931072,443.121466248364,0.16044857715430857,1.0028036072144286,147.9335798154544,922.1383815092821,0.02221143708686668,50.45697284526114,314.47441753712184,0.05471735463681407,0.0,0.0,0.16044857715430857,0.0,1.6304968220391003
pr,,408.4315293063222,2.817208542931072,443.121466248364,0.1620514629258517,1.012821643286573,149.41206800811216,922.6493237439303,0.10460467213951574,53.296889825594874,328.888668224991,0.05776505596874719,0.0,0.0,0.1620514629258517,0.0,1.6404268345332378
pr,,408.4315293063222,2.817208542931072,443.121466248364,0.16365434869739479,1.0228396793587173,150.89139367603465,923.1834823270774,0.19159785239605753,56.24503052231986,343.6818573414128,0.06092508325706009,0.0,0.0,0.16365434869739479,0.0,1.6504014790485309
pr,,408.4315293063222,2.817208542931072,443.121466248364,0.16525723446893786,1.0328577154308616,152.37159451693444,923.7414683116295,0.28336590052145993,59.30579411554658,358.86957872754334,0.06420172326348288,0.0,0.0,0.16525723446893786,0.0,1.6604225335555292
pr,,408.4315293063222,2.817208542931072,443.121466248364,0.16686012024048094,1.0428757515030058,153.8527092277909,924.3239178217871,0.3800908411049022,62.48380056453686,374.46815017563455,0.06759946308841913,0.0,0.0,0.16686012024048094,0.0,1.670491802123546
pr,,408.4315293063222,2.817208542931072,443.121466248364,0.16846300601202402,1.05289378757515,155.3347775459491,924.931493213657,0.4819621560135374,65.78390340619224,390.4946549600149,0.0711230008804515,0.0,0.0,0.16846300601202402,0.0,1.6806111167161808
pr,,408.4315293063222,2.817208542931072,443.121466248364,0.17006589178356712,1.0629118236472945,156.81784029213136,925.5648843022291,0.5891771602813378,69.21120341618196,406.96698609185546,0.07477725720802314,0.0,0.0,0.17006589178356712,0.0,1.6907823390322234
pr,,408.4315293063222,2.817208542931072,443.121466248364,0.1716687775551102,1.0729298597194388,158.30193941546932,926.2248096588354,0.701941399877569,72.771063207186,423.9038935535297,0.07856738714868847,0.0,0.0,0.1716687775551102,0.0,1.70100736239642
pr,,408.4315293063222,2.817208542931072,443.121466248364,0.17327166332665328,1.082947895791583,159.7871180406755,926.9120179840548,0.8204690728864534,76.46912282613634,441.32503467676696,0.08249879313513421,0.0,0.0,0.17327166332665328,0.0,1.7112881137047478
pr,,408.4315293063222,2.817208542931072,443.121466248364,0.17487454909819636,1.0929659318637273,161.27342051747752,927.6272895608028,0.9449834756499058,80.31131643847418,459.25102796621024,0.08657713862266668,0.0,0.0,0.17487454909819636,0.0,1.7216265554290286
pr,,408.4315293063222,2.817208542931072,443.121466248364,0.17647743486973944,1.1029839679358715,162.76089247244923,928.3714377933684,1.0757174756562904,84.30389017604314,477.7035105834866,0.09080836262738085,0.0,0.0,0.17647743486973944,0.0,1.7320246876859198
pr,,408.4315293063222,2.817208542931072,443.121466248364,0.17808032064128257,1.113002004008016,164.2495808671189,929.1453118035724,1.212914181205747,88.45339506397512,496.7050527843101,0.09519866692571201,0.0,0.0,0.17808032064128257,0.0,1.7424845503755553
pr,,408.4315293063222,2.817208542931072,443.121466248364,0.17968320641282565,1.1230200400801602,165.7395341026203,929.9498101333855,1.3568295851448227,92.7663633559685,516.2773149920087,0.09975416129464312,0.0,0.0,0.17968320641282565,0.0,1.7530082253953563
pr,,408.4315293063222,2.817208542931072,443.121466248364,0.18128609218436872,1.1330380761523045,167.2308020959583,930.7858824989322,1.5077332026521333,97.2491008705044,536.4399425169453,0.10448063587880639,0.0,0.0,0.18128609218436872,0.0,1.7635978389348235
pr,,408.4315293063222,2.817208542931072,443.121466248364,0.1828889779559118,1.1430561122244487,168.72343631163787,931.6545180715347,1.6659063064726638,101.90773847034815,557.2109353408633,0.10938361430510814,0.0,0.0,0.1828889779559118,0.0,1.774255563857424
pr,,408.4315293063222,2.817208542931072,443.121466248364,0.18449186372745488,1.153074148296593,170.2174897933986,932.5567357718633,1.8316404207441224,106.74829202931572,578.6070446283325,0.1144684156304568,0.0,0.0,0.18449186372745488,0.0,1.7849836221760254
pr,,408.4315293063222,2.817208542931072,443.121466248364,0.18609474949899799,1.1630921843687374,171.71301719687295,933.4935768303316,2.0052361422912384,111.77672616013957,600.6441689572839,0.11974021989489887,0.0,0.0,0.18609474949899799,0.0,1.795784287628709
pr,,408.4315293063222,2.817208542931072,443.121466248364,0.18769763527054106,1.1731102204408816,173.210074823466,934.4660996386118,2.1870023191872576,116.99901957072632,623.3377389229644,0.12520413487013987,0.0,0.0,0.18769763527054106,0.0,1.8066598883621885
pr,,408.4315293063222,2.817208542931072,443.121466248364,0.18930052104208414,1.1831282565130259,174.70872065550063,935.4753767988959,2.3772555945703573,122.42123138164561,646.7030872800908,0.1308652631783414,0.0,0.0,0.18930052104208414,0.0,1.8176128097305155
pr,,408.4315293063222,2.817208542931072,443.121466248364,0.19090340681362722,1.1931462925851701,176.2090143929828,936.5224943180984,2.576320329938028,128.0495655148931,670.7557903348667,0.13672876657183622,0.0,0.0,0.19090340681362722,0.0,1.8286454972172235
pr,,408.4315293063222,2.817208542931072,443.121466248364,0.1925062925851703,1.2031643286573144,177.71101749202631,937.6085527446455,2.7845288929924834,133.89043211758974,695.5119768791598,0.14279992617991225,0.0,0.0,0.1925062925851703,0.0,1.8397604594896018
pr,,408.4315293063222,2.817208542931072,443.121466248364,0.19410917835671343,1.2131823647294588,179.21479320534021,938.7346700897631,3.002222300744137,139.95050234603778,720.9885876125418,0.149084194719958,1.466274871714808e-06,2.8461741059365674e-07,0.19410889373930285,0.004077879828278872,1.8509582818030823
pr,,408.4315293063222,2.817208542931072,443.121466248364,0.1957120641282565,1.223200400801603,180.72040662493364,939.9019862206655,3.22975117656091,146.23675418806374,747.2035760260032,0.15558723817158845,9.143789773713328e-06,1.789549970568279e-06,0.19571027457828594,0.010225283956759392,1.8622350295062047
pr,,408.4315293063222,2.817208542931072,443.121466248364,0.19731494989979959,1.2332184368737473,182.22792472743524,941.1116684005569,3.467476973137451,152.75650507286278,774.1760325329406,0.16231496240236434,2.4498819577710374e-05,4.833983357580152e-06,0.197310115916442,0.016805660021673108,1.873591097612693
pr,,408.4315293063222,2.817208542931072,443.121466248364,0.19891783567134266,1.2432364729458916,183.73741642233142,942.3649175181306,3.7157733829784547,159.51742724139478,801.9262159324603,0.16927352056091982,4.779579212911353e-05,9.507435524520659e-06,0.19890832823581814,0.023568610540951957,1.8850285359830625
pr,,408.4315293063222,2.817208542931072,443.121466248364,0.20052072144288574,1.2532545090180358,185.24895260354927,943.6629744690467,3.9750278359234414,166.52754063579934,830.4754712506425,0.1764692958622185,7.936155821999035e-05,1.5913636909104045e-05,0.20050480780597663,0.030492008433355085,1.8965493484056017
pr,,408.4315293063222,2.817208542931072,443.121466248364,0.20212360721442885,1.2632725450901803,186.76260620481705,945.0071260190978,4.2456429495033206,173.79517753213645,859.8460116920468,0.18390885396204323,0.00011982597599052985,2.4219658505195437e-05,0.20209938755592366,0.03761699073313773,1.9081551488480064
pr,,408.4315293063222,2.817208542931072,443.121466248364,0.20372649298597192,1.2732905811623245,188.27845225933694,946.3987093545184,4.528037763909225,181.3289119093365,890.0605377908427,0.19159885798344975,0.00017037160271568232,3.4709209125665247e-05,0.20369178377684627,0.04503195506153578,1.9198467853295171
pr,,408.4315293063222,2.817208542931072,443.121466248364,0.205329378757515,1.2833086172344688,189.79656796433346,947.839114354634,4.8226485481767725,189.13744577254832,921.141664758609,0.19954593865998924,0.00023093601544878778,4.741794858483548e-05,0.20528196080893016,0.05263418304197515,1.9316268958082758
pr,,408.4315293063222,2.817208542931072,443.121466248364,0.20693226452905808,1.293326653306613,191.31703275114867,949.329782453478,5.129928916827595,197.229443245362,953.1111240396561,0.2077565108466691,0.0003029661993102041,6.269348169902248e-05,0.20686957104735906,0.060520899146916954,1.9434959798568863
pr,,408.4315293063222,2.817208542931072,443.121466248364,0.20853515030060116,1.3033446893787572,192.83992836164458,950.8722007475362,5.450348937906284,205.613301927215,985.9887008536721,0.21623652659691844,0.00038699100999074656,8.070122843340178e-05,0.20845444907216776,0.06866438028215567,1.955455863420765
pr,,408.4315293063222,2.817208542931072,443.121466248364,0.2101380360721443,1.3133627254509017,194.36533893175948,952.4678897706106,5.784392846416239,214.2968496163257,1019.7908651946932,0.22499115394634067,0.00048343830073185634,0.00010158877507784697,0.21003644729706644,0.0770390839328716,1.9675085477592302
pr,,408.4315293063222,2.817208542931072,443.121466248364,0.21174092184368737,1.323380761523046,195.8933510771673,954.1183851725945,6.132555347288218,223.28699422646523,1054.5292439564491,0.23402441216566003,0.0005938560591032653,0.0001257436293969847,0.21161517821429038,0.0857092238159531,1.9796543846094046
pr,,408.4315293063222,2.817208542931072,443.121466248364,0.21334380761523045,1.3333987975951902,197.42405391160088,955.8252360443541,6.495341360828036,232.5897958019692,1090.2111404210486,0.24333924971947077,0.0007187731407957887,0.00015334579866893168,0.2131904618165615,0.09464905899527463,1.9918952308609637
pr,,408.4315293063222,2.817208542931072,443.121466248364,0.21494669338677352,1.3434168336673344,198.95753904836064,957.5900072684894,6.8732666342176,242.21055247727872,1126.8400953786565,0.25293763577189005,0.0008594731055337504,0.00018474090208934108,0.2147619524846842,0.10388601927853613,2.004231807649251
pr,,408.4315293063222,2.817208542931072,443.121466248364,0.2165495791583166,1.3534348697394787,200.49390062089608,959.4142738659283,7.2668566232526075,252.15364384881724,1164.415303086186,0.26282040065213164,0.0010173405154908486,0.00022030466049024813,0.21632927449782635,0.1134441220486578,2.016664648921924
pr,,408.4315293063222,2.817208542931072,443.121466248364,0.2181524649298597,1.3634529058116232,202.0332352937148,961.2996142259276,7.676645085794547,262.4223531048809,1202.9309556014177,0.2729870575431289,0.001193067651753932,0.0002602706490581997,0.2178921942808015,0.12330385776573989,2.0291953272050725
pr,,408.4315293063222,2.817208542931072,443.121466248364,0.21975535070140279,1.3734709418837674,203.57564226150092,963.2476021910364,8.103172370275615,273.01867098483797,1242.3755331255065,0.28343560924919015,0.0013879380740473247,0.00030500681821409937,0.21945034388318868,0.13347871763755792,2.0418244778344845
pr,,408.4315293063222,2.817208542931072,443.121466248364,0.22135823647294586,1.3834889779559116,205.12122323445786,965.2597979438272,8.546983376619778,283.9430824299793,1282.7310469862841,0.2941623416150014,0.00160386520023554,0.00035502877226446734,0.2210032077006814,0.14400627203902291,2.0545516822838787
pr,,408.4315293063222,2.817208542931072,443.121466248364,0.22296112224448894,1.3935070140280559,206.67008240790165,967.3377375379184,9.008625142997545,295.1943359512676,1323.9722377588816,0.30516160436643397,0.0018415220216540695,0.00041058781658593143,0.222550534427903,0.1548617634158476,2.0673784240879227
pr,,408.4315293063222,2.817208542931072,443.121466248364,0.22456400801603202,1.4035250501002001,208.22232641372918,969.4829210329062,9.488644036510522,306.7691982586495,1366.0657420967866,0.316425582754786,0.0021036152397036502,0.00047239626955145763,0.22409161174648057,0.16610587350758574,2.0803028458027453
pr,,408.4315293063222,2.817208542931072,443.121466248364,0.22616689378757515,1.4135430861723446,209.77806425153372,971.6967990866998,9.98758250123467,318.6621951963051,1408.9692344433274,0.3279440618676695,0.002390351412975617,0.0005406183541334365,0.22562627543344171,0.17769154633289486,2.09332703847964
pr,,408.4315293063222,2.817208542931072,443.121466248364,0.22776977955911823,1.4235611222444888,211.33740719671255,973.9807579799829,10.50597534321102,330.8653433750658,1452.6305641402653,0.3397041888807681,0.002704374819924048,0.0006159748565793305,0.2271538047025389,0.18966683482740881,2.1064490176528374
pr,,408.4315293063222,2.817208542931072,443.121466248364,0.2293726653306613,1.433579158316633,212.900468683065,976.3361029869818,11.044345517610054,343.36787600981785,1496.9869034517353,0.3516902375722105,0.00304719486861596,0.0006989432087963571,0.22867372212186496,0.20203109784598428,2.119668514981078
pr,,408.4315293063222,2.817208542931072,443.121466248364,0.23097555110220439,1.4435971943887773,214.46736415713906,978.7640400949491,11.603199402811867,356.1559692346683,1541.9639331310561,0.36388338214807925,0.003421051827707933,0.0007901793312540434,0.23018537177095033,0.21480591315171335,2.1329838841505286
pr,,408.4315293063222,2.817208542931072,443.121466248364,0.23257843687374746,1.4536152304609216,216.0382109017286,981.2656560835594,12.183021548077903,369.2124754254071,1587.4750917937843,0.37626148753540695,0.0038277342691711617,0.0008902484530919049,0.23168818842065556,0.22799419768296575,2.146394057440435
pr,,408.4315293063222,2.817208542931072,443.121466248364,0.23418132264529057,1.463633266533066,217.61312782590633,983.8418970358379,12.784268895797965,382.5166721941062,1633.4209230404597,0.3887989252608262,0.0042690784518647305,0.000999738438334192,0.23318158420695637,0.24159877595561094,2.1598976999621944
pr,,408.4315293063222,2.817208542931072,443.121466248364,0.23578420841683365,1.4736513026052103,219.19223521925707,986.4935454144185,13.407364494597317,396.0440362859282,1679.688554823729,0.40146642431355506,0.004747324644445219,0.0011193441833882423,0.2346648642334454,0.25563197768091583,2.173492555238106
pr,,408.4315293063222,2.817208542931072,443.121466248364,0.23738709418837672,1.4836693386773545,220.7756544681388,989.2211958995332,14.052690736002347,409.7660537579345,1726.1513527469517,0.41423096821668887,0.0052654439761587735,0.0012499484451120237,0.2361371457432647,0.2701217563410555,2.1871747949391804
pr,,408.4315293063222,2.817208542931072,443.121466248364,0.2389899799599198,1.4936873747494988,222.3635077323522,992.0252302816733,14.72058217239973,423.650077666542,1772.6687861038815,0.4270557489210751,0.005825147859971156,0.0013921519703180762,0.23759782798960172,0.28505931845551025,2.2009425307329207
pr,,408.4315293063222,2.817208542931072,443.121466248364,0.24059286573146288,1.503705410821643,223.95591758101773,994.9057917679817,15.411317993271041,437.6592461606019,1819.086550343077,0.43990018932633457,0.006428839989934983,0.0015467330365074867,0.2390461326949554,0.3004527169940929,2.2147923404979255
pr,,408.4315293063222,2.817208542931072,443.121466248364,0.242195751503006,1.5137234468937875,225.55300658724323,997.8627591795469,16.12511426911024,451.7524733279761,1865.2369850606945,0.4527200450885768,0.007079289490397652,0.0017145738382341917,0.2404811776647718,0.3163159464030344,2.2287197737121827
pr,,408.4315293063222,2.817208542931072,443.121466248364,0.2437986372745491,1.5237414829659317,227.1548968819709,1000.8957215924842,16.86211609620321,465.88452495568856,1910.939823798284,0.4654675955797261,0.007778900055411774,0.001896485233004305,0.24190215204154478,0.33265199924207656,2.2427206605430516
pr,,408.4315293063222,2.817208542931072,443.121466248364,0.24540152304609217,1.533759519038076,228.76170966841374,1004.0039540674757,17.622389804043536,480.00619000187913,1956.0033044771392,0.47809193186665433,0.008530440809324748,0.0020933831668628325,0.24330813987922933,0.3494700230400651,2.2567897297755084
pr,,408.4315293063222,2.817208542931072,443.121466248364,0.24700440881763525,1.5437775551102202,230.37356469953005,1007.1863952118294,18.405915418933006,494.06455723924114,2000.225662384884,0.4905393476202888,0.009335825170001083,0.0023059899769409167,0.24469841884069432,0.36676009051368236,2.270922901173416
pr,,408.4315293063222,2.817208542931072,443.121466248364,0.24860729458917832,1.5537955911823644,231.99057972230986,1010.4416273561194,19.212579594981662,508.0034029011214,2043.397011904229,0.5027538347072482,0.010198312537976281,0.00253537488944118,0.24607191969973716,0.38453841927052823,2.285113041906254
pr,,408.4315293063222,2.817208542931072,443.121466248364,0.2502101803607214,1.5638136272545087,233.6128698938586,1013.7678601773717,20.042169245024184,521.7636922224118,2085.301611110303,0.5146776818621203,0.011120345186805668,0.0027824235748641264,0.24742775678585727,0.4028031893208196,2.2993540682858415
pr,,408.4315293063222,2.817208542931072,443.121466248364,0.2518130661322645,1.5738316633266531,235.24054717557496,1017.162918608623,20.894366115305417,535.2841934428321,2125.720486488476,0.5262521702767609,0.012103595949952294,0.003047843607383546,0.24876522252488095,0.4215387505771513,2.3136409263383313
pr,,408.4315293063222,2.817208542931072,443.121466248364,0.2534159519038076,1.5838496993987976,236.8737197130134,1020.6242358195324,21.76874254328962,548.5021977687089,2164.4343761631512,0.5374183548838395,0.013151237961561051,0.003332733486742484,0.25008321841706516,0.44075620674678717,2.3279650294132725
pr,,408.4315293063222,2.817208542931072,443.121466248364,0.25501883767535066,1.5938677354709416,238.51249121013367,1024.1488520085559,22.664758635632978,561.3543340806765,2201.226933656185,0.5481179156523498,0.014264742050196245,0.003637777937379745,0.2513810597379709,0.4604369975166427,2.34232066187363
pr,,408.4315293063222,2.817208542931072,443.121466248364,0.25662172344689377,1.603885771543086,240.15696030767097,1027.7334195923227,23.581761072080468,573.7774616248549,2235.8881154642177,0.5582940582514664,0.0154469544992107,0.003964024085593199,0.25265769936130056,0.4805859696890523,2.3566987270732884
pr,,408.4315293063222,2.817208542931072,443.121466248364,0.2582246092184369,1.6139038076152303,241.8072199760553,1031.374215227023,24.518983708914675,585.7096195355334,2268.21766255466,0.5678924399003021,0.016699548142067457,0.004312234293109843,0.25391237492532703,0.5011891803768181,2.3710919566222564
pr,,408.4315293063222,2.817208542931072,443.121466248364,0.2598274949899799,1.6239218436873746,243.46335693381283,1035.0671588841878,25.475550105461224,597.0910074118027,2298.028572514349,0.576862092751037,0.018023542110645455,0.004683011797455424,0.2551444831925245,0.5222246496453544,2.3854939361343424
pr,,408.4315293063222,2.817208542931072,443.121466248364,0.26143038076152303,1.6339398797595188,245.12545110243926,1038.807839963666,26.450478037317254,607.8649683182616,2325.1504532396198,0.5851563156661608,0.019421580683398748,0.005077391233051575,0.25635298952847146,0.5436955797754994,2.399894202564531
pr,,408.4315293063222,2.817208542931072,443.121466248364,0.2630332665330661,1.643957915831663,246.7935751084796,1042.5915501703907,27.44268599261133,617.9789434561911,2349.4326463018115,0.592733504655006,0.020893625280824633,0.005495718507333153,0.2575375480257329,0.565568160835884,2.4142875409076288
pr,,408.4315293063222,2.817208542931072,443.121466248364,0.2646361523046092,1.6539759519038073,248.46779384288436,1046.4133226151478,28.451001574270038,627.3853672778055,2370.747011752401,0.5995578933474136,0.022441425895391588,0.0059388126011854486,0.25869733970342373,0.5878359150503507,2.4286643298129795
pr,,408.4315293063222,2.817208542931072,443.121466248364,0.2662390380761523,1.6639939879759518,250.14816408663015,1050.267976351939,29.47417165949716,636.0424731571223,2388.990276381615,0.6056001777435781,0.02406530937789167,0.006407124819774885,0.2598319132563774,0.6104748931027834,2.4430175821480926
pr,,408.4315293063222,2.817208542931072,443.121466248364,0.2678419238476954,1.6740120240480962,251.83473421023683,1054.15016533113,30.510874096419172,643.9149820729871,2404.085860879421,0.6108380032086987,0.025764910298030123,0.006900923141987687,0.2609410007057077,0.6334553532400233,2.4573414737675687
pr,,408.4315293063222,2.817208542931072,443.121466248364,0.26944480961923845,1.6840300601202403,253.52754395304228,1058.0544305775804,31.55973066072559,650.9746515096542,2415.9851230000254,0.615256297499075,0.02754132494669126,0.007420867056922809,0.26202394256231565,0.6567682513565829,2.4716264199520883
pr,,408.4315293063222,2.817208542931072,443.121466248364,0.27104769539078155,1.6940480961923847,255.2266242862383,1061.975254251443,32.61932094065463,657.2006666041472,2424.667974603627,0.6188474392158881,0.029393620458386796,0.007967073084437068,0.2630806223063445,0.6803820450524137,2.4858671277313245
pr,,408.4315293063222,2.817208542931072,443.121466248364,0.27265058116232466,1.704066132264529,256.9319973615085,1065.9071142144662,33.68819679412212,662.5798626683074,2430.142858466292,0.621611258459987,0.03132134513643133,0.008539782954233754,0.2641107982080909,0.7042740250084425,2.500056897983309
pr,,408.4315293063222,2.817208542931072,443.121466248364,0.2742534669338677,1.7140841683366732,258.6436765450578,1069.8445376925617,34.76489699738818,667.1067744544479,2432.4460941648226,0.6235548726483777,0.03332323926454449,0.009139013897768113,0.2651144530360996,0.7284151053756536,2.5141907008444306
pr,,408.4315293063222,2.817208542931072,443.121466248364,0.2758563527054108,1.7241022044088175,260.3616665346773,1073.782152715556,35.847961713600455,670.7835150855373,2431.6406292874913,0.6246923674314665,0.035398120285451314,0.009764796354572015,0.2660915563508388,0.7527800727158855,2.528263141777648
pr,,408.4315293063222,2.817208542931072,443.121466248364,0.27745923847695386,1.7341202404809617,262.08596355556716,1077.714736128082,36.93594642592177,673.6194939772481,2427.8142536356736,0.6250443381681581,0.03754460363697812,0.010417097134035021,0.2670421413429188,0.7773442146719047,2.542269167332444
pr,,408.4315293063222,2.817208542931072,443.121466248364,0.27906212424849697,1.744138276553106,263.81655562889915,1081.6372571459385,38.0274350165642,675.6309891412662,2421.0773531546542,0.6246373122575488,0.039760775901260384,0.011095726584774169,0.2679663976637228,0.8020799908011012,2.556204944993415
pr,,408.4315293063222,2.817208542931072,443.121466248364,0.2806650100200401,1.7541563126252504,265.553422905649,1085.5449156398463,39.12105171961207,676.8405941289258,2411.560294176313,0.6235030760841247,0.04204443538914424,0.011800401879781095,0.268864608140259,0.8269597412581716,2.570067355796081
pr,,408.4315293063222,2.817208542931072,443.121466248364,0.2822678957915831,1.7641743486973944,267.2965380571014,1089.4331745702775,40.215471734395294,677.2765635237472,2399.4105373705866,0.6216779324632703,0.04439363010326247,0.012530896555797779,0.26973699923578537,0.851960814669759,2.58385267406445
pr,,408.4315293063222,2.817208542931072,443.121466248364,0.28387078156312623,1.7741923847695389,269.0458667126668,1093.2977862312484,41.30943034603342,676.9720831134886,2384.7895841402255,0.6192019151955908,0.04680546607337435,0.013286704235675167,0.27058407732745104,0.8770538885227844,2.5975596720687135
pr,,408.4315293063222,2.817208542931072,443.121466248364,0.28547366733466933,1.7842104208416834,270.80136793523667,1097.1348122002157,42.40173046409262,675.9644916385507,2367.869856262775,0.6161179867066274,0.04927802988161538,0.014067579909332164,0.2714060874253372,0.9022211700207758,2.6111847027585537
pr,,408.4315293063222,2.817208542931072,443.121466248364,0.2870765531062124,1.7942284569138274,272.5629947242667,1100.940637097721,43.491248548304554,674.2944802017754,2348.8316022531467,0.6124712427541396,0.051808225552846074,0.014872926814260246,0.27220362629195216,0.9274358913094572,2.6247273650720397
pr,,408.4315293063222,2.817208542931072,443.121466248364,0.2886794388777555,1.8042464929859718,274.33069453698386,1104.7119764518245,44.57693894666505,672.0052942144829,2327.8599155759443,0.6083081459593359,0.054393447388115086,0.01570226987062778,0.2729771690071277,0.9526777829882324,2.6381861796288337
pr,,408.4315293063222,2.817208542931072,443.121466248364,0.2902823246492986,1.814264529058116,276.10440981870084,1108.4458791189682,45.65783671988868,669.141959287468,2305.1419341356195,0.6036758058222252,0.057030637991785656,0.016554986172488146,0.27372733847681047,0.9779243588562909,2.651561115192869
pr,,408.4315293063222,2.817208542931072,443.121466248364,0.29188521042084165,1.8242825651302603,277.88407853390873,1112.1397248047913,46.73305905811469,665.7505497294335,2280.8642780137807,0.598621319678415,0.059716951080504975,0.0174304948318243,0.27445471558901735,1.0031566264639582,2.6648518435926265
pr,,408.4315293063222,2.817208542931072,443.121466248364,0.29348809619238475,1.8343006012024046,279.6696346907516,1115.7912173227544,47.80180542948705,661.8775141564348,2255.2107657632787,0.5931911847671227,0.06244953126353503,0.018328194038641707,0.27515990215374303,1.028356912115877,2.6780583431787166
pr,,408.4315293063222,2.817208542931072,443.121466248364,0.2950909819639278,1.8443186372745488,281.4610088524805,1119.398374253831,48.86335661490682,657.5690689123301,2228.36043492753,0.5874307878557111,0.06522577284192446,0.019247537357279583,0.2758434446066482,1.0535107687281022,2.691180186536676
pr,,408.4315293063222,2.817208542931072,443.121466248364,0.2966938677354709,1.854336673346693,283.2581286305446,1122.959513680932,49.9170727937946,652.8706660841148,2200.4858781449684,0.5813839752281716,0.0680421758307363,0.02018769631635813,0.27650617141911277,1.0785976963600066,2.704219785395256
pr,,408.4315293063222,2.817208542931072,443.121466248364,0.298296753507014,1.8643547094188375,285.06091915500195,1126.473238647052,50.96239084594549,647.826539650821,2171.7518948310926,0.5750927029823554,0.07089621169002464,0.021148109783080363,0.27714864372393366,1.1036060043999099,2.7171771544587804
pr,,408.4315293063222,2.817208542931072,443.121466248364,0.29989963927855706,1.8743727454909815,286.86930351898746,1129.9384199492877,51.998821030786644,642.4793298272496,2142.3144468356386,0.5685967646414611,0.07378494787004602,0.02212807925041394,0.2777715600281431,1.1285216182596862,2.7300537881838998
pr,,408.4315293063222,2.817208542931072,443.121466248364,0.30150252505010017,1.884390781563126,288.68320319489123,1133.3541778264412,53.02594319586103,636.8697833094657,2112.31989915719,0.5619335912546433,0.07670626894803723,0.023127133775005315,0.27837539127509486,1.1533373138095226,2.7428491391920384
pr,,408.4315293063222,2.817208542931072,443.121466248364,0.3031054108216433,1.8944088176352705,290.50253842074875,1136.7198630271835,54.04340265122778,631.0365251887246,2081.9045211965754,0.5551381177665178,0.07965638666777186,0.024144281805502658,0.2789611290161406,1.1780339918232565,2.755567900865783
pr,,408.4315293063222,2.817208542931072,443.121466248364,0.3047082965931864,1.904426853707415,292.32722855613326,1140.0350376813426,55.0509058322977,625.0158964351682,2051.194218940556,0.5482427081419842,0.082633791621183,0.02517920188592699,0.2795290947072594,1.202609936274518,2.7682084124400506
pr,,408.4315293063222,2.817208542931072,443.121466248364,0.30631118236472943,1.914444889779559,294.1571924074041,1143.299456323496,56.04821585599831,618.8418506032435,2020.3044688926148,0.5412771318839344,0.0856353492536284,0.026231065082095464,0.280080117282634,1.227051892658137,2.780774148254905
pr,,408.4315293063222,2.817208542931072,443.121466248364,0.30791406813627253,1.9244629258517032,295.992348522792,1146.5130473611305,57.0351480614886,612.5459019399634,1989.3404210062627,0.5342685836413537,0.08865881929645152,0.027299297725729046,0.2806147704105435,1.2513534375892075,2.7932662630393437
pr,,408.4315293063222,2.817208542931072,443.121466248364,0.3095169539078156,1.9344809619238474,297.8326154581421,1149.6758952047746,58.011565606880765,606.15711776579,1958.3971414577945,0.5272417385578256,0.09170212490639179,0.028383362367900414,0.2811335915399152,1.2755094506636813,2.8056857219388958
pr,,408.4315293063222,2.817208542931072,443.121466248364,0.3111198396793587,1.9444989979959917,299.67791201451024,1152.7882232307152,58.97737518128264,599.702147694562,1927.5599663223577,0.5202188360442156,0.09476302581479264,0.029482657399029215,0.28163718228032947,1.2995138134312134,2.8180342951933466
pr,,408.4315293063222,2.817208542931072,443.121466248364,0.3127227254509018,1.9545170340681361,301.52815744902307,1155.8503776924433,59.93252287641201,593.2052829016548,1896.904940459114,0.5132197854932906,0.09783911832760148,0.03059651573912081,0.282126209711781,1.3233594769802681,2.8303145809875474
pr,,408.4315293063222,2.817208542931072,443.121466248364,0.31432561122244485,1.9645350701402802,303.3832716606176,1158.862812661448,60.87699025215369,586.6885387920564,1866.4993174128062,0.5062622878066694,0.10092848902695373,0.03172440900315505,0.2826012022192898,1.34704279428956,2.842527966241802
pr,,408.4315293063222,2.817208542931072,443.121466248364,0.31592849699398795,1.9745531062124246,305.243175352311,1161.8260760334786,61.81079061736864,580.171755741386,1836.4021013034055,0.49936196794800475,0.1040290610695889,0.032865744907411,0.28306275208657694,1.370559066148083,2.8546766403859523
pr,,408.4315293063222,2.817208542931072,443.121466248364,0.317531382765531,1.9845711422845687,307.10779017177526,1164.7407966201679,62.73396554245278,573.6727124936331,1806.6646121628862,0.49253251380763025,0.10713965189823202,0.03402020181626326,0.28351118094926775,1.3939093404580711,2.866760228978261
pr,,408.4315293063222,2.817208542931072,443.121466248364,0.3191342685370741,1.9945891783567131,308.97703883193867,1167.6076723112067,63.64658160937398,567.2072480791026,1777.331060933087,0.48578581789921876,0.11025855009991734,0.035187281736095456,0.28394698680097863,1.4170910996505448,2.8787802731387644
pr,,408.4315293063222,2.817208542931072,443.121466248364,0.3207371543086172,2.0046072144288574,310.8508452133289,1170.4274592837503,64.54872740200608,560.7893885957052,1748.4391223852624,0.47913211890883306,0.11338327482158678,0.03636622891246763,0.2843709253961496,1.440096997347468,2.8907410749973983
pr,,408.4315293063222,2.817208542931072,443.121466248364,0.3223400400801603,2.014625250501002,312.72913444983163,1173.2009622104208,65.44051073115804,554.4314756909951,1720.020496222305,0.4725801406149498,0.11651284551086416,0.03755675529182548,0.2847832847883348,1.4629290629834784,2.9026423573105786
pr,,408.4315293063222,2.817208542931072,443.121466248364,0.3239429258517034,2.0246432865731463,314.6118329994404,1175.929025431805,66.32205609288064,548.1442944225347,1692.1014496037108,0.46613722645484856,0.11964571418017977,0.038758382717144074,0.2851845431345593,1.485585616232918,2.9144858992547786
pr,,408.4315293063222,2.817208542931072,443.121466248364,0.3255458116232465,2.0346613226452903,316.4988687015089,1178.6125250235405,67.19350234660345,541.9371984609238,1664.7033354804967,0.45980946829841274,0.12278062111325322,0.03997071695192033,0.28557509467132614,1.5080666116553276,2.9262727602264635
pr,,408.4315293063222,2.817208542931072,443.121466248364,0.3271486973947896,2.044679358717435,318.39017082190543,1181.2523617042434,68.05500060415665,535.8182312752741,1637.8430834119163,0.45360182857304615,0.12591642233231226,0.04119339354662815,0.2859553038481614,1.5303725273035966,2.938003820462446
pr,,408.4315293063222,2.817208542931072,443.121466248364,0.32875158316633263,2.054697394789579,320.2856700873953,1183.8494545257877,68.90671231855669,529.7942420209321,1611.5336599090426,0.44751825495679326,0.12905185812107656,0.04242600266786086,0.2863255804984718,1.5525029847926244,2.9496805441848197
pr,,408.4315293063222,2.817208542931072,443.121466248364,0.33035446893787573,2.0647154308617233,322.1852987104303,1186.4047352794958,69.74880755820857,523.8709957748702,1585.784498266878,0.44156178764024867,0.13218538049197626,0.043668031173777856,0.28668643776409786,1.574455799790619,2.9613055740329384
pr,,408.4315293063222,2.817208542931072,443.121466248364,0.33195735470941884,2.0747334669338677,324.08899040550705,1188.9191435653229,70.58146345582531,518.0532770414368,1560.6018956709615,0.43573465853018567,0.13531633574342736,0.044919252862359725,0.28703810184705913,1.596233859393271,2.9728787279991664
pr,,408.4315293063222,2.817208542931072,443.121466248364,0.3335602404809619,2.0847515030060118,325.99668039808114,1191.393622460157,71.4048628172132,512.344986637324,1535.9893790056383,0.43003838276334067,0.13844366616404818,0.04617930257874592,0.28738093790221597,1.6178374972974015,2.9844013522259103
pr,,408.4315293063222,2.817208542931072,443.121466248364,0.335163126252505,2.094769539078156,327.9083054269558,1193.8291147318491,72.21919287783123,506.7492319605238,1511.9480404259905,0.4244738427864082,0.14156635262195982,0.047447821316940565,0.2877153049355644,1.6392671146676647,2.9958748342105244
pr,,408.4315293063222,2.817208542931072,443.121466248364,0.33676601202404804,2.1047875751503002,329.82380374101416,1196.22655955108,73.0246441962505,501.2684103272345,1488.4768427623853,0.41904136496965133,0.14468313540088185,0.048724362516090344,0.2880416495079577,1.6605216264864637,3.0073015647764727
pr,,408.4315293063222,2.817208542931072,443.121466248364,0.33836889779559115,2.1148056112224447,331.7431150910248,1198.5868896509019,73.82140967239673,495.90428587821907,1465.572897240086,0.4137407893912933,0.14779425508521576,0.0500089791937049,0.28835991860188626,1.6816081358892077,3.018678877773022
pr,,408.4315293063222,2.817208542931072,443.121466248364,0.33997178356713426,2.124823647294589,333.6661807172219,1200.9110288804852,74.60968367671893,490.65806003263157,1443.2317143629693,0.4085715329719583,0.15089812510788914,0.05130110472986563,0.2886706788372686,1.702523378409109,3.0300105848149514
pr,,408.4315293063222,2.817208542931072,443.121466248364,0.3415746693386773,2.134841683366733,335.592943333259,1203.1998901238221,75.38966128411846,485.5304359851218,1421.4474302943988,0.4035326465456671,0.15399421661321117,0.05260052361972625,0.2889741457189511,1.723269820853298,3.0412969639455674
pr,,408.4315293063222,2.817208542931072,443.121466248364,0.3431775551102204,2.1448597194388777,337.52334710710056,1205.4543735405578,76.1615376014704,480.52167731524224,1400.213009737511,0.3986228660848398,0.1570820393249937,0.053907030207278835,0.2892705249029416,1.7438499388406536,3.052538270992055
pr,,408.4315293063222,2.817208542931072,443.121466248364,0.34478044088176346,2.1548777555110217,339.4573376393056,1207.6753650887806,76.92550717804886,475.63166144072284,1379.5204282015306,0.39384065883115654,0.16016053553185514,0.055220220052532354,0.2895602208292311,1.7642629955364308,3.063736899019893
pr,,408.4315293063222,2.817208542931072,443.121466248364,0.34638332665330657,2.164895791583166,341.3948619391804,1209.8637353032573,77.68176349235745,470.8599278145742,1359.3608340330297,0.3891842643721784,0.16322954180839944,0.05653999169968838,0.2898433349536182,1.7845128983944358,3.0748921785877816
pr,,408.4315293063222,2.817208542931072,443.121466248364,0.34798621242484973,2.1749138276553106,343.33586839914096,1212.0203383004923,78.43049850793238,466.20572169167536,1339.724693237253,0.3846517314597162,0.1662887313038345,0.05786618577535491,0.2901200266494948,1.8046024731415402,3.0860041088759598
pr,,408.4315293063222,2.817208542931072,443.121466248364,0.3495890981963927,2.1849318637274546,345.2803067676663,1214.146010980023,79.17190228958748,461.66803336518734,1320.60191735679,0.38024095058595336,0.1693368828813827,0.05919832817789075,0.290390770018502,1.8245297150335231,3.0970760255783714
pr,,408.4315293063222,2.817208542931072,443.121466248364,0.3511919839679359,2.194949899799599,347.22812812111835,1216.2415724045907,79.9061626759318,457.24563346748243,1301.9819766422384,0.37594968289356967,0.17237432339183612,0.060536480617109506,0.29065550335082635,1.8443005746479106,3.108105767441049
pr,,408.4315293063222,2.817208542931072,443.121466248364,0.3527948697394789,2.204967935871743,349.1792848346698,1218.3078233278172,80.63346499885557,452.9371049303843,1283.8540006685907,0.37177558598711374,0.17539983169841705,0.06188016077636956,0.29091470896310934,1.8639128125856923,3.119096887267489
pr,,408.4315293063222,2.817208542931072,443.121466248364,0.35439775551102204,2.2149859719438876,351.1337305526396,1220.3455458669598,81.35399185048396,448.74087114908076,1266.206865509126,0.3677162363306579,0.17841381181092303,0.063229454457957,0.291168301053065,1.8833724306815136,3.1300470929013997
pr,,408.4315293063222,2.817208542931072,443.121466248364,0.35600064128256514,2.225004008016032,353.09142015835783,1222.3555032788022,82.06792288416841,444.6552215126775,1249.0292711572542,0.36376914925318404,0.18141558768929045,0.06458406555604083,0.2914165757265243,1.9026797295520206,3.1409581195598753
pr,,408.4315293063222,2.817208542931072,443.121466248364,0.3576035270541082,2.235022044088176,355.0523097437947,1224.338439850744,82.77543465475543,440.6783339618701,1232.3098085528447,0.35993179632225886,0.18440500274273278,0.06594387938722374,0.29165964766688446,1.9218375286696174,3.151829870499948
pr,,408.4315293063222,2.817208542931072,443.121466248364,0.3592064128256513,2.2450400801603205,357.01635657907514,1226.2950808750022,83.47670048777638,436.80829513321834,1216.0370180953112,0.35620162059325977,0.18738085974365887,0.0673084064607062,0.2918980063649451,1.9408433205726534,3.1626662043537745
pr,,408.4315293063222,2.817208542931072,443.121466248364,0.36080929859719435,2.2550581162324645,358.98351908202227,1228.2261326976165,84.17189037534934,433.04311821513414,1200.199440254951,0.35257604987122293,0.19034437995390982,0.06867802222308807,0.2921312763741063,1.9597065473948823,3.1734620232562514
pr,,408.4315293063222,2.817208542931072,443.121466248364,0.36241218436873746,2.265076152304609,360.9537567878365,1230.1322828394555,84.86117089851211,429.38075881878694,1184.7856593637925,0.34905250826168704,0.19329401304980137,0.07005210549477776,0.2923600788739597,1.97842272868658,3.1842226563939042
pr,,408.4315293063222,2.817208542931072,443.121466248364,0.36401507014028056,2.2750941883767535,362.9270303190177,1232.0142001631712,85.54470516720068,425.8191289042557,1169.7843409069787,0.34562842607484484,0.19622994248080822,0.07143065627577462,0.29258441386450595,1.9969958946708992,3.1949470095922083
pr,,408.4315293063222,2.817208542931072,443.121466248364,0.3656179559118236,2.2851122244488975,364.90330135559947,1233.8725350950542,86.22265278159409,422.3561091837369,1155.1842636678296,0.34230124844394866,0.19915203115532543,0.0728135585466979,0.2928043973651257,2.015428358408015,3.2056352407764965
pr,,408.4315293063222,2.817208542931072,443.121466248364,0.3672208416833667,2.295130260521042,366.88253260577966,1235.7079198888832,86.89516981061831,418.9895598904193,1140.9743465804966,0.3390684425880312,0.20206046031430377,0.07420081230754715,0.29302002937581956,2.0337238513207785,3.216286340963974
pr,,408.4315293063222,2.817208542931072,443.121466248364,0.36882372745490977,2.305148296593186,368.8646877769926,1237.5209689135404,87.56240878131092,415.7173303012189,1127.1436715037323,0.33592750405368127,0.2049542328083336,0.07559198410203095,0.2932317433528788,2.051880316456069,3.22690385854485
pr,,408.4315293063222,2.817208542931072,443.121466248364,0.37042661322645287,2.3151663326653305,370.84973154747365,1239.3122789755373,88.22451868339158,412.5372670868581,1113.6815022376961,0.3328759620036018,0.20783404567744873,0.07698726165344924,0.2934393515730036,2.0699037581320723,3.2374849075877288
pr,,408.4315293063222,2.817208542931072,443.121466248364,0.372029498997996,2.325184368737475,372.8376295383686,1241.0824296650005,88.88164498511713,409.4472214694427,1100.577299843764,0.3299113835492481,0.21069922609903874,0.07838632752489086,0.29364317147310515,2.0877935063555078,3.2480319032934752
pr,,408.4315293063222,2.817208542931072,443.121466248364,0.373632384769539,2.335202404809619,374.82834828639415,1242.8319837111942,89.53392965547624,406.4450556034755,1087.820735491587,0.32703137747533545,0.21354984378591887,0.0797891374008954,0.29384324736864365,2.105552353081737,3.2585444504200605
pr,,408.4315293063222,2.817208542931072,443.121466248364,0.37523527054108213,2.3452204408817634,376.82185521711233,1244.5614873597879,90.18151119734927,403.5286478266567,1075.4016999648675,0.32423359707418087,0.21638539398804302,0.08119543185424197,0.29403983868684014,2.1231802926338736,3.2690244285808854
pr,,408.4315293063222,2.817208542931072,443.121466248364,0.3768381563126252,2.3552384769539074,378.8181186187873,1246.2714707577302,90.82452468657948,400.6958975045834,1063.3103118468869,0.32151574268241995,0.21920625925236936,0.0826052825888502,0.294232873723775,2.1406814053747354,3.279470300756411
pr,,408.4315293063222,2.817208542931072,443.121466248364,0.3784410420841683,2.365256513026052,380.8171076168963,1247.962448346336,91.46310181720116,397.944728797043,1051.536922648408,0.31887556338282136,0.22201262617291218,0.08401868960471978,0.2944223524794485,2.158058734131097,3.289881309327996
pr,,408.4315293063222,2.817208542931072,443.121466248364,0.38004392785571145,2.3752745490981964,382.8187921492421,1249.634919254153,92.097370949761,395.2730942673813,1040.0721213929032,0.31631085861725183,0.22480350161986015,0.08543520575132944,0.294608722104382,2.175309783201462,3.3002613813699186
pr,,408.4315293063222,2.817208542931072,443.121466248364,0.38164681362725444,2.3852925851703404,384.8231429417387,1251.289367700355,92.72745716676371,392.6789774906116,1028.9067364627128,0.3138194790324839,0.22757930454427472,0.08685491642682899,0.2947918972004254,2.192438540992328,3.3106089280692865
pr,,408.4315293063222,2.817208542931072,443.121466248364,0.3832496993987976,2.395310621242485,386.8301314848164,1252.9262633905316,93.3534823284636,390.1603955124283,1018.0318370098437,0.31139932724901065,0.23034052678731293,0.08827793765059837,0.2949717617481992,2.2094492099701135,3.3209220721501165
pr,,408.4315293063222,2.817208542931072,443.121466248364,0.3848525851703406,2.405328657314629,388.8397300104726,1254.5460619223181,93.97556513560176,387.71540076960565,1007.438732931982,0.3090483582368561,0.23308622423997036,0.0897038359663463,0.2951487492039943,2.2263393577672197,3.331204678050809
pr,,408.4315293063222,2.817208542931072,443.121466248364,0.38645547094188376,2.4153466933867733,390.8519114699679,1256.1492051713358,94.59382118779365,385.34208259446325,997.1189737728206,0.3067645794051221,0.23581689029098407,0.09113272739345278,0.29532274354843097,2.2431130572143663,3.3414549204705963
pr,,408.4315293063222,2.817208542931072,443.121466248364,0.38805835671342687,2.425364729458918,392.8666495121315,1257.7361216922072,95.2083630508651,383.0385686641206,987.0643475073691,0.3045460506841177,0.23853211325510526,0.09256437989315718,0.2954939768202697,2.2597702021887436,3.351674616890145
pr,,408.4315293063222,2.817208542931072,443.121466248364,0.3896612424849699,2.435382765531062,394.88391846234066,1259.3072271028639,95.81930032086348,380.80302551890935,977.2668769683908,0.30239088391081254,0.24123238145365405,0.09399890948483905,0.2956623330001309,2.276314683918004,3.361861992180248
pr,,408.4315293063222,2.817208542931072,443.121466248364,0.391264128256513,2.4454008016032063,396.9036933020574,1260.862924463067,96.42673968894218,378.63365964336174,967.7188177985212,0.30029724270352487,0.24391710237042258,0.09543601242581803,0.295828115830695,2.2927454780131216,3.372019652837946
pr,,408.4315293063222,2.817208542931072,443.121466248364,0.39286701402805607,2.4554188376753503,398.9259496490126,1262.4036046530848,97.03078500929945,376.52871775302174,958.4126544310295,0.29826334174362074,0.24658676161739385,0.09687580473547358,0.2959912092925825,2.309066330295392,3.382145869186468
pr,,408.4315293063222,2.817208542931072,443.121466248364,0.3944698997995992,2.4654368737474948,400.9506637379762,1263.9296467405275,97.63153736550248,374.4864870545936,949.341096100976,0.29628744607766294,0.24924157751449197,0.09831830010803567,0.2961515996915635,2.3252797125840283,3.392239996989063
pr,,408.4315293063222,2.817208542931072,443.121466248364,0.3960727855711423,2.4754549098196392,402.9778124021007,1265.4414183419537,98.22909513769412,372.5052954491821,940.4970728095454,0.29436787041256923,0.2518807823492437,0.09976312309690356,0.29630966247423873,2.3413836928950658,3.4023054446831646
pr,,408.4315293063222,2.817208542931072,443.121466248364,0.39767567134268533,2.4854729458917832,405.0073730548636,1266.939275976321,98.82355406943549,370.5835112587895,931.8737301871555,0.29250297807147285,0.25450500250474634,0.1012104477311468,0.29646522361153854,2.3573824495208493,3.4123399444077567
pr,,408.4315293063222,2.817208542931072,443.121466248364,0.39927855711422844,2.4954909819639277,407.0393236725355,1268.4235654043944,99.41500733181624,368.71954323532367,923.4644251878465,0.290691180211375,0.257114307458128,0.10266022969530546,0.29661832741892297,2.3732776384776244,3.4223435114902787
pr,,408.4315293063222,2.817208542931072,443.121466248364,0.4008814428857715,2.5055090180360717,409.0736427772132,1269.8946219709276,100.00354559137361,366.9118402646961,915.2627211263685,0.288930934832399,0.259707939567671,0.1041120935427787,0.2967693493429928,2.389067273931695,3.4323196027615497
pr,,408.4315293063222,2.817208542931072,443.121466248364,0.4024843286573146,2.515527054108216,411.1103094203891,1271.3527709297796,100.58925707389989,365.15889085476437,907.2623822968023,0.2872207456532402,0.2622868407533165,0.10556634301624657,0.296917985641068,2.4047567296964676,3.4422646666660897
pr,,408.4315293063222,2.817208542931072,443.121466248364,0.4040872144288577,2.5255450901803607,413.1493031670281,1272.7983277616197,101.17222762787304,363.45922272187806,899.4573689632725,0.2855591610974757,0.26485043463771996,0.10702267437302851,0.29706454005582916,2.4203447319720937,3.4521814496960985
pr,,408.4315293063222,2.817208542931072,443.121466248364,0.40569010020040075,2.5355631262525047,415.1906040801477,1274.2315984876398,101.75254078881966,361.8114023262932,891.841832343376,0.28394477327019674,0.26739936538465525,0.10848127533642436,0.2972088248639764,2.4358352441042586,3.46206763675249
pr,,408.4315293063222,2.817208542931072,443.121466248364,0.40729298597194386,2.545581162324649,417.2341927059052,1275.652879967375,102.33027783971664,360.21403412173385,884.4101090082287,0.2823762167423997,0.2699333452079311,0.10994195818313376,0.29735102778881006,2.4512281646009266,3.471924805490348
pr,,408.4315293063222,2.817208542931072,443.121466248364,0.4088958717434869,2.555599198396793,419.2800500591395,1277.062460193427,102.90551787253378,358.66576005458154,877.1567160247187,0.2808521675598053,0.2724522327029847,0.11140459319954628,0.29749127854394064,2.4665239980222977,3.4817539464918075
pr,,408.4315293063222,2.817208542931072,443.121466248364,0.41049875751503,2.5656172344689376,421.3281576093944,1278.460618575799,103.47833784786775,357.1652587748557,870.0763455094708,0.27937134205411557,0.2749563793392219,0.11286925208958186,0.29762950542544814,2.481725314878306,3.4915539886089837
pr,,408.4315293063222,2.817208542931072,443.121466248364,0.41210164328657317,2.575635270541082,423.3784972673742,1279.8476262199051,104.04881265426854,355.71124505893835,863.1638598237249,0.2779324958468295,0.27744581635662574,0.11433587684355027,0.2977657664430229,2.4968332764890735,3.501325212091691
pr,,408.4315293063222,2.817208542931072,443.121466248364,0.41370452905811617,2.585653306613226,425.43105137185677,1281.2237461900756,104.61701516378383,354.30246885201404,856.4142859606995,0.2765344225827763,0.27992008764777854,0.11580420803423082,0.29790032102388536,2.511846956819972,3.511069979758526
pr,,408.4315293063222,2.817208542931072,443.121466248364,0.4153074148296593,2.5956713426853706,427.4858026770054,1282.5892337713253,105.18301628891732,352.9377147096761,849.8228110240591,0.2751759529993075,0.2823799934728942,0.11727450508884377,0.29803290974081553,2.5267707028715303,3.5207853319423066
pr,,408.4315293063222,2.817208542931072,443.121466248364,0.4169103006012023,2.6056893787575146,429.54273434010815,1283.944336719302,105.74688503674747,351.61580087727174,843.3847769417711,0.2738559537368344,0.28482524925110014,0.11874658028408853,0.2981637203171138,2.5416042453790015,3.5304729188954838
pr,,408.4315293063222,2.817208542931072,443.121466248364,0.4185131863727455,2.615707414829659,431.60182990970196,1285.2892955078553,106.30868856407182,350.3355785984606,837.0956758491163,0.2725733263498727,0.28725602330936306,0.12022043361996518,0.29829275275278033,2.556349193161409,3.540132473105103
pr,,408.4315293063222,2.817208542931072,443.121466248364,0.4201160721442886,2.6257254509018035,433.6630733140837,1286.6243435577478,106.86849222662102,349.0959313035885,830.9511452913225,0.27132700624820716,0.28967231072929933,0.1216959933925531,0.2984200787517355,2.571006398763987,3.5497644740443985
pr,,408.4315293063222,2.817208542931072,443.121466248364,0.42171895791583164,2.6357434869739476,435.7264488502003,1287.9497074669707,107.42635963077078,347.89577375694347,824.946963438096,0.2701159616248954,0.29207444672277616,0.12317333130577225,0.2985456266100594,2.5855780994720945,3.5593679432077083
pr,,408.4315293063222,2.817208542931072,443.121466248364,0.42332184368737474,2.645761523046092,437.79194117287955,1289.2656072365896,107.98235268523638,346.73405144077526,819.0790449661748,0.26893919258729365,0.2944618745188087,0.12465214361694248,0.29866970007043225,2.6000628049537755,3.568945755148725
pr,,408.4315293063222,2.817208542931072,443.121466248364,0.4249247294589178,2.655779559118236,439.8595352844331,1290.5722564765701,108.53653164605856,345.6097395729937,813.3434361729885,0.2677957300248753,0.29683530663286095,0.12613266236482334,0.29879206709409445,2.61446425884239,3.5784953114682527
pr,,408.4315293063222,2.817208542931072,443.121466248364,0.4265276152304609,2.6657975951903805,441.9292165245846,1291.8698626176304,109.0889551658164,344.521842337473,807.7363106989483,0.2666846346576978,0.2991944928381536,0.12761471352034487,0.29891290171011603,2.6287821923801333,3.5880181775365205
pr,,408.4315293063222,2.817208542931072,443.121466248364,0.428130501002004,2.675815631262525,444.00097056071536,1293.1586271074357,109.63968033785477,343.46939219425434,802.2539655324548,0.2656049961655005,0.301539593141257,0.1290982970835068,0.29903220391849716,2.643018007676174,3.5975141482698736
pr,,408.4315293063222,2.817208542931072,443.121466248364,0.42973338677354705,2.685833667334669,446.0747833784307,1294.4387456024674,110.18876274021949,342.45144912734986,796.8928169591081,0.26455593228396723,0.30387063017151916,0.13058335504461893,0.2991500317289281,2.6571725176277647,3.6069836196913214
pr,,408.4315293063222,2.817208542931072,443.121466248364,0.43133627254509016,2.6958517034068135,448.15064127243363,1295.7104081607533,110.73625648150312,341.4670998678599,791.6493965440021,0.26353658789587764,0.3061875944735325,0.13206981569976114,0.29926645684532904,2.6712463837502787,3.616427134799962
pr,,408.4315293063222,2.817208542931072,443.121466248364,0.4329391583166332,2.7058697394789575,450.2285308376903,1296.9737994143668,111.28221423949151,340.51545712348207,786.5203472180348,0.2625461341449132,0.3084908079743959,0.13355775075285306,0.2993814075637802,2.6852415940327954,3.6258437850902987
pr,,408.4315293063222,2.817208542931072,443.121466248364,0.4345420440881763,2.715887775551102,452.3084389608849,1298.2290987496535,111.82668730454043,339.5956587554324,781.5024193298138,0.2615837675203111,0.3107804228409514,0.1350471602038948,0.2994948838842815,2.699159416380178,3.6352334023525867
pr,,408.4315293063222,2.817208542931072,443.121466248364,0.4361449298597194,2.7259058116232464,454.39035281212676,1299.4764804706408,112.36972561709598,338.7068673183321,776.5924676168377,0.26064870923686145,0.31305642459923033,0.13653797234896586,0.29960695751075356,2.7130004220175548,3.644596554932883
pr,,408.4315293063222,2.817208542931072,443.121466248364,0.43774781563126247,2.7359238476953904,456.47425983695285,1300.7161139643244,112.91137780731441,337.84826914195554,771.7874471966355,0.25974020427275335,0.3153186977521233,0.13803007116868624,0.29971774446257626,2.7267647596655786,3.6539342662085432
pr,,408.4315293063222,2.817208542931072,443.121466248364,0.4393507014028056,2.745941883767535,458.560147748565,1301.948163857586,113.4516912323603,337.0190737434967,767.0844103979495,0.25885752067496415,0.3175673925580873,0.13952345666305577,0.2998272447397498,2.740453633943018,3.6632463880362094
pr,,408.4315293063222,2.817208542931072,443.121466248364,0.4409535871743486,2.755959919839679,460.64800452032586,1303.1727901689476,113.99071201267628,336.2185130944783,762.4805033313877,0.2579999487641925,0.3198024944797582,0.1410180571281542,0.29993553004619444,2.7540675677277004,3.6725335057636865
pr,,408.4315293063222,2.817208542931072,443.121466248364,0.44255647294589173,2.7659779559118234,462.73781837848713,1304.3901484536693,114.52848506653692,335.4458410135854,757.9729628191383,0.25716680044789536,0.3220244752566206,0.1425140159718216,0.30004245697407017,2.767609011630279,3.681794034971651
pr,,408.4315293063222,2.817208542931072,443.121466248364,0.44415935871743484,2.775995991983968,464.8295777951518,1305.6003899464195,115.06505414468273,334.70033251883086,753.5591132996038,0.2563574085119312,0.32423331550637136,0.14401126149013763,0.3001480972272972,2.781078426321458,3.691028576793037
pr,,408.4315293063222,2.817208542931072,443.121466248364,0.4457622444889779,2.786014028056112,466.9232714814612,1306.8036616985632,115.60046186370533,333.9812831614079,749.2363637577342,0.25557112590831293,0.3264287358536038,0.14550960595980214,0.3002526385291757,2.7944752267769117,3.700238907104699
pr,,408.4315293063222,2.817208542931072,443.121466248364,0.44736513026052105,2.7960320641282563,469.0188883809902,1308.0001067091277,116.13474973771423,333.2880084999519,745.0022050352095,0.25480732516030924,0.32861142983628344,0.147009295113805,0.30035583514671604,2.8078026822078246,3.709422432496683
pr,,408.4315293063222,2.817208542931072,443.121466248364,0.44896801603206404,2.8060501002004004,471.116417663359,1309.1898640522186,116.66795820945322,332.61984344575,740.8542069107997,0.2540653976774778,0.33078059881103006,0.14850990919008628,0.30045810684197777,2.8210581221385156,3.7185832765643636
pr,,408.4315293063222,2.817208542931072,443.121466248364,0.4505709018036072,2.816068136272545,473.21584871804544,1310.373069001346,117.20012668105142,331.97614166637607,736.7900153727111,0.25334475312391747,0.3329374474914094,0.15001192596039545,0.3005589758432118,2.834246796881554,3.7277165248750355
pr,,408.4315293063222,2.817208542931072,443.121466248364,0.4521737875751503,2.8260861723446893,475.31717114838176,1311.54985315088,117.73129354448378,331.35627509350326,732.8073501793435,0.25264481887398316,0.33508117857780795,0.15151492566267274,0.3006588619124776,2.8473660213475807,3.7368263068528442
pr,,408.4315293063222,2.817208542931072,443.121466248364,0.45377667334669336,2.8361042084168333,477.4203747657476,1312.7203445247314,118.26149620721026,330.759633364379,728.9040023255511,0.2519650394266801,0.337212186752025,0.15301902431629782,0.30075764903039554,2.8604178087877092,3.7459113628914316
pr,,408.4315293063222,2.817208542931072,443.121466248364,0.45537955911823647,2.8461222444889778,479.52544958394594,1313.8846676916746,118.79077112169944,330.1856232511193,725.0778315356678,0.25130487581624095,0.3393303515886832,0.15452410590189072,0.30085545321634577,2.8734021294535705,3.754972770556402
pr,,408.4315293063222,2.817208542931072,443.121466248364,0.4569824448897795,2.856140280561122,481.6323858137475,1315.0429438730241,119.3191538124002,329.6336681671719,721.3267639781586,0.25066380508939495,0.3414362190223401,0.15603035814275124,0.3009520867470283,2.886321551832373,3.7640085658549123
pr,,408.4315293063222,2.817208542931072,443.121466248364,0.4585853306613226,2.8661583166332663,483.74117385761247,1316.195291043733,119.84667890055357,329.1032076152514,717.648789900571,0.2500413197453966,0.34352960528383064,0.15753763763103912,0.3010476930302835,2.899175769701187,3.773020111241989
pr,,408.4315293063222,2.817208542931072,443.121466248364,0.4601882164328657,2.8761763527054107,485.8518043045583,1317.3418240353417,120.37338013068359,328.5936968675938,714.0419618187475,0.2494369273580266,0.34561070030878716,0.15904597175521443,0.30114224467765127,2.9119659278563605,3.7820070612724983
pr,,408.4315293063222,2.817208542931072,443.121466248364,0.4617911022044088,2.8861943887775547,487.9642679252075,1318.482654632455,120.89929039490875,328.1046063384342,710.5043920772663,0.24885014997023064,0.34767932153956554,0.160555217107437,0.30123588509697174,2.9246917091299744,3.7909707820195564
pr,,408.4315293063222,2.817208542931072,443.121466248364,0.4633939879759519,2.896212424849699,490.07855566697714,1319.6178916626254,121.42444175498446,327.63542115007954,707.034250878288,0.24828052364255385,0.34973575315361516,0.16206544539162682,0.30132854258432507,2.9373546019233476,3.7999104928836545
pr,,408.4315293063222,2.817208542931072,443.121466248364,0.46499687374749493,2.9062304609218432,492.1946586494176,1320.7476410932043,121.94886546830088,327.18564066211786,703.6297642718947,0.24772759797723432,0.35177996700401426,0.16357658490386356,0.30142028884363137,2.9499548690860022,3.808826849823951
pr,,408.4315293063222,2.817208542931072,443.121466248364,0.46659975951903804,2.9162484969939877,494.3125681596865,1321.8720061107751,122.47259200654958,326.7547781250482,700.2892124545042,0.24719093574455012,0.3538122426771877,0.1650887073480673,0.30151105217097074,2.9624939535099903,3.8177190830293926
pr,,408.4315293063222,2.817208542931072,443.121466248364,0.46820264529058114,2.926266533066132,496.4322756481631,1322.991087213169,122.99565108090462,326.3423603443225,697.0109281244754,0.2466701125188609,0.35583270278372625,0.16660181272423777,0.3016008325663434,2.974972676808711,3.826587143021556
pr,,408.4315293063222,2.817208542931072,443.121466248364,0.4698055310621242,2.936284569138276,498.55377272421214,1324.104982285647,123.51807166050088,325.9479270282924,693.7932941985543,0.2461647160828945,0.3578414682609267,0.16811590103237495,0.30168963002974925,2.987391842776307,3.8354309845898755
pr,,408.4315293063222,2.817208542931072,443.121466248364,0.4714084168336673,2.9463026052104206,500.6770511520538,1325.2137866822197,124.0398819939607,325.57103057357733,690.6347425028104,0.24567434616619166,0.3598379850214295,0.16963065483556897,0.30177776199809836,2.999749655119357,3.8442537157912984
pr,,408.4315293063222,2.817208542931072,443.121466248364,0.47301130260521035,2.9563206412825647,502.80210284677133,1326.3175933011303,124.56110962880388,325.2112355907013,687.5337519410873,0.24519861399204448,0.36182332291366703,0.1711465212843393,0.301864781320871,3.012050543647245,3.853050858117578
pr,,408.4315293063222,2.817208542931072,443.121466248364,0.47461418837675345,2.966338677354709,504.92891987042793,1327.4164926592682,125.0817814309674,324.86811865082467,684.4888471664086,0.24473714199527757,0.3637967752889731,0.1726631112378561,0.30195107713889735,3.024292111923991,3.8618262346189622
pr,,408.4315293063222,2.817208542931072,443.121466248364,0.47621707414829656,2.9763567134268536,507.0574944283132,1328.510572962485,125.6019236029585,324.5412678028783,681.4985967970866,0.24428956337108715,0.36575876330238144,0.17418056810395943,0.3020365060443371,3.036476278601558,3.8705783893115995
pr,,408.4315293063222,2.817208542931072,443.121466248364,0.4778199599198396,2.9863747494989976,509.1878188652887,1329.5999201728614,126.12156170112985,324.23028235058223,678.5616122126333,0.2438555218237596,0.3677091021988381,0.17569874847480904,0.30212121144503057,3.0486026373344415,3.8793087090196
pr,,408.4315293063222,2.817208542931072,443.121466248364,0.4794228456913827,2.996392785571142,511.3198856622495,1330.6846180789573,126.64072065491507,323.93477248396704,675.67654607034,0.2434346712082803,0.36964820794611175,0.1772177957582449,0.3022050499331378,3.060673063299027,3.88801574787666
pr,,408.4315293063222,2.817208542931072,443.121466248364,0.48102573146292577,3.006410821643286,513.4536874327055,1331.7647483608077,127.15942478409136,323.6543586601325,672.8420903302085,0.24302667498783095,0.37157643402995866,0.17873782597364646,0.3022879054892793,3.0726891771844156,3.8966983394594417
pr,,408.4315293063222,2.817208542931072,443.121466248364,0.4826286172344689,3.0164288577154306,515.5892169194149,1332.840390642809,127.67769781077345,323.38867186815855,670.0569761511904,0.2426312063608704,0.37349311092931303,0.18025846367441445,0.3023701535600545,3.084648711239987,3.905360164288602
pr,,408.4315293063222,2.817208542931072,443.121466248364,0.48423150300601203,3.026446893787575,517.7264669911755,1333.9116225647358,128.1955628805348,323.13735286460894,667.3199716636301,0.24224794761388085,0.37539874100589316,0.18177989658384827,0.30245160642216373,3.0965538392423335,3.9139993512442572
pr,,408.4315293063222,2.817208542931072,443.121466248364,0.4858343887775551,3.036464929859719,519.865430639668,1334.9785198365169,128.71304257627128,322.90005215937714,664.6298813302421,0.24187659004350115,0.37729343359816137,0.1833021247019478,0.3025322640756073,3.1084052333851173,3.9226158844807935
pr,,408.4315293063222,2.817208542931072,443.121466248364,0.4874372745490982,3.0464829659318635,522.0061009764211,1336.0411562928366,129.23015893238494,322.6764294993737,661.9855442894968,0.241516833504378,0.37917729660638855,0.18482514802871305,0.30261212652038516,3.1202035524696132,3.9312097510685264
pr,,408.4315293063222,2.817208542931072,443.121466248364,0.48904016032064124,3.0565010020040075,524.1484712298487,1337.099603949824,129.7469334504392,322.4661536203107,659.3858332797953,0.24116838616041616,0.38105019927726136,0.1863488505447642,0.30269130977587705,3.1319485501871127,3.9397820781702406
pr,,408.4315293063222,2.817208542931072,443.121466248364,0.49064304609218434,3.066519038076152,526.2925347423659,1338.1539330557946,130.2633871123661,322.26890216160587,656.8296539171911,0.24083096436123452,0.38291233935120783,0.1878732765655608,0.30276976952662354,3.143641211869551,3.948332420725406
pr,,408.4315293063222,2.817208542931072,443.121466248364,0.49224593186372745,3.0765370741482965,528.4382849676057,1339.2042121434226,130.7795403947623,322.0843612851653,654.3159433856542,0.24050429229882944,0.3847636869253925,0.1893983596179133,0.30284757224581416,3.1552816600541416,3.9568614218301104
pr,,408.4315293063222,2.817208542931072,443.121466248364,0.4938488176352705,3.0865551102204405,530.5857154677088,1340.2505080783906,131.29541328187486,321.9122254050455,651.8436693773601,0.240188101750167,0.3866046717513192,0.19092426003666085,0.30292455759860965,3.1668717334741965,3.965367508286059
pr,,408.4315293063222,2.817208542931072,443.121466248364,0.4954517034068136,3.096573146292585,532.7348199106956,1341.2928861107264,131.811025280305,321.75219686141594,649.4118289411276,0.2398821317798704,0.38843511551452525,0.19245083964469395,0.30300086376211965,3.1784109844768293,3.9738520295727366
pr,,408.4315293063222,2.817208542931072,443.121466248364,0.49705458917835665,3.106591182364729,534.8855920678889,1342.331409910665,132.32639542646098,321.60398603787985,647.0194482451094,0.23958612877820037,0.39025474252106396,0.1939779107187128,0.30307667845964387,3.1898986022088787,3.982316814624027
pr,,408.4315293063222,2.817208542931072,443.121466248364,0.49865747494989976,3.1166092184368734,537.038025811457,1343.3661416301886,132.84154230704223,321.4673106544255,644.6655806908808,0.2392998458814226,0.392064382531775,0.1955058350110865,0.3031516399388132,3.201337895288672,3.990758335753563
pr,,408.4315293063222,2.817208542931072,443.121466248364,0.5002603607214429,3.126627254509018,539.1921151119676,1344.3971419279612,133.3564840617911,321.3418961126549,642.3493071672451,0.2390230431848641,0.3938635243755583,0.1970343087791356,0.30322605194230723,3.2127271627070275,3.9991795565414043
pr,,408.4315293063222,2.817208542931072,443.121466248364,0.501863246492986,3.1366452905811624,541.3478540360882,1345.4244700284821,133.87123840351092,321.22747445197484,640.069733531412,0.23875548691720658,0.395652527105798,0.1985634617364699,0.3032997847565161,3.2240679425773786,4.007579217909354
pr,,408.4315293063222,2.817208542931072,443.121466248364,0.5034661322645291,3.146663326653307,543.5052367442546,1346.448183747019,134.385822621457,321.12378507890554,637.8259916601144,0.23849694994221982,0.3974313451416771,0.2000932221791693,0.30337291008535977,3.2353602610205376,4.015958023366518
pr,,408.4315293063222,2.817208542931072,443.121466248364,0.5050690180360721,3.1566813627254504,545.6642574884896,1347.4683395386637,134.90025359699985,321.0305739663671,635.6172374513756,0.23824721111909702,0.3992004471280659,0.20162377783053315,0.3034452402055389,3.2466060454632952,4.024314160075564
pr,,408.4315293063222,2.817208542931072,443.121466248364,0.5066719038076152,3.166699398797595,547.8249106102386,1348.484992534845,135.41454781338916,320.94759366300434,633.4426504629495,0.23800605526925137,0.400959325790879,0.20315482494788248,0.30351707885973267,3.257803601793472,4.032650584890794
pr,,408.4315293063222,2.817208542931072,443.121466248364,0.5082747895791583,3.1767174348697393,549.9871905382785,1349.4981965789614,135.92872136534675,320.87460304861384,631.3014330580744,0.2377732729558627,0.402708077850356,0.204686363531217,0.3035884260479413,3.2689534731832754,4.040967305119747
pr,,408.4315293063222,2.817208542931072,443.121466248364,0.5098776753507014,3.186735470941884,552.1510917866789,1350.5080042632853,136.4427899696002,320.8113672182895,629.1928098197881,0.23754866036006583,0.4044471669837202,0.2062185813038362,0.3036590940468652,3.2800575503084546,4.049262515784614
pr,,408.4315293063222,2.817208542931072,443.121466248364,0.5114805611222445,3.196753507014028,554.316608952834,1351.5144669611693,136.956768973296,320.75765712783146,627.1160265095001,0.2373320189824111,0.40617677067799024,0.20775152258119967,0.3037290385410448,3.2911166575213415,4.057535805913971
pr,,408.4315293063222,2.817208542931072,443.121466248364,0.5130834468937875,3.206771543086172,556.4837367155303,1352.5176348617022,137.4706733639449,320.71324956646293,625.0703496830082,0.23712315558773217,0.4078962994658686,0.20928483930516842,0.3037986075886191,3.3021287928125336,4.065790551531602
pr,,408.4315293063222,2.817208542931072,443.121466248364,0.5146863326653306,3.2167895791583163,558.6524698330566,1353.5175570067672,137.98451778089395,320.6779273257094,623.0550666948191,0.23692188229524835,0.40960666304477955,0.2108189512378014,0.3038673814275292,3.313097467485049,4.074022719969758
pr,,408.4315293063222,2.817208542931072,443.121466248364,0.5162892184368737,3.2268076152304603,560.8228031414334,1354.514281316614,138.49831652110493,320.65147812059723,621.0694832857585,0.23672801574961455,0.41130699485851074,0.21235336691311973,0.30393585152375396,3.3240196588210065,4.082237065111263
pr,,408.4315293063222,2.817208542931072,443.121466248364,0.5178921042084168,3.236825651302605,562.9947315525841,1355.507854619055,139.01208354711503,320.6336955195677,619.1129250940156,0.23654137777731798,0.41299833702625066,0.21388857779710185,0.30400352641131495,3.334899347865128,4.090428874798507
pr,,408.4315293063222,2.817208542931072,443.121466248364,0.5194949899799599,3.2468436873747493,565.1682500526655,1356.4983226865306,139.52583249920622,320.6243778618188,617.1847352641211,0.23636179455557718,0.4146801880714557,0.21542428014706877,0.30407070983289114,3.345734847574358,4.098601093296552
pr,,408.4315293063222,2.817208542931072,443.121466248364,0.521097875751503,3.2568617234468937,567.343353700352,1357.485730255967,140.03957669901013,320.62332878865453,615.2842751973735,0.23618909697724627,0.416352635577587,0.21696047396302023,0.3041374017884828,3.3565266294971066,4.106753740637198
pr,,408.4315293063222,2.817208542931072,443.121466248364,0.522700761523046,3.2668797595190373,569.5200376252214,1358.4701210638711,140.55332916116845,320.630356861701,613.4109235415076,0.23602312033966769,0.4180157660537913,0.21849715924495616,0.30420360227808985,3.36727515708845,4.114886838208718
pr,,408.4315293063222,2.817208542931072,443.121466248364,0.5243036472945891,3.2768977955911818,571.6982970261739,1359.4515378698725,141.0671025992384,320.6452753167137,611.564075457506,0.23586370413698857,0.4196698862341237,0.22003445201225633,0.30426919528233276,3.3779816921914154,4.122999298517065
pr,,408.4315293063222,2.817208542931072,443.121466248364,0.5259065330661322,3.2869158316633262,573.8781271698793,1360.4300224822618,141.5809094328473,320.6679020706953,609.743142381484,0.23571069203956527,0.42131485789639045,0.22157223624554087,0.3043342968205913,3.3886458694853214,4.131092258115198
pr,,408.4315293063222,2.817208542931072,443.121466248364,0.5275094188376753,3.2969338677354707,576.0595233892942,1361.4056157877346,142.09476179724118,320.69805925727866,607.9475508966477,0.23556393152654714,0.4229507644364263,0.22311051194480977,0.30439890689286553,3.399268129382544,4.13916574215583
pr,,408.4315293063222,2.817208542931072,443.121466248364,0.5291123046092184,3.306951903807615,578.2424810821574,1362.3783577723323,142.6086715484837,320.73557381447574,606.176743614682,0.23542327429431614,0.4245776882395129,0.22464927911006294,0.3044630254991555,3.4098489049356027,4.147219776959409
pr,,408.4315293063222,2.817208542931072,443.121466248364,0.5307151903807614,3.3169699398797587,580.426995709611,1363.3482875388559,143.12265026685793,320.78027659628987,604.430177259758,0.23528857558134977,0.42619535697804706,0.22618835001800083,0.30452684036276056,3.4203873393067945,4.1552561785013635
pr,,408.4315293063222,2.817208542931072,443.121466248364,0.5323180761523046,3.326987975951904,582.6130627947684,1364.3154433436828,143.63670927081932,320.8320030928779,602.7073238089379,0.23515969467191436,0.4278046685376049,0.2277281581249122,0.30458991802739244,3.43088681680164,4.163270844220817
pr,,408.4315293063222,2.817208542931072,443.121466248364,0.5339209619238476,3.3370060120240477,584.8006779214335,1365.2798626088352,144.15085961793432,320.8905920218257,601.0076676247708,0.2350364938428479,0.4294049949979265,0.2292683279841979,0.3046526339396497,3.441345184326144,4.171267380617659
pr,,408.4315293063222,2.817208542931072,443.121466248364,0.5355238476953907,3.347024048096192,586.989836732697,1366.2415819508024,144.66511211503416,320.95588688293594,599.3307081732383,0.23491883948126926,0.43099700979899735,0.2308091770327671,0.30471467066262364,3.4517650002586366,4.179242799685365
pr,,408.4315293063222,2.817208542931072,443.121466248364,0.5371267334669338,3.3570420841683366,589.1805349297296,1367.200637194578,145.1794773205046,321.0277344724606,597.6759570322587,0.23480660097642453,0.43258008836070083,0.23235032982402085,0.30477640364291303,3.46214412437981,4.187200700360217
pr,,408.4315293063222,2.817208542931072,443.121466248364,0.538729619238477,3.367060120240481,591.3727682705078,1368.1570633995207,145.69396555314881,321.1059853309083,596.0429385427309,0.2346996510276693,0.4341546589026927,0.2338919740812585,0.30483764515721845,3.472484221011506,4.1951393304527524
pr,,408.4315293063222,2.817208542931072,443.121466248364,0.5403325050100201,3.377078156312625,593.5665325685987,1369.1108948775868,146.20858689711793,321.19049360181504,594.4311893578544,0.23459786552245127,0.43572044971977886,0.2354339220811806,0.3048985829288394,3.482784424677333,4.203060500304306
pr,,408.4315293063222,2.817208542931072,443.121466248364,0.541935390781563,3.387096192384769,595.7618236919734,1370.0621652097411,146.723351206002,321.2811170414832,592.8402582790195,0.23450112352551436,0.43727844558740575,0.2369766652897652,0.30495872549179787,3.4930483935014105,4.21095959122351
pr,,408.4315293063222,2.817208542931072,443.121466248364,0.5435382765531062,3.3971142284569136,597.9586375618615,1371.0109072675311,147.23826810984292,321.377716803462,591.2697056801702,0.23440930710316388,0.43882759781748376,0.23851959622165472,0.3050186803314514,3.5032724596237936,4.2188423855876716
pr,,408.4315293063222,2.817208542931072,443.121466248364,0.5451411623246493,3.407132264529058,600.1569701516313,1371.95715323304,147.75334702144505,321.4801572649033,589.7191030191395,0.2343223011792533,0.4403681972436771,0.24006283089622854,0.3050783314284207,3.5134577792881565,4.226707815315363
pr,,408.4315293063222,2.817208542931072,443.121466248364,0.5467440480961924,3.417150300601202,602.3568174856817,1372.9009346123053,148.26859713929593,321.58830619971764,588.1880329918807,0.2342399936456677,0.441901005783931,0.24160674476008534,0.305137303336107,3.5236071925198544,4.2345523725935195
pr,,408.4315293063222,2.817208542931072,443.121466248364,0.5483469338677355,3.4271683366733465,604.5581756383998,1373.8422822554771,148.78402745424307,321.70203424292146,586.6760883913648,0.23416227495544378,0.4434256186515948,0.24315107838600575,0.3051958554817297,3.533719345806695,4.242378543055605
pr,,408.4315293063222,2.817208542931072,443.121466248364,0.5499498196392785,3.4371863727454905,606.7610407330845,1374.7812263748885,149.2996467552515,321.8212155103412,585.1828730872741,0.2340890385584767,0.4449416855809331,0.24469559973523072,0.3052542199040478,3.543793085220803,4.250188544989656
pr,,408.4315293063222,2.817208542931072,443.121466248364,0.5515527054108216,3.4472044088176346,608.9654089409763,1375.7177965533494,149.81546362983784,321.94572672931236,583.7080002889525,0.23402018025491722,0.4464501721378144,0.24624080027373854,0.30531190513708306,3.553831966185493,4.25797779051497
pr,,408.4315293063222,2.817208542931072,443.121466248364,0.5531555911823647,3.457222444889779,611.1712764802427,1376.6520217755328,150.33148647739972,322.0754476020652,582.2510930670195,0.23395559844285801,0.44795012611549423,0.24778611683163101,0.3053694743507337,3.563832677143588,4.2657516102068325
pr,,408.4315293063222,2.817208542931072,443.121466248364,0.5547584769539078,3.4672404809619235,613.3786396150153,1377.5839304225033,150.84772350235062,322.21026079762487,580.8117841963067,0.2338951941017513,0.44944284577178506,0.24933222859818555,0.30542624835572224,3.5737999512893786,4.273503665154707
pr,,408.4315293063222,2.817208542931072,443.121466248364,0.5563613627254509,3.477258517034068,615.5874946544627,1378.5135503009335,151.36418272646404,322.3500516477265,579.3897154695076,0.2338388705554302,0.450926964330819,0.25087834036474527,0.3054830223607056,3.5837289990151673,4.281241452562039
pr,,408.4315293063222,2.817208542931072,443.121466248364,0.5579642484969939,3.4872765531062115,617.7978379518738,1379.4409086537983,151.88087199115307,322.4947081234864,577.9845375258374,0.23378653344289335,0.45240377318179964,0.2524251313205873,0.3055391171764066,3.5936245182010396,4.288958644757656
pr,,408.4315293063222,2.817208542931072,443.121466248364,0.559567134268537,3.497294589178356,620.009665903773,1380.3660321737345,152.39779896131472,322.644120580695,576.5959092691418,0.23373809052125866,0.4538726641819383,0.25397222601911323,0.30559490824942376,3.6034844269411637,4.296658797878602
pr,,408.4315293063222,2.817208542931072,443.121466248364,0.5611700200400802,3.5073126252505014,622.2229749490086,1381.2889470179796,152.91497113021228,322.79818251712754,575.2234990993861,0.23369345220202203,0.45533370517917776,0.25551962446032317,0.30565039557975704,3.6133090540815447,4.30434194862837
pr,,408.4315293063222,2.817208542931072,443.121466248364,0.5627729058116232,3.517330661322645,624.4377615679483,1382.2096788214953,153.43239582337503,322.9567896045439,573.866983057367,0.2336525308373651,0.45678729681695773,0.25706751436751574,0.30570539144410747,3.6230999087779585,4.312006383504763
pr,,408.4315293063222,2.817208542931072,443.121466248364,0.5643757915831663,3.5273486973947894,626.654022281654,1383.128252711365,153.95008020336434,323.1198395870448,572.5260445361075,0.23361524063558722,0.45823296437388594,0.2586155919980127,0.3057601995851536,3.632855386470614,4.31965497553267
pr,,408.4315293063222,2.817208542931072,443.121466248364,0.5659786773547094,3.537366733466934,628.8717536510413,1384.044693308056,154.4680312672566,323.28723289661406,571.200375264321,0.23358149809737241,0.4596715168314056,0.260164277113872,0.3058144002408374,3.642578440411582,4.327283852944078
pr,,408.4315293063222,2.817208542931072,443.121466248364,0.5675815631262525,3.5473847695390783,631.0909522761032,1384.9590247555207,154.98625586044545,323.45887233653656,569.8896746309333,0.23355122177252502,0.4611024793174958,0.2617132659724148,0.30586829715383773,3.652267463120951,4.3348958871479715
pr,,408.4315293063222,2.817208542931072,443.121466248364,0.5691844488977956,3.557402805611223,633.3116147951501,1385.871270717395,155.504760671418,323.63466283001895,568.5936491355752,0.2335243320705319,0.46252571212031474,0.2632624425542618,0.30592200634353384,3.6619220385760043,4.342492194733595
pr,,408.4315293063222,2.817208542931072,443.121466248364,0.5707873346693386,3.5674208416833664,635.533737884074,1386.7814544012415,156.02355224247958,323.8145111385584,567.3120117953328,0.23350075104542622,0.4639418125062271,0.2648121106020914,0.3059752240672472,3.6715443585466137,4.350069993853311
pr,,408.4315293063222,2.817208542931072,443.121466248364,0.5723902204408817,3.577438877755511,637.7573182555722,1387.689598557622,156.54263696634382,323.9983265977006,566.0444833389046,0.23348040291897237,0.46535061377731024,0.2663621404022942,0.3060280800385875,3.681133906232252,4.357630532037203
pr,,408.4315293063222,2.817208542931072,443.121466248364,0.5739931062124248,3.5874569138276553,639.9823526584585,1388.5957255003066,157.06202109475817,324.1860206224168,564.7907912372056,0.23346321371226575,0.46675177282871694,0.2679122999161113,0.3060808062963135,3.690689542771431,4.3651759995686366
pr,,408.4315293063222,2.817208542931072,443.121466248364,0.5755959919839679,3.5974749498997993,642.2088378769827,1389.4998571143387,157.5817107403268,324.3775062676587,563.550668846029,0.2334491109206112,0.4681461835522923,0.26946306691529043,0.3061329250686775,3.7002144976281484,4.372702013253037
pr,,408.4315293063222,2.817208542931072,443.121466248364,0.577198877755511,3.607492985971944,644.4367707301247,1390.4020148613918,158.10171187687195,324.5726987251334,562.3238561850001,0.23343802386354415,0.4695331749286059,0.2710140216377734,0.30618485611773766,3.7097064709609975,4.380212501138542
pr,,408.4315293063222,2.817208542931072,443.121466248364,0.578801763527054,3.617511022044088,646.666148070924,1391.30221979442,158.6220303451912,324.77151537459906,561.110099933928,0.23342988371181325,0.47091353382318796,0.2725655838456182,0.30623617968143585,3.719168306298804,4.387703626893164
pr,,408.4315293063222,2.817208542931072,443.121466248364,0.5804046492985971,3.6275290581162323,648.8969667858822,1392.2004925710262,159.14267185813844,324.9738747154027,559.9091514999485,0.23342462271024045,0.47228626852788064,0.27411714605346765,0.3062875032451295,3.7285965758078072,4.395181042055613
pr,,408.4315293063222,2.817208542931072,443.121466248364,0.5820075350701402,3.6375470941883763,651.1292237942499,1393.096853451856,159.66364199723319,325.1796978878112,558.7207695663637,0.23342217526518091,0.4736520871240919,0.27566908370792004,0.3063384513622202,3.737993841401714,4.402641321738655
pr,,408.4315293063222,2.817208542931072,443.121466248364,0.5836104208416834,3.6475651302605208,653.3629160474802,1393.9913223202673,160.18494622150558,325.3889072374926,557.5447175330017,0.23342247690314893,0.47501112253037914,0.277221441124435,0.3063889797172484,3.747360634582998,4.4100841024262545
pr,,408.4315293063222,2.817208542931072,443.121466248364,0.5852133066132265,3.6575831663326652,655.5980405285854,1394.8839186826508,160.7065898653035,325.6014270236483,556.3807646616649,0.23342546477354986,0.4763630339808699,0.2787739862642536,0.30643932034897287,3.7566958207468257,4.4175115628418355
pr,,408.4315293063222,2.817208542931072,443.121466248364,0.5868161923847695,3.667601202404809,657.8345942515441,1395.7746616900668,161.2285781485606,325.81718345627695,555.2286860595726,0.23343107766533233,0.4777083974639998,0.2803270228700544,0.30648916951471505,3.7660014859057522,4.424920953239202
pr,,408.4315293063222,2.817208542931072,443.121466248364,0.5884190781563126,3.6776192384769533,660.0725742607569,1396.6635701316397,161.75091617060696,326.0361039891865,554.0882613982402,0.23343925549547812,0.4790469474609,0.28188036321853827,0.3065387149377743,3.77527675774551,4.432314043966622
pr,,408.4315293063222,2.817208542931072,443.121466248364,0.5900219639278557,3.6876372745490977,662.3119776304595,1397.550662450535,162.27360891728074,326.25811779739377,552.9592756606035,0.2334499396432016,0.48037873950123267,0.2834340073097051,0.3065879566181506,3.784521891187362,4.439690878236455
pr,,408.4315293063222,2.817208542931072,443.121466248364,0.5916248496993988,3.697655310621242,664.55280146418,1398.4359567519402,162.79666126342158,326.48315560891115,551.8415187847423,0.2334630728225933,0.4817036324099236,0.28498783912417547,0.3066370105752233,3.7937364508878693,4.447052561634847
pr,,408.4315293063222,2.817208542931072,443.121466248364,0.5932277354709419,3.7076733466933867,666.7950428941916,1399.3194708127355,163.32007797644417,326.71114982169064,550.7347857940704,0.2334785991593001,0.4830218776838771,0.2865419746813287,0.3066857607896132,3.8029213765070913,4.454398073494578
pr,,408.4315293063222,2.817208542931072,443.121466248364,0.5948306212424849,3.7176913827655302,669.0386990810066,1400.2012220803192,163.84386371351616,326.9420341330549,549.6388761058348,0.2334964639205983,0.4843333340170157,0.2880962979617854,0.3067343232806995,3.812076230645811,4.461728517682172
pr,,408.4315293063222,2.817208542931072,443.121466248364,0.5964335070140281,3.7277094188376756,671.2837672128584,1401.0812276884394,164.3680230288776,327.17574361899665,548.5535936050311,0.23351661356478556,0.4856387599310227,0.2896512287276035,0.30678227828642457,3.8212037216193693,4.469040103617011
pr,,408.4315293063222,2.817208542931072,443.121466248364,0.5980363927855711,3.737727454909819,673.5302445051791,1401.9595044681375,164.89256037839255,327.4122150768164,547.4787471574688,0.2335389959790793,0.4869375020144273,0.29120634721672484,0.30683004556884624,3.8303016182283303,4.4763367113710455
pr,,408.4315293063222,2.817208542931072,443.121466248364,0.5996392785571142,3.7477454909819636,675.7781282001429,1402.8360689400404,165.41748011296102,327.6513863642944,546.4141494411567,0.23356356000445752,0.4882294942881148,0.29276158172522987,0.3068776968318843,3.8393697452246918,4.483619035257038
pr,,408.4315293063222,2.817208542931072,443.121466248364,0.6012421643286573,3.757763527054108,678.0274155661588,1403.7109373322114,165.94278648726822,327.89319694631064,545.3596178046392,0.23359025581825277,0.4895152222215984,0.29431719168033743,0.30692497264831986,3.8484098508385296,4.49088475379083
pr,,408.4315293063222,2.817208542931072,443.121466248364,0.6028450501002004,3.7677815631262526,680.2781038974333,1404.5841255818711,166.46848365891594,328.1375872785941,544.3149731826669,0.2336190344901256,0.49079461684051273,0.29587310537812755,0.30697194472207284,3.8574217454594693,4.498134565406157
pr,,408.4315293063222,2.817208542931072,443.121466248364,0.6044479358717435,3.777799599198397,682.5301905134719,1405.455649351053,166.99457569605295,328.38449958084453,543.2800413277013,0.23364984852597157,0.4920677285292462,0.2974293228186003,0.3070186130531432,3.8664056553102806,4.505368514836956
pr,,408.4315293063222,2.817208542931072,443.121466248364,0.6060508216432865,3.7878176352705406,684.7836727586762,1406.325524021761,167.52106657263755,328.6338768961534,542.2546511942244,0.23368265119468046,0.4933344157040929,0.29898572798237616,0.30706509366091034,3.875361137238497,4.512587699608134
pr,,408.4315293063222,2.817208542931072,443.121466248364,0.6076537074148296,3.797835671342685,687.0385480018846,1407.1937647045704,168.04796017187903,328.88566356728506,541.2386356803107,0.2337173968620676,0.49459492013542855,0.3005424368888347,0.3071112705259949,3.884289082543447,4.519791109919544
pr,,408.4315293063222,2.817208542931072,443.121466248364,0.6092565931863727,3.8078537074148295,689.2948136359345,1408.0603862504995,168.5752602917329,329.13980540470243,540.2318318515397,0.23375404110413425,0.49584929062156724,0.3020994495379757,0.307157143648397,3.893189708851822,4.526978790825184
pr,,408.4315293063222,2.817208542931072,443.121466248364,0.6108594789579158,3.8178717434869736,691.5524670772718,1408.9254032525657,169.10297064416193,329.3962490948161,539.2340799175997,0.2337925402823957,0.49709738552054106,0.3036566499104199,0.3072028290474959,3.9020625710375683,4.53415183704911
pr,,408.4315293063222,2.817208542931072,443.121466248364,0.6124623647294589,3.827889779559118,693.8115057655415,1409.7888300476884,169.63109485464304,329.65494218539254,538.2452231673207,0.23383285153014116,0.49833944353522486,0.30521415402554647,0.30724821070391245,3.910908545531605,4.541309242172861
pr,,408.4315293063222,2.817208542931072,443.121466248364,0.6140652505010019,3.837907815631262,696.0719271631293,1410.6506807314095,170.15963646961256,329.91583434262577,537.2651099756173,0.23387493363811898,0.49957581764538195,0.30677214960665433,0.3072931008943476,3.919728902875323,4.54844935654493
pr,,408.4315293063222,2.817208542931072,443.121466248364,0.615668136272545,3.8479258517034065,698.3337287548759,1411.5109691584603,170.6885989551671,330.17887502283185,536.2935899555271,0.2339187453992538,0.500805753980541,0.30833014518776636,0.30733799108477866,3.9285210707433698,4.55557666357461
pr,,408.4315293063222,2.817208542931072,443.121466248364,0.6172710220440881,3.8579438877755505,700.5969080475843,1412.3697089425361,171.21798569548628,330.4440158682645,535.330517823438,0.23396424730439258,0.5020297947656243,0.30988844451156067,0.30738257753252746,3.937286975751323,4.562688463527315
pr,,408.4315293063222,2.817208542931072,443.121466248364,0.6188739078156312,3.867961923847695,702.861462569737,1413.2269134731835,171.74780000163503,330.71120871490524,534.3757501139108,0.23401140012408958,0.50324789207486,0.31144698956834765,0.3074269182472836,3.9460264948681285,4.56978532410659
pr,,408.4315293063222,2.817208542931072,443.121466248364,0.6204767935871743,3.8779799599198395,705.1273898710738,1414.0825959100089,172.27804510659644,330.98040678431414,533.4291470770579,0.23406016575100927,0.5044600919698234,0.3130057803581271,0.30747101322904724,3.9547398304283865,4.576867289298275
pr,,408.4315293063222,2.817208542931072,443.121466248364,0.6220796793587173,3.887997995991983,707.3946875222398,1414.93676918973,172.80872416816692,331.25156456008176,532.4905724320697,0.23411050710751863,0.5056663467861298,0.31456475887120955,0.3075149204875078,3.963426859549733,4.5839349243668766
pr,,408.4315293063222,2.817208542931072,443.121466248364,0.6236825651302604,3.8980160320641275,709.6633531144818,1415.7894460413527,173.33984027693953,331.5246367442961,531.5598916494562,0.23416238740249296,0.5068668883840765,0.31612404112697423,0.3075585240032862,3.972088426135311,4.590987230392938
pr,,408.4315293063222,2.817208542931072,443.121466248364,0.6252854509018037,3.908034068136273,711.9333842592434,1416.6406389745925,173.87139644780393,331.7995795680832,530.636974024508,0.23421577105697727,0.5080617607002516,0.31768362712542103,0.3076018237763826,3.980724722189896,4.598024252960996
pr,,408.4315293063222,2.817208542931072,443.121466248364,0.6268883366733466,3.9180521042084164,714.2047785878536,1417.4903602932307,174.40339562687257,332.07635031409256,529.7216918666776,0.2342706233609922,0.5092508221500363,0.3192434008471705,0.30764493582617614,3.9893352979246632,4.605047077152237
pr,,408.4315293063222,2.817208542931072,443.121466248364,0.6284912224448898,3.928070140280561,716.4775337512411,1418.3386221043475,174.93584069592077,332.3549063510362,528.8139189249844,0.23432690978825,0.5104340031040503,0.3208032905883032,0.30768793185658655,3.99791995266103,4.612056387420962
pr,,408.4315293063222,2.817208542931072,443.121466248364,0.6300941082164327,3.9380881763527045,718.7516474195396,1419.1854363098932,175.46873446589154,332.635206698977,527.9135328539197,0.2343845970995032,0.5116119442981479,0.3223636717954168,0.30773043642101594,4.006480937746619,4.6190488671229035
pr,,408.4315293063222,2.817208542931072,443.121466248364,0.631696993987976,3.94810621242485,721.0271172818178,1420.030814623768,176.0020796863132,332.91721105243806,527.0204136174423,0.234443652647526,0.5127837239468025,0.32392393698315525,0.3077730570048207,4.015015108958296,4.626029993977555
pr,,408.4315293063222,2.817208542931072,443.121466248364,0.6332998797595191,3.9581242484969943,723.3039410457723,1420.8747685697476,176.53587904278345,333.20087975460643,526.1344434190194,0.23450404435712965,0.5139505312709816,0.3254848096562536,0.3078150701032655,4.02352660728284,4.632993345166562
pr,,408.4315293063222,2.817208542931072,443.121466248364,0.6349027655310621,3.968142284569138,725.5821164374123,1421.7173094817344,177.07013515592178,333.4861740801246,525.2555071187654,0.23456574092193613,0.515111447113952,0.3270456823293555,0.30785708320170657,4.032012298619082,4.6399443910565585
pr,,408.4315293063222,2.817208542931072,443.121466248364,0.6365056513026052,3.9781603206412823,727.8616412007694,1422.5584485131037,177.6048505860872,333.7730561787261,524.3834921114392,0.23462871176055694,0.5162668109124697,0.32860674272576046,0.3078989085768447,4.0404733903423145,4.646881497148804
pr,,408.4315293063222,2.817208542931072,443.121466248364,0.6381085370741483,3.988178356713427,730.1425130976137,1423.3981966404747,178.14002783462047,334.06148890098683,523.518288021539,0.234692926891044,0.5174170281408736,0.3301682228842263,0.30794031418992196,4.04891131447772,4.653802640800667
pr,,408.4315293063222,2.817208542931072,443.121466248364,0.6397114228456914,3.9981963927855713,732.4247299071629,1424.2365646655624,178.67566934390345,334.35143601072866,522.6597870073981,0.23475835707759735,0.5185612999493605,0.3317295870233168,0.3079818358223746,4.0573233554421755,4.660712634710003
pr,,408.4315293063222,2.817208542931072,443.121466248364,0.6413143086172345,4.008214428857715,734.7082894258247,1425.0735632213177,179.21177750015352,334.64286170937453,521.807882987848,0.23482497349324807,0.5197006181680428,0.3332914426283877,0.30802286598884676,4.065712962031959,4.667606117021523
pr,,408.4315293063222,2.817208542931072,443.121466248364,0.6429171943887776,4.01823246492986,736.9931894669102,1425.9092027713236,179.7483546319678,334.93573095946664,520.9624721234755,0.23489274794531292,0.5208347278602284,0.33485360197614056,0.30806359241263703,4.0740792896665114,4.6744848040156075
pr,,408.4315293063222,2.817208542931072,443.121466248364,0.6445200801603207,4.028250501002004,739.279427860363,1426.7434936146851,180.2854030123899,335.2300096476362,520.1234530416021,0.2349616529866373,0.5219631966163345,0.33641576132389717,0.30810431883642353,4.0824208852090305,4.681351434496532
pr,,408.4315293063222,2.817208542931072,443.121466248364,0.6461229659318637,4.038268537074148,741.5670024525026,1427.5764458924584,180.8229248620014,335.52566442905015,519.2907265649379,0.23503166180308765,0.5230865365184625,0.3379782244143351,0.3081447415175286,4.090739542198603,4.688203355382698
pr,,408.4315293063222,2.817208542931072,443.121466248364,0.6477258517034069,4.048286573146293,743.8559111058038,1428.4080695845594,181.3609223458742,335.8226620221079,518.4641945955259,0.23510274771814973,0.5242046065247234,0.3395408752280758,0.3081849764753311,4.099034808182284,4.695041638863461
pr,,408.4315293063222,2.817208542931072,443.121466248364,0.64932873747495,4.058304609218437,746.1461516985715,1429.2383745223,181.8993975807433,336.12097084842696,517.6437626270837,0.23517488533763306,0.525317156558128,0.3411035260418199,0.3082252114331301,4.107305857066558,4.701867987372634
pr,,408.4315293063222,2.817208542931072,443.121466248364,0.650931623246493,4.068322645290581,748.4377221247903,1430.0673703800055,182.43835262851042,336.42055893336686,516.8293364754412,0.23524804907895444,0.5264249824159865,0.3426666683215446,0.30826495492494843,4.115555451659916,4.708678096637477
pr,,408.4315293063222,2.817208542931072,443.121466248364,0.652534509018036,4.078340681362725,750.7306202938034,1430.8950666906971,182.9777895055405,336.72139573509,516.0208250775946,0.23532221444710302,0.527527543545038,0.34422992662065194,0.30830458239738406,4.123781767509767,4.715475330336531
pr,,408.4315293063222,2.817208542931072,443.121466248364,0.6541373947895792,4.08835871743487,753.024844130126,1431.721472840711,183.517710178196,337.02345103320016,515.2181387544932,0.23539735725588046,0.5286249882630474,0.3457933726430617,0.3083440221465175,4.13198534411787,4.722259096626323
pr,,408.4315293063222,2.817208542931072,443.121466248364,0.6557402805611223,4.098376753507014,755.3203915732203,1432.546598068751,184.0581165612639,337.326694845167,514.4211890666741,0.2354734535685784,0.5297175310184037,0.34735712240815303,0.3083831581529693,4.140166946365888,4.729028415467002
pr,,408.4315293063222,2.817208542931072,443.121466248364,0.6573431663326653,4.108394789579158,757.6172605772198,1433.3704514849644,184.59901052958878,337.63109853750836,513.6298904895613,0.23555048046910992,0.5308045690966965,0.3489207561538685,0.3084224101787968,4.148324539226078,4.735787026828048
pr,,408.4315293063222,2.817208542931072,443.121466248364,0.6589460521042085,4.118412825651303,759.9154491107628,1434.193042057158,185.1403939081266,337.93663357081147,512.8441584734902,0.2356284151860663,0.5318872406409325,0.3504849973849436,0.30846105471926494,4.156462049929413,4.742528602393078
pr,,408.4315293063222,2.817208542931072,443.121466248364,0.6605489378757515,4.128430861723447,762.2149551567666,1435.0143786154872,185.68226847412507,338.2432717711298,512.063909842745,0.23570723528043633,0.5329646577711128,0.35204923861602194,0.3084996992597296,4.164576466570285,4.749258532065511
pr,,408.4315293063222,2.817208542931072,443.121466248364,0.6621518236472946,4.138448897795591,764.515776712179,1435.8344698704957,186.22463596821626,338.55098607621085,511.2890639059015,0.2357869191611943,0.5340368586456716,0.35361347984710395,0.3085383438001907,4.172667949273085,4.755976853284959
pr,,408.4315293063222,2.817208542931072,443.121466248364,0.6637547094188377,4.148466933867736,766.8179117878142,1436.6533243936426,186.7674980806953,338.85974959718953,510.5195410121974,0.23586744543274524,0.5351046214875801,0.35517821254416587,0.30857649687467187,4.180739187916074,4.762679292727479
pr,,408.4315293063222,2.817208542931072,443.121466248364,0.6653575951903808,4.15848496993988,769.1213584081235,1437.4709506357635,187.31085646291888,339.16953613215617,509.75526331086445,0.23594879324841211,0.5361672397219055,0.35674294524123146,0.3086146499491494,4.188787793404491,4.769370206176957
pr,,408.4315293063222,2.817208542931072,443.121466248364,0.6669604809619238,4.168503006012024,771.4261146110023,1438.2873569261817,187.85471272593804,339.4803200727711,508.99615458948267,0.23603094224389717,0.5372252058535887,0.35830798168097805,0.3086524992809458,4.196815476606137,4.776046971472991
pr,,408.4315293063222,2.817208542931072,443.121466248364,0.668563366733467,4.178521042084168,773.7321784476115,1439.1025514742075,188.39906844070708,339.7920759197271,508.24213952959593,0.23611387219878546,0.5382783798076332,0.35987320584402704,0.3086901608894399,4.204821785260353,4.782710647823543
pr,,408.4315293063222,2.817208542931072,443.121466248364,0.67016625250501,4.188539078156313,776.0395479821498,1439.9165423636284,188.9439251336546,340.1047791396813,507.4931449747072,0.23619756363198524,0.5393266889752201,0.36143854602645836,0.3087277064785517,4.212806497902846,4.7893619034120025
pr,,408.4315293063222,2.817208542931072,443.121466248364,0.6717691382765532,4.198557114228457,778.3482212916923,1440.7293375653173,189.4892842943102,340.4184055980922,506.7490990602029,0.23628199740373432,0.5403702749183912,0.36300407393219175,0.3087650643443614,4.2207701240439555,4.796000151848922
pr,,408.4315293063222,2.817208542931072,443.121466248364,0.6733720240480962,4.208575150300601,780.6581964660206,1441.5409449383455,190.03514737531827,340.7329311544677,506.0099305968948,0.23636715443350848,0.5414091713664474,0.3645697895612272,0.30880223448686894,4.2287128043910425,4.802625434455455
pr,,408.4315293063222,2.817208542931072,443.121466248364,0.6749749098196394,4.218593186372746,782.9694716073948,1442.351372226725,190.5815157895721,341.04833278578343,505.2755707273849,0.23645301647910355,0.5424433914397948,0.3661356792193348,0.30883923060030455,4.2366346089713325,4.809237911829481
pr,,408.4315293063222,2.817208542931072,443.121466248364,0.6765777955911824,4.22861122244489,785.2820448304018,1443.1606270667705,191.1283909144222,341.36458791463815,504.54595190544126,0.23653956566738032,0.5434729028755119,0.36770169859105456,0.3088760970001278,4.244535452812528,4.815838010741866
pr,,408.4315293063222,2.817208542931072,443.121466248364,0.6781806813627255,4.238629258517034,787.5959142618121,1443.9687169913875,191.67577409386752,341.6816737560949,503.8210069173972,0.23662678404004014,0.544497995671971,0.36926802170545564,0.30891265965726983,4.252416349007088,4.822424256566095
pr,,408.4315293063222,2.817208542931072,443.121466248364,0.6797835671342687,4.248647294589179,789.9110780403549,1444.7756494203823,192.2236666313621,341.999568548368,503.1006706886419,0.23671465440711992,0.5455185304147145,0.3708345325431587,0.30894903459111,4.260276846282917,4.8289977015603585
pr,,408.4315293063222,2.817208542931072,443.121466248364,0.6813864529058117,4.258665330661323,792.2275343165758,1445.58143167775,192.77206980083133,342.31825090786026,502.3848793119153,0.2368031598957132,0.5465344340383022,0.372401159400244,0.3089852935055677,4.268116719749464,4.8355590093987955
pr,,408.4315293063222,2.817208542931072,443.121466248364,0.6829893386773547,4.268683366733467,794.5452812526895,1446.3860709810167,193.32098483877246,342.6376995113269,501.6735695682499,0.23689228373094856,0.5475453994086669,0.3739676702379534,0.30902166843940126,4.275934947835727,4.842110233026494
pr,,408.4315293063222,2.817208542931072,443.121466248364,0.6845922244488978,4.278701402805611,796.8643170223756,1447.1895744478663,193.87041294814298,342.9578940750806,500.96668034926114,0.23698200991112472,0.5485525180531081,0.37553478856102146,0.3090574358878763,4.28373526977985,4.848645132412436
pr,,408.4315293063222,2.817208542931072,443.121466248364,0.686195110220441,4.288719438877756,799.1846398106806,1447.9919491047783,194.42035530358396,343.2788139431987,500.2641505750748,0.23707232222902275,0.5495547625566284,0.3771017908647139,0.3090933193557271,4.291514211310472,4.855170025916383
pr,,408.4315293063222,2.817208542931072,443.121466248364,0.687797995991984,4.2987374749499,801.5062478138049,1448.7932018758197,194.97081304319386,343.6004393680257,499.5659210557372,0.23716320515802414,0.5505529459770037,0.3786692129304661,0.30912878306151786,4.2992745615812655,4.8616803091560685
pr,,408.4315293063222,2.817208542931072,443.121466248364,0.689400881763527,4.308755511022044,803.8291392389822,1449.5933395928223,195.52178727484534,343.92275089145807,498.8719335717761,0.2372546434216253,0.5515463194711554,0.38023651897684246,0.3091643627866845,4.307013795980231,4.868180661602247
pr,,408.4315293063222,2.817208542931072,443.121466248364,0.6910037675350702,4.318773547094189,806.1533123043178,1450.392368995077,196.07327907539627,344.2457295360976,498.18213113957626,0.23734662212447566,0.5525355239781994,0.3818041287658999,0.3091996387691703,4.314734116297856,4.8746674892529995
pr,,408.4315293063222,2.817208542931072,443.121466248364,0.6926066533066133,4.328791583166333,808.4787652386652,1451.1902967352291,196.62528949415287,344.5693563023816,497.49645727102563,0.23743912640372938,0.5535201498927035,0.3833717385549603,0.309234914751653,4.322434152076478,4.8811434573617865
pr,,408.4315293063222,2.817208542931072,443.121466248364,0.6942095390781563,4.338809619238477,810.8054962814504,1451.9871293706055,197.177819546333,344.8936128819745,496.81485699542554,0.2375321419215857,0.5545009368801863,0.38493983980999996,0.30926969926815634,4.330116437947682,4.8876043618804434
pr,,408.4315293063222,2.817208542931072,443.121466248364,0.6958124248496995,4.348827655310622,813.1335036825373,1452.7828733764695,197.73087022165794,345.21848152947723,496.13727665763787,0.23762565477327072,0.555476935361183,0.3865077533417446,0.30930467150795493,4.337777769420347,4.894056103711241
pr,,408.4315293063222,2.817208542931072,443.121466248364,0.6974153106212425,4.358845691382766,815.4627857021229,1453.5775351412221,198.28444248045253,345.543944241465,495.46366272581815,0.23771965092174716,0.5564491522186088,0.3880761583394681,0.3093391522817744,4.345421586954838,4.900492864926694
pr,,408.4315293063222,2.817208542931072,443.121466248364,0.6990181963927856,4.36886372745491,817.7933406105591,1454.371120966978,198.83853725353174,345.8699837610077,494.79396322704554,0.23781411688857426,0.5574167444117157,0.3896444473178159,0.30937374907496973,4.353045049003903,4.906919919233635
pr,,408.4315293063222,2.817208542931072,443.121466248364,0.7006210821643286,4.378881763527054,820.1251666882436,1455.1636370750184,199.39315544543615,346.19658299713785,494.12812690089515,0.23790903935245208,0.5583800748716092,0.3912128523155457,0.3094082298487829,4.360649408513503,4.913335304482985
pr,,408.4315293063222,2.817208542931072,443.121466248364,0.7022239679358718,4.388899799599199,822.4582622254596,1455.9550896089481,199.94829793616373,346.5237257044357,493.4661041590663,0.23800440561494776,0.5593397074352271,0.39278174877925487,0.30944221915661696,4.368236598216031,4.919735833150255
pr,,408.4315293063222,2.817208542931072,443.121466248364,0.7038268537074148,4.398917835671343,824.7926255223024,1456.7454846310268,200.5039655780365,346.85139511586647,492.80784512387294,0.2381002026608094,0.5602947023723569,0.39435045751966835,0.30947639618774647,4.375803450454972,4.926127380849994
pr,,408.4315293063222,2.817208542931072,443.121466248364,0.7054297394789579,4.408935871743487,827.1282548884993,1457.534828119342,201.0601591932358,347.1795753071139,492.15330156557684,0.2381964180952574,0.5612458896319212,0.3959195417066822,0.30951019777227573,4.383352799670022,4.9325051487006455
pr,,408.4315293063222,2.817208542931072,443.121466248364,0.707032625250501,4.418953907815632,829.4651486433016,1458.3231259845477,201.61687958507025,347.5082508179764,491.50242634822473,0.23829303987987266,0.5621929281866561,0.39748874191307787,0.30954388333742316,4.3908835088376295,4.938871402810098
pr,,408.4315293063222,2.817208542931072,443.121466248364,0.7086355110220441,4.428971943887776,831.8033051153901,1459.1103840590793,202.1741275298865,347.83740587206614,490.85517231614665,0.23839005579853528,0.5631356824666142,0.3990579421194767,0.30957756890256743,4.398395138101355,4.945227173877888
pr,,408.4315293063222,2.817208542931072,443.121466248364,0.7102383967935871,4.43898997995992,834.142722642718,1459.8966080937118,202.73190377415574,348.16702543369445,490.2114937822496,0.23848745418233436,0.564074445788671,0.4006273300491769,0.30961106674441025,4.405888700561818,4.951570890695183
pr,,408.4315293063222,2.817208542931072,443.121466248364,0.7118412825651304,4.449008016032065,836.4833995724042,1460.6818037796156,203.29020904962533,348.4970948621205,489.5713460257688,0.23858522366771467,0.5650094080975958,0.40219702172155775,0.3096442608435726,4.4133648580819065,4.957901600161489
pr,,408.4315293063222,2.817208542931072,443.121466248364,0.7134441683366733,4.459026052104209,838.825334260647,1461.4659767307385,203.84904406035866,348.8275991191442,488.9346841707352,0.2386833526562572,0.5659401692711076,0.4037667133939415,0.30967745494273186,4.4208222741924486,4.964221937463199
pr,,408.4315293063222,2.817208542931072,443.121466248364,0.7150470541082165,4.469044088176353,841.1685250725532,1462.2491324872406,204.4084094847433,349.15852429376383,488.30146531996144,0.23878183035735914,0.5668670200944321,0.40533659278962686,0.3097104613185896,4.428261951957726,4.970530335004007
pr,,408.4315293063222,2.817208542931072,443.121466248364,0.7166499398797594,4.479062124248497,843.5129703820685,1463.0312765248616,204.9683059816814,349.4898565777576,487.67164710345963,0.238880646084273,0.5677898867513548,0.40690658820469383,0.3097433516750656,4.435683659649788,4.9768274424401655
pr,,408.4315293063222,2.817208542931072,443.121466248364,0.7182528256513027,4.489080160320642,845.8586685718851,1463.8124142483668,205.5287341854596,349.8215818031864,487.045187028638,0.23897978893887953,0.5687088957466487,0.40847677134306254,0.3097760543082401,4.4430878432721,4.983112685471619
pr,,408.4315293063222,2.817208542931072,443.121466248364,0.7198557114228458,4.499098196392786,848.205618033287,1464.5925510047848,206.08969471486284,350.153686588087,486.42204407322606,0.23907924859228855,0.569623812070543,0.41004695448143413,0.30980875694141163,4.450473725659174,4.989387700178912
pr,,408.4315293063222,2.817208542931072,443.121466248364,0.7214585971943888,4.50911623246493,850.5538171660627,1465.3716920660515,206.6511881602786,350.486157891086,485.8021780516,0.23917901498215094,0.5705350840133938,0.41161744136248585,0.3098411558319029,4.457842840568908,4.9956499368418985
pr,,408.4315293063222,2.817208542931072,443.121466248364,0.723061482965932,4.519134268537075,852.9032643784147,1466.1498426442568,207.21321509420943,350.81898269898613,485.18554917343795,0.23927907809632254,0.5714421552774507,0.41318781222416184,0.30987367074177014,4.465193324366536,5.001903003268296
pr,,408.4315293063222,2.817208542931072,443.121466248364,0.724664368737475,4.529152304609219,855.2539580868524,1466.927007886055,207.7757760668485,351.15214819165357,484.57211826688535,0.23937942808598808,0.5723457930883198,0.41475860284789673,0.30990576588957824,4.472527787915683,5.008142380689813
pr,,408.4315293063222,2.817208542931072,443.121466248364,0.7262672545090181,4.539170340681363,857.6058967160741,1467.7031928813176,208.33887161196026,351.4856421642242,483.9618473530666,0.23948005555142665,0.573245700684091,0.4163295811949331,0.309937673314085,4.479845244602179,5.014370080339988
pr,,408.4315293063222,2.817208542931072,443.121466248364,0.7278701402805612,4.5491883767535075,859.9590786988973,1468.4784026562465,208.90250224147928,351.81945221795377,483.3546985212818,0.23958095099088123,0.5741416448006653,0.4179005595419724,0.30996958073858877,4.487144923098714,5.020587731203702
pr,,408.4315293063222,2.817208542931072,443.121466248364,0.7294730260521043,4.5592064128256515,862.3135024761599,1469.252642178627,209.46666844893264,352.1535659217562,482.750634149703,0.23968210490986647,0.5750336515651406,0.4194715378890145,0.3100014881630898,4.494426928676581,5.026795366645204
pr,,408.4315293063222,2.817208542931072,443.121466248364,0.7310759118236473,4.5692244488977956,864.6691664965736,1470.0259163526837,210.0313707053574,352.48797205384545,482.1496186005836,0.23978350866657627,0.5759220036522323,0.42104270395935767,0.3100332078642896,4.501692232627798,5.032991430796651
pr,,408.4315293063222,2.817208542931072,443.121466248364,0.7326787975951904,4.57924248496994,867.0260692167083,1470.7982300313545,210.59660946779877,352.8226586475064,481.55161553131654,0.23988515313890807,0.5768066271825976,0.42261398604908285,0.31006481154610754,4.508940601630132,5.039176567105973
pr,,408.4315293063222,2.817208542931072,443.121466248364,0.7342816833667335,4.5892605210420845,869.3842091008336,1471.5695880049393,211.16238517072372,353.1576147056041,480.95659023707555,0.23998702989261472,0.5776876442255634,0.4241854558621093,0.3100962275046242,4.5161724637964,5.045350204892034
pr,,408.4315293063222,2.817208542931072,443.121466248364,0.7358845691382766,4.5992785571142285,871.7435846208851,1472.3399950124267,211.7286982338868,353.4928287003981,480.36450759436286,0.2400891301586999,0.5785652360075697,0.42575722941781574,0.31012733972046086,4.523388446392799,5.051511401009002
pr,,408.4315293063222,2.817208542931072,443.121466248364,0.7374874549098196,4.6092965931863725,874.1041942563124,1473.1094557364286,212.29554905833584,353.828290261484,479.775334354332,0.24019144598090994,0.579439013000945,0.42732900297352483,0.31015845193629477,4.530587250507812,5.05766275746089
pr,,408.4315293063222,2.817208542931072,443.121466248364,0.7390903406813628,4.619314629258517,876.4660364940645,1473.8779748062154,212.8629380282183,354.1639882550213,479.1890365236267,0.2402939689098662,0.5803090000254041,0.42890077652923686,0.31018956415212595,4.537768975788391,5.06380430688893
pr,,408.4315293063222,2.817208542931072,443.121466248364,0.7406932264529058,4.6293326653306615,878.8291098284551,1474.6455567967869,213.43086550979865,354.4999120818807,478.6055811250493,0.24039669088477272,0.5811754751285281,0.43047273780824996,0.31022048864465585,4.544934575664478,5.069934500201533
pr,,408.4315293063222,2.817208542931072,443.121466248364,0.7422961122244489,4.6393507014028055,881.1934127610658,1475.4122062326248,213.99933185390853,354.8360519338996,478.02493653180744,0.24049960440543722,0.5820386955078038,0.4320450608396326,0.3102510513848163,4.552084932409729,5.076051908423541
pr,,408.4315293063222,2.817208542931072,443.121466248364,0.7438989979959921,4.64936873747495,883.5589438007376,1476.1779275853446,214.56833739380045,355.1723969859721,477.4470700226506,0.24060270130643718,0.5828981179292634,0.4336173258613287,0.31028167213466346,4.559218229208195,5.082160102081268
pr,,408.4315293063222,2.817208542931072,443.121466248364,0.7455018837675351,4.659386773547094,885.9257014633979,1476.9427252749836,215.13788244585953,355.5089376231323,476.87195078099666,0.24070597426649845,0.5837538447035359,0.43518959088302717,0.31031229288450796,4.56633482629854,5.08825862458164
pr,,408.4315293063222,2.817208542931072,443.121466248364,0.7471047695390781,4.669404809619238,888.2936842720228,1477.7066036785639,215.7079673156245,355.8456644401221,476.29954853542023,0.2408094161278628,0.5846063061769282,0.43676215964740567,0.31034260989167245,4.573436188959615,5.0943449568142505
pr,,408.4315293063222,2.817208542931072,443.121466248364,0.7487076553106212,4.6794228456913824,890.66289075658,1478.4695671186178,216.2785922889093,356.1825676146486,475.72983271671876,0.2409130194737867,0.5854549626723843,0.4383346123924081,0.3103730429182131,4.580520513081317,5.100422659525182
pr,,408.4315293063222,2.817208542931072,443.121466248364,0.7503105410821644,4.689440881763527,893.0333194539259,1479.2316198685512,216.84975763549335,356.5196376289366,475.1627734227649,0.24101677711609354,0.5863005526551657,0.4399074848994694,0.31040305618269504,4.587590301322866,5.106487269121098
pr,,408.4315293063222,2.817208542931072,443.121466248364,0.7519134268537074,4.699458917835671,895.4049689077175,1479.9927661552347,217.42146361076277,356.8568655650712,474.5983418041841,0.2411206822936869,0.5871423831789733,0.44148024138715436,0.3104331854665531,4.594643233446739,5.112543315103737
pr,,408.4315293063222,2.817208542931072,443.121466248364,0.7535163126252504,4.709476953907815,897.7778376683697,1480.753010170669,217.99371046417275,357.1942422159284,474.03650887326364,0.24122472806910505,0.5879810353062187,0.4430533016175191,0.3104630110077313,4.601681280891655,5.118587312003627
pr,,408.4315293063222,2.817208542931072,443.121466248364,0.7551191983967936,4.71949498997996,900.1519242929593,1481.5123560471486,218.56649842030868,357.5317586393864,473.4772462393595,0.24132890770707016,0.588816127032501,0.44462636184788673,0.3104928365489069,4.608703171126365,5.124621838474835
pr,,408.4315293063222,2.817208542931072,443.121466248364,0.7567220841683368,4.729513026052104,902.5272273451525,1482.270807876806,219.13982769326833,357.8694062172578,472.9205261804516,0.24143321471052065,0.5896476809827023,0.446199422078257,0.3105226620900797,4.61570899449519,5.130646925832226
pr,,408.4315293063222,2.817208542931072,443.121466248364,0.7583249699398797,4.739531062124248,904.9037453951396,1483.0283697048774,219.7136984813003,358.2071764972955,472.3663214277308,0.24153764271453468,0.5904759671403511,0.44777267003192817,0.3105522999079516,4.622699673730572,5.1366610370004695
pr,,408.4315293063222,2.817208542931072,443.121466248364,0.759927855711423,4.749549098196393,907.2814770195821,1483.785045537523,220.28811097242396,358.5450607563549,471.8146045859777,0.24164218519028588,0.591301158854894,0.44934622172827904,0.3105816339831439,4.629675805676488,5.142663238101416
pr,,408.4315293063222,2.817208542931072,443.121466248364,0.761530741482966,4.759567134268537,909.6604208015037,1484.5408393338103,220.8630653381174,358.88305095603477,471.26534938978864,0.24174683609046688,0.5921228768080123,0.4509197734246325,0.31061096805833344,4.636636127163036,5.148656099531952
pr,,408.4315293063222,2.817208542931072,443.121466248364,0.7631336272545091,4.769585170340681,912.0405753302356,1485.295755016368,221.43856174113,359.22113953303347,470.7185304169952,0.2418515897051593,0.5929412949187975,0.45249344114036755,0.3106401861141415,4.643581236909032,5.154638685054927
pr,,408.4315293063222,2.817208542931072,443.121466248364,0.7647365130260521,4.779603206412825,914.4219392014028,1486.049796463665,222.0146003292947,359.5593177687009,470.17412094778837,0.24195643956504012,0.5937563759879685,0.45406718056002454,0.3106693324660275,4.650511023043919,5.160611396657619
pr,,408.4315293063222,2.817208542931072,443.121466248364,0.7663393987975953,4.78962124248497,916.8045110167665,1486.8029675141145,222.59118123848054,359.8975784458552,469.6320964451821,0.24206138022954854,0.5945681987823863,0.455641035999063,0.31069836279853225,4.65742576368797,5.166573897437477
pr,,408.4315293063222,2.817208542931072,443.121466248364,0.7679422845691383,4.799639278557114,919.1882893842356,1487.5552719613954,223.16830458866423,360.2359136858833,469.09243171574707,0.2421664058310245,0.5953770281542786,0.45721519518078085,0.3107270893883574,4.664326362448198,5.172524658815675
pr,,408.4315293063222,2.817208542931072,443.121466248364,0.7695451703406814,4.809657314629258,921.5732729177571,1488.3067135675235,223.74597049374256,360.5743162746057,468.5551026393651,0.24227151096449492,0.5961823373409185,0.4587892383431227,0.3107559319975587,4.671211060788179,5.178467205134864
pr,,408.4315293063222,2.817208542931072,443.121466248364,0.7711480561122245,4.819675350701403,923.9594602372929,1489.0572960492239,224.32417905079114,360.91277847884214,468.0200846234369,0.24237668989394712,0.5969842987433672,0.4603632815054671,0.31078477460675735,4.678080451466032,5.184400601016429
pr,,408.4315293063222,2.817208542931072,443.121466248364,0.7727509418837676,4.829693386773547,926.3468499687082,1489.807023087209,224.90293034698436,361.25129349825943,467.48735448658516,0.2424819375261549,0.5977833262608601,0.46193762841049113,0.31081331347327645,4.6849359385390414,5.1903223560906255
pr,,408.4315293063222,2.817208542931072,443.121466248364,0.7743538276553106,4.839711422845691,928.7354407437607,1490.5558983292387,225.48222446168518,361.58985403218975,466.9568885932399,0.24258724844703586,0.5985790458594356,0.46351197531551763,0.31084185233979295,4.691776277155935,5.196235024533386
pr,,408.4315293063222,2.817208542931072,443.121466248364,0.7759567134268538,4.849729458917836,931.1252312000105,1491.3039253759391,226.06206145526914,361.92845312752416,466.4286639510358,0.24269261749330306,0.5993718694813065,0.46508662596322375,0.31087008746363004,4.698602864186045,5.202136119436115
pr,,408.4315293063222,2.817208542931072,443.121466248364,0.7775595991983968,4.85974749498998,933.5162199807601,1492.0511078025932,226.64244138574827,362.26708421507436,465.90265825094747,0.24279803977264588,0.6001614244001663,0.4666612766109322,0.3108983225874646,4.705414459296465,5.2080281909874495
pr,,408.4315293063222,2.817208542931072,443.121466248364,0.7791624849699399,4.869765531062124,935.9084057350193,1492.79744914144,227.22336429481254,362.6057404942987,465.37884907059924,0.24290351025374937,0.6009479717186408,0.4682361149819413,0.3109263699879986,4.712211952032853,5.213909715633918
pr,,408.4315293063222,2.817208542931072,443.121466248364,0.7807653707414829,4.879783567134268,938.3017871174264,1493.5429528907873,227.8048302146782,362.9444155067458,464.85721460989254,0.24300902414909356,0.6017310490903071,0.469810765629655,0.3109546051118279,4.7189938013354045,5.219783830291838
pr,,408.4315293063222,2.817208542931072,443.121466248364,0.7823682565130261,4.889801603206413,940.6963627882059,1494.2876225169534,228.38683916937782,363.283102727898,464.3377331629373,0.24311457664086777,0.6025113976695695,0.47138579172396766,0.31098246478905844,4.725762508902824,5.225645908273278
pr,,408.4315293063222,2.817208542931072,443.121466248364,0.7839711422845692,4.899819639278557,943.0921314130946,1495.0314614465476,228.96939116852423,363.62179617811006,463.820383896377,0.24322016329093202,0.6032884638280293,0.4729607461143631,0.3110103961702061,4.732516227005771,5.231499677074446
pr,,408.4315293063222,2.817208542931072,443.121466248364,0.7855740280561122,4.909837675350701,945.4890917085003,1495.7744847363583,229.5524953293965,363.959094126473,463.3033694190257,0.24332484464770343,0.6040625978970933,0.4745358882280592,0.311038139828053,4.739256144037188,5.237343024358863
pr,,408.4315293063222,2.817208542931072,443.121466248364,0.7871769138276554,4.919855711422846,947.8872423069034,1496.5166812121615,230.13614030129122,364.29605204946915,462.7880285234434,0.24342932933724032,0.6048338177881267,0.4761112180650561,0.31106569576259935,4.745982331685655,5.243175982492148
pr,,408.4315293063222,2.817208542931072,443.121466248364,0.7887797995991984,4.92987374749499,950.2865818877998,1497.2580540222002,230.72032591211712,364.63266794206424,462.27434846498926,0.24353361597389528,0.6056020503620403,0.47768666392143383,0.3110931356777646,4.752694555881003,5.24899917438325
pr,,408.4315293063222,2.817208542931072,443.121466248364,0.7903826853707415,4.939891783567134,952.6871091359773,1497.9986062871385,231.3050519828795,364.96893990936485,461.76231674175705,0.24363770325124526,0.6063670202158215,0.47926199375843564,0.3111206916123059,4.759391903664167,5.254814540929711
pr,,408.4315293063222,2.817208542931072,443.121466248364,0.7919855711422846,4.949909819639279,955.0888227414653,1498.73834109598,231.89031832427463,365.3048664483117,461.25192144779953,0.2437415901305199,0.6071292771718078,0.4808376273381166,0.31114794380416805,4.766076232079373,5.260618655820036
pr,,408.4315293063222,2.817208542931072,443.121466248364,0.7935884569138277,4.959927855711423,957.4917213994993,1499.4772615196723,232.47612474726952,365.64044494198157,460.7431493697808,0.24384527483358878,0.6078884549226542,0.48241326091780007,0.31117519599602766,4.77274632284564,5.266414049697737
pr,,408.4315293063222,2.817208542931072,443.121466248364,0.7951913426853707,4.969945891783567,959.8958038104454,1500.2153705940918,233.06247104950148,365.9756736102692,460.23598845325074,0.2439487561478198,0.6086445720888378,0.4839888944974859,0.31120244818788484,4.7794022497799835,5.272200750964944
pr,,408.4315293063222,2.817208542931072,443.121466248364,0.7967942284569138,4.979963927855711,962.3010686797494,1500.952671332132,233.6493570246804,366.3105541640447,459.730431122033,0.24405203519104646,0.6093978377439632,0.4855646799485127,0.3112295485084011,4.7860447256033325,5.2779775413069885
pr,,408.4315293063222,2.817208542931072,443.121466248364,0.7983971142284569,4.989981963927856,964.7075147179597,1501.6891667224652,234.23678246139264,366.64508124738467,459.2264610095662,0.24415510837546464,0.6101482690623647,0.4871406172708801,0.31125649695757684,4.792673818877982,5.28374445154433
pr,,408.4315293063222,2.817208542931072,443.121466248364,0.8,5.0,967.115140640601,1502.4248597310836,234.82474714426587,366.97925509668005,458.72406887085003,0.2442579758447055,0.6108956932415626,0.4887165545932501,0.31128344540674996,4.799288960788043,5.289502757221334
dieterici,1.6666666666666667,102.65152674568489,2.2758720402060133,249.89454032464664,0.00016,0.001,0.1501773340642884,937.074195063991,-0.0002454628540498327,-0.10302270673486452,-643.8919170929032,-0.00010994082141791269,0.0,0.0,0.00016,0.0,0.13331828549563274
dieterici,1.6666666666666667,102.65152674568489,2.2758720402060133,249.89454032464664,0.0017628857715430862,0.011018036072144289,1.6513705502844034,936.0511221545795,-0.0012193456011557746,-1.035385785109439,-587.3243756475197,-0.0011061209805787247,0.0,0.0,0.0017628857715430862,0.0,0.2970209197437807
dieterici,1.6666666666666667,102.65152674568489,2.2758720402060133,249.89454032464664,0.0033657715430861724,0.021036072144288577,3.1509738646421983,935.1330818629573,-0.003529548709384489,-1.818645400864345,-540.3353666710179,-0.0019447984849827668,0.0,0.0,0.0033657715430861724,0.0,0.3689252581979227
dieterici,1.6666666666666667,102.65152674568489,2.2758720402060133,249.89454032464664,0.004968657314629259,0.03105410821643287,4.649162498493423,934.2982184884609,-0.0069548211556460515,-2.487484892324363,-500.6352289582219,-0.0026624099705003183,0.0,0.0,0.004968657314629259,0.0,0.4205874864501411
dieterici,1.6666666666666667,102.65152674568489,2.2758720402060133,249.89454032464664,0.0065715430861723444,0.04107214428857715,6.1460706617360135,933.5307843461061,-0.011332890137314422,-3.066281903381558,-466.599984687545,-0.003284607165396632,0.0,0.0,0.0065715430861723444,0.0,0.46224005559974224
dieterici,1.6666666666666667,102.65152674568489,2.2758720402060133,249.89454032464664,0.008174428857715431,0.051090180360721445,7.641804277093825,932.8191330899982,-0.016540636533852293,-3.5726212710267498,-437.04842664998336,-0.003829918517207412,0.0,0.0,0.008174428857715431,0.0,0.4977386585864483
dieterici,1.6666666666666667,102.65152674568489,2.2758720402060133,249.89454032464664,0.009777314629258517,0.06110821643286573,9.136449136836227,932.154454228947,-0.022481754775053986,-4.019477349807666,-411.1023836524008,-0.004312029333306645,0.0,0.0,0.009777314629258517,0.0,0.5290067424511631
dieterici,1.6666666666666667,102.65152674568489,2.2758720402060133,249.89454032464664,0.011380200400801604,0.07112625250501002,10.630076310121897,931.529949043321,-0.029078810660397636,-4.416613915713346,-388.0963216959032,-0.0047412473643485085,0.0,0.0,0.011380200400801604,0.0,0.5571589430096688
dieterici,1.6666666666666667,102.65152674568489,2.2758720402060133,249.89454032464664,0.012983086172344688,0.0811442885771543,12.122745835313085,930.9402786206133,-0.036267976675087965,-4.771507789895767,-367.5172240680009,-0.005125471417957953,0.0,0.0,0.012983086172344688,0.0,0.5829056588131988
dieterici,1.6666666666666667,102.65152674568489,2.2758720402060133,249.89454032464664,0.014585971943887775,0.09116232464929859,13.614509308273272,930.381184832542,-0.043995449184748736,-5.089973582774807,-348.9636208238938,-0.005470847503962523,0.0,0.0,0.014585971943887775,0.0,0.6067306726652202
dieterici,1.6666666666666667,102.65152674568489,2.2758720402060133,249.89454032464664,0.01618885771543086,0.10118036072144287,15.105411739804476,929.8492242303149,-0.052214951936141674,-5.376595752041947,-332.11705523343346,-0.005782223194832945,0.0,0.0,0.01618885771543086,0.0,0.6289799822354295
dieterici,1.6666666666666667,102.65152674568489,2.2758720402060133,249.89454032464664,0.01779174348697395,0.11119839679358719,16.595419348092257,929.366934567667,-0.060361242989021235,-5.592578655992434,-314.3356164103302,-0.006017621725044533,0.0,0.0,0.01779174348697395,0.0,0.6499105652553466
dieterici,1.6666666666666667,102.65152674568489,2.2758720402060133,249.89454032464664,0.019394629258517034,0.12121643286573146,18.08468639704634,928.8983323994348,-0.06904762130458053,-5.811420073063036,-299.64068895573166,-0.00625624987187949,0.0,0.0,0.019394629258517034,0.0,0.6697191025585464
dieterici,1.6666666666666667,102.65152674568489,2.2758720402060133,249.89454032464664,0.02099751503006012,0.13123446893787574,19.57322385931209,928.4455772950223,-0.07817389546701747,-6.023298537468588,-286.85768429481357,-0.006487508460126606,0.0,0.0,0.02099751503006012,0.0,0.6885598566990868
dieterici,1.6666666666666667,102.65152674568489,2.2758720402060133,249.89454032464664,0.022600400801603207,0.14125250501002004,21.061052902970793,928.0083432846197,-0.08769239750660773,-6.225333050015428,-275.45232956991725,-0.006708272716580654,0.0,0.0,0.022600400801603207,0.0,0.7065563076366382
dieterici,1.6666666666666667,102.65152674568489,2.2758720402060133,249.89454032464664,0.024203286573146292,0.1512705410821643,22.548195971664835,927.5858924769707,-0.09756879483705205,-6.416381542015433,-265.10372971968405,-0.0069172909959653505,0.0,0.0,0.024203286573146292,0.0,0.7238090090390006
dieterici,1.6666666666666667,102.65152674568489,2.2758720402060133,249.89454032464664,0.025806172344689376,0.1612885771543086,24.034675123037722,927.1774315600278,-0.10777453009320581,-6.595977168395878,-255.59688125361438,-0.007114039820078211,0.0,0.0,0.025806172344689376,0.0,0.740401059138414
dieterici,1.6666666666666667,102.65152674568489,2.2758720402060133,249.89454032464664,0.027409058116232465,0.1713066132264529,25.520511578793815,926.7822076106843,-0.11828418930234719,-6.763957512070365,-246.77818126353444,-0.007298324737489693,0.0,0.0,0.027409058116232465,0.0,0.7564020120374207
dieterici,1.6666666666666667,102.65152674568489,2.2758720402060133,249.89454032464664,0.02901194388777555,0.18132464929859718,27.00572562388562,926.3995340549291,-0.12907432422260356,-6.920306213120508,-238.53300695361,-0.007470109773080026,0.0,0.0,0.02901194388777555,0.0,0.771870738258492
dieterici,1.6666666666666667,102.65152674568489,2.2758720402060133,249.89454032464664,0.030614829659318638,0.19134268537074148,28.490336624957536,926.0287941084001,-0.1401228337046163,-7.065077195143466,-230.77303626260667,-0.007629435758469984,0.0,0.0,0.030614829659318638,0.0,0.7868575586496803
dieterici,1.6666666666666667,102.65152674568489,2.2758720402060133,249.89454032464664,0.03221771543086172,0.20136072144288575,29.974363090531753,925.6694366197282,-0.15140859847125654,-7.1983557729512135,-223.42849816271658,-0.007776378357308075,0.0,0.0,0.03221771543086172,0.0,0.8014058642011197
dieterici,1.6666666666666667,102.65152674568489,2.2758720402060133,249.89454032464664,0.03382060120240481,0.21137875751503005,31.4578227434584,925.3209696348657,-0.16291124521507783,-7.3202378041222405,-216.4431602002905,-0.007911025519081046,0.0,0.0,0.03382060120240481,0.0,0.8155533647653558
dieterici,1.6666666666666667,102.65152674568489,2.2758720402060133,249.89454032464664,0.0354234869739479,0.22139679358717437,32.94073259381353,924.9829536794841,-0.17461098302447198,-7.430818251521219,-209.77094256661388,-0.008033465073018062,0.0,0.0,0.0354234869739479,0.0,0.829333065070599
dieterici,1.6666666666666667,102.65152674568489,2.2758720402060133,249.89454032464664,0.037026372745490976,0.2314148296593186,34.42310900757219,924.6549954955761,-0.18648848337270607,-7.530184886227484,-203.37355046868586,-0.008143777866242556,0.0,0.0,0.037026372745490976,0.0,0.8427740370986125
dieterici,1.6666666666666667,102.65152674568489,2.2758720402060133,249.89454032464664,0.03862925851703407,0.24143286573146291,35.90496776943624,924.3367424641308,-0.19852478799619178,-7.618414890368436,-197.21877102582744,-0.008242034034110758,0.0,0.0,0.03862925851703407,0.0,0.8559020381985407
dieterici,1.6666666666666667,102.65152674568489,2.2758720402060133,249.89454032464664,0.04023214428857715,0.2514509018036072,37.38632413953114,924.0278777414204,-0.21070123557058906,-7.695573131880344,-191.2792188425636,-0.008328291080016387,0.0,0.0,0.04023214428857715,0.0,0.8687400108044223
dieterici,1.6666666666666667,102.65152674568489,2.2758720402060133,249.89454032464664,0.04183503006012024,0.2614689378757515,38.867192904258324,923.7281160576006,-0.22299940161036602,-7.761711414136155,-185.5313932601928,-0.008402593013258634,0.0,0.0,0.04183503006012024,0.0,0.8813084902006026
dieterici,1.6666666666666667,102.65152674568489,2.2758720402060133,249.89454032464664,0.04343791583166333,0.2714869739478958,40.34758842181065,923.4372001009584,-0.2354010479983728,-7.816868293616743,-179.9549574134671,-0.008464970105993275,0.0,0.0,0.04343791583166333,0.0,0.8936259400949723
dieterici,1.6666666666666667,102.65152674568489,2.2758720402060133,249.89454032464664,0.045040801603206414,0.2815050100200401,41.82752466291863,923.1548974074051,-0.24788807976332095,-7.861069223131169,-174.5321784542029,-0.008515439007265469,0.0,0.0,0.045040801603206414,0.0,0.9057090309476636
dieterici,1.6666666666666667,102.65152674568489,2.2758720402060133,249.89454032464664,0.0466436873747495,0.2915230460921844,43.30701524738342,922.8809976817566,-0.26044250741864516,-7.8943268749912585,-169.24748705148133,-0.00855400305653873,0.0,0.0,0.0466436873747495,0.0,0.9175728724907452
dieterici,1.6666666666666667,102.65152674568489,2.2758720402060133,249.89454032464664,0.04824657314629258,0.3015410821643286,44.7860734769069,922.6153104851869,-0.2730464136938906,-7.91664155526815,-164.08712658748675,-0.008580652700316592,0.0,0.0,0.04824657314629258,0.0,0.9292312092789794
dieterici,1.6666666666666667,102.65152674568489,2.2758720402060133,249.89454032464664,0.04984945891783567,0.3115591182364729,46.264712364675646,922.3576632336524,-0.2856819237587871,-7.92800165357129,-159.0388707455905,-0.008595365951399876,0.0,0.0,0.04984945891783567,0.0,0.9406965861713199
dieterici,1.6666666666666667,102.65152674568489,2.2758720402060133,249.89454032464664,0.05145234468937876,0.3215771543086172,47.74294466210095,922.107899459887,-0.2983311782918321,-7.928384097574188,-154.0917939782603,-0.008598108857128476,0.0,0.0,0.05145234468937876,0.0,0.9519804891765731
dieterici,1.6666666666666667,102.65152674568489,2.2758720402060133,249.89454032464664,0.053055230460921844,0.3315951903807615,49.22078288306451,921.8658772995473,-0.31097630887713024,-7.917754791175208,-149.23608327377033,-0.00858883595341326,0.0,0.0,0.053055230460921844,0.0,0.9630934659776271
dieterici,1.6666666666666667,102.65152674568489,2.2758720402060133,249.89454032464664,0.05465811623246493,0.3416132264529058,50.69823932597324,921.6314681684601,-0.32359941532424585,-7.896069025082225,-144.46288253879206,-0.008567490692102697,0.0,0.0,0.05465811623246493,0.0,0.9740452295866823
dieterici,1.6666666666666667,102.65152674568489,2.2758720402060133,249.89454032464664,0.056261002004008014,0.35163126252505006,52.17532609388821,921.4045556031035,-0.33618254459988606,-7.86327185574093,-139.7641630197193,-0.008534005836984429,0.0,0.0,0.056261002004008014,0.0,0.9848447479141998
dieterici,1.6666666666666667,102.65152674568489,2.2758720402060133,249.89454032464664,0.0578638877755511,0.36164929859719436,53.652055112953484,921.1850342412529,-0.3487076711004349,-7.819298447193954,-135.13261462009467,-0.00848830382229823,0.0,0.0,0.0578638877755511,0.0,0.9955003215097322
dieterici,1.6666666666666667,102.65152674568489,2.2758720402060133,249.89454032464664,0.05946677354709418,0.37166733466933866,55.12843814932518,920.972808923164,-0.36115667806014073,-7.764074378055227,-130.5615542081922,-0.008430297075907457,0.0,0.0,0.05946677354709418,0.0,1.0060196513187984
dieterici,1.6666666666666667,102.65152674568489,2.2758720402060133,249.89454032464664,0.061069659318637275,0.38168537074148295,56.60448682477045,920.7677938968869,-0.37351133991433727,-7.697515911687323,-126.04484776187691,-0.008359888304856736,0.0,0.0,0.061069659318637275,0.0,1.016409897970919
dieterici,1.6666666666666667,102.65152674568489,2.2758720402060133,249.89454032464664,0.06267254509018036,0.39170340681362725,58.08021263108774,920.5699121139054,-0.38575330546563436,-7.619530232713714,-121.57684392344161,-0.008276970746542194,0.0,0.0,0.06267254509018036,0.0,1.0266777338506006
dieterici,1.6666666666666667,102.65152674568489,2.2758720402060133,249.89454032464664,0.06427543086172344,0.4017214428857715,59.55562694347815,920.3790946032495,-0.39786408173137033,-7.530015650907857,-117.15231698885499,-0.008181428386477903,0.0,0.0,0.06427543086172344,0.0,1.0368293889910443
dieterici,1.6666666666666667,102.65152674568489,2.2758720402060133,249.89454032464664,0.06587831663326653,0.4117394789579158,61.03074103298191,920.1952799141278,-0.40982501836167273,-7.428861773708812,-112.7664177435503,-0.008073136143886838,0.0,0.0,0.06587831663326653,0.0,1.0468706916585735
dieterici,1.6666666666666667,102.65152674568489,2.2758720402060133,249.89454032464664,0.06748120240480962,0.4217575150300601,62.50556607808103,920.0184136186678,-0.4216172925278556,-7.315949650067107,-108.41463088016454,-0.007951960027942925,0.0,0.0,0.06748120240480962,0.0,1.056807104355859
dieterici,1.6666666666666667,102.65152674568489,2.2758720402060133,249.89454032464664,0.0690840881763527,0.43177555110220434,63.98011317555575,919.8484478673132,-0.43322189420911883,-7.191151887265889,-104.09273795304142,-0.00781775726636134,0.0,0.0,0.0690840881763527,0.0,1.0666437558574136
dieterici,1.6666666666666667,102.65152674568489,2.2758720402060133,249.89454032464664,0.07068697394789579,0.4417935871743487,65.4543933506728,919.6853409906455,-0.44461961180539333,-7.054332742320068,-99.79678501331661,-0.0076703764080021586,0.0,0.0,0.07068697394789579,0.0,1.0763854697964803
dieterici,1.6666666666666667,102.65152674568489,2.2758720402060133,249.89454032464664,0.07228985971943888,0.451811623246493,66.9284175667744,919.5290571424521,-0.4557910179986351,-6.905348189217183,-95.5230542155876,-0.007509657400796435,0.0,0.0,0.07228985971943888,0.0,1.086036790244405
dieterici,1.6666666666666667,102.65152674568489,2.2758720402060133,249.89454032464664,0.07389274549098196,0.46182965931863723,68.40219673432861,919.3795659791763,-0.46671645581987775,-6.744045963764372,-91.2680388169828,-0.007335431646864689,0.0,0.0,0.07389274549098196,0.0,1.09560200465874
dieterici,1.6666666666666667,102.65152674568489,2.2758720402060133,249.89454032464664,0.07549563126252505,0.4718476953907816,69.87574171949669,919.2368423717246,-0.4773760248731094,-6.570265588128076,-87.02842109208856,-0.007147522037058613,0.0,0.0,0.07549563126252505,0.0,1.1050851645221966
dieterici,1.6666666666666667,102.65152674568489,2.2758720402060133,249.89454032464664,0.07709851703406813,0.4818657314629258,71.3490633522642,919.1008661464413,-0.48774956764601995,-6.38383837446347,-82.80105273156671,-0.00694574296423993,0.0,0.0,0.07709851703406813,0.0,1.1144901039492094
dieterici,1.6666666666666667,102.65152674568489,2.2758720402060133,249.89454032464664,0.07870140280561122,0.4918837675350701,72.82217243418083,918.9716218517289,-0.4978166559020849,-6.1845874108025445,-78.58293741063531,-0.006729900318728661,0.0,0.0,0.07870140280561122,0.0,1.1238204564987033
dieterici,1.6666666666666667,102.65152674568489,2.2758720402060133,249.89454032464664,0.0803042885771543,0.5019018036072144,74.29507974574688,918.8490985481155,-0.5075565770809192,-5.972327528174307,-74.37121521145471,-0.006499791464791393,0.0,0.0,0.0803042885771543,0.0,1.1330796703994235
dieterici,1.6666666666666667,102.65152674568489,2.2758720402060133,249.89454032464664,0.0819071743486974,0.5119198396793587,75.7677960534822,918.733289619175,-0.5169483206921228,-5.746865251243561,-70.16314867337326,-0.006255205200658071,0.0,0.0,0.0819071743486974,0.0,1.1422710223668486
dieterici,1.6666666666666667,102.65152674568489,2.2758720402060133,249.89454032464664,0.08351006012024048,0.521937875751503,77.2403321167079,918.6241926013918,-0.5259705646583086,-5.507998731843039,-65.95611024483092,-0.005995921701392707,0.0,0.0,0.08351006012024048,0.0,1.1513976301674704
dieterici,1.6666666666666667,102.65152674568489,2.2758720402060133,249.89454032464664,0.08511294589178357,0.5319559118236473,78.71269869407207,918.5218090310883,-0.5346016615858957,-5.255517668193155,-61.747570984973976,-0.005721712447673931,0.0,0.0,0.08511294589178357,0.0,1.1604624640663708
dieterici,1.6666666666666667,102.65152674568489,2.2758720402060133,249.89454032464664,0.08671583166332665,0.5419739478957916,80.18490654984248,918.4261443069488,-0.5428196249229558,-4.989203207745001,-57.535090329474464,-0.0054323401382589025,0.0,0.0,0.08671583166332665,0.0,1.1694683572770446
dieterici,1.6666666666666667,102.65152674568489,2.2758720402060133,249.89454032464664,0.08831871743486973,0.5519919839679358,81.65696645999094,918.3372075666259,-0.5506021149867877,-4.708827834707645,-53.31630679736886,-0.005127558587313382,0.0,0.0,0.08831871743486973,0.0,1.1784180155178137
dieterici,1.6666666666666667,102.65152674568489,2.2758720402060133,249.89454032464664,0.08992160320641283,0.5620100200400802,83.12888921809272,918.2550115763246,-0.5579264248264337,-4.414155245218037,-49.08892955439698,-0.004807112609862556,0.0,0.0,0.08992160320641283,0.0,1.1873140257666184
dieterici,1.6666666666666667,102.65152674568489,2.2758720402060133,249.89454032464664,0.09152448897795591,0.5720280561122244,84.6006856410575,918.1795726322634,-0.5647694658916294,-4.104940205890681,-44.850730681264714,-0.004470737890761958,0.0,0.0,0.09152448897795591,0.0,1.196158864295097
dieterici,1.6666666666666667,102.65152674568489,2.2758720402060133,249.89454032464664,0.093127374749499,0.5820460921843688,86.07236657471272,918.1109104728978,-0.5711077534994331,-3.7809284003859336,-40.5995381117116,-0.004118160842286979,0.0,0.0,0.093127374749499,0.0,1.204954904053475
dieterici,1.6666666666666667,102.65152674568489,2.2758720402060133,249.89454032464664,0.09473026052104208,0.592064128256513,87.54394289925433,918.0490482012104,-0.5769173920589452,-3.4418562609909644,-36.33322912931753,-0.0037490984471197954,0.0,0.0,0.09473026052104208,0.0,1.213704421469595
dieterici,1.6666666666666667,102.65152674568489,2.2758720402060133,249.89454032464664,0.09633314629258516,0.6020821643286572,89.01542553458104,917.9940122163329,-0.5821740600278389,-3.0874507865530765,-32.04972437187718,-0.003363258088251553,0.0,0.0,0.09633314629258516,0.0,1.2224096027183173
dieterici,1.6666666666666667,102.65152674568489,2.2758720402060133,249.89454032464664,0.09793603206412826,0.6121002004008016,90.48682544552636,917.945832153603,-0.5868529945982033,-2.7174293476280797,-27.746982294000986,-0.002960337366805935,0.0,0.0,0.09793603206412826,0.0,1.2310725495113093
dieterici,1.6666666666666667,102.65152674568489,2.2758720402060133,249.89454032464664,0.09953891783567134,0.6221182364729458,91.9581536470009,917.9045408328487,-0.5909289760503356,-2.3314994765032053,-23.422994012776737,-0.0025400239053047385,0.0,0.0,0.09953891783567134,0.0,1.2396952844517979
dieterici,1.6666666666666667,102.65152674568489,2.2758720402060133,249.89454032464664,0.10114180360721443,0.6321362725450902,93.42942120905855,917.8701742137757,-0.5943763118091425,-1.9293586447839568,-19.075778520587267,-0.0021019951393851494,0.0,0.0,0.10114180360721443,0.0,1.2482797559941081
dieterici,1.6666666666666667,102.65152674568489,2.2758720402060133,249.89454032464664,0.10274468937875751,0.6421543086172344,94.90063926189687,917.842771358678,-0.5971688201115484,-1.5106940266862414,-14.703378206899108,-0.0016459180960263693,0.0,0.0,0.10274468937875751,0.0,1.2568278430436144
dieterici,1.6666666666666667,102.65152674568489,2.2758720402060133,249.89454032464664,0.10434757515030059,0.6521723446893787,96.37181900080259,917.8223744014302,-0.5992798133220276,-1.0751822469287058,-10.303854645208864,-0.0011714491571747745,0.0,0.0,0.10434757515030059,0.0,1.2653413592290468
dieterici,1.6666666666666667,102.65152674568489,2.2758720402060133,249.89454032464664,0.10595046092184368,0.662190380761523,97.8429716910539,917.8090285228291,-0.6006820808305946,-0.6224891171469799,-5.875284654081595,-0.0006782338131374096,0.0,0.0,0.10595046092184368,0.0,1.273822056875835
dieterici,1.6666666666666667,102.65152674568489,2.2758720402060133,249.89454032464664,0.10755334669338677,0.6722084168336673,99.31410867278623,917.8027819317208,-0.6013478715290148,-0.15226935460202495,-1.4157565457829466,-0.0001659063990648842,0.0,0.0,0.10755334669338677,0.0,1.2822716307063018
dieterici,1.6666666666666667,102.65152674568489,2.2758720402060133,249.89454032464664,0.10915623246492986,0.6822264529058116,100.78524136583424,917.8036858515653,-0.6012488758513115,0.33583371119371297,3.076633405258018,0.0003659101792363326,0.0,0.0,0.10915623246492986,0.0,1.290691721289962
dieterici,1.6666666666666667,102.65152674568489,2.2758720402060133,249.89454032464664,0.11075911823647294,0.6922444889779559,102.25638127455557,917.8117945124748,-0.600356207318967,0.8421884483780234,7.6037843365630104,0.0009176047348850849,0.0,0.0,0.11075911823647294,0.0,1.2990839182649199
dieterici,1.6666666666666667,102.65152674568489,2.2758720402060133,249.89454032464664,0.11236200400801602,0.7022625250501001,103.72753999264535,917.827165148062,-0.5986403836128176,1.3671752493458957,12.167594031594168,0.00148957810496418,0.0,0.0,0.11236200400801602,0.0,1.3074497633493483
dieterici,1.6666666666666667,102.65152674568489,2.2758720402060133,249.89454032464664,0.11396488977955911,0.7122805611222445,105.19872920795213,917.8498579973779,-0.5960713070969774,1.9111868691078198,16.769961983946153,0.0020822434654811264,0.0,0.0,0.11396488977955911,0.0,1.3157907531602373
dieterici,1.6666666666666667,102.65152674568489,2.2758720402060133,249.89454032464664,0.1155677755511022,0.7222985971943887,106.6699607072977,917.8799363113407,-0.5926182448087047,2.4746287850732336,21.412792391932754,0.0026960266666443953,0.0,0.0,0.1155677755511022,0.0,1.3241083418549997
dieterici,1.6666666666666667,102.65152674568489,2.2758720402060133,249.89454032464664,0.1171706613226453,0.7323166332665331,108.14124638131267,917.9174663637154,-0.5882498078691185,3.057919570898741,26.097997027415804,0.0033313665802793117,0.0,0.0,0.1171706613226453,0.0,1.3324039436100952
dieterici,1.6666666666666667,102.65152674568489,2.2758720402060133,249.89454032464664,0.11877354709418837,0.7423346693386773,109.61259822929347,917.9625174664354,-0.5829339302940895,3.661491286560362,30.82749800893603,0.003988715461570294,0.0,0.0,0.11877354709418837,0.0,1.3406789349495483
dieterici,1.6666666666666667,102.65152674568489,2.2758720402060133,249.89454032464664,0.12037643286573145,0.7523527054108216,111.08402836408595,918.0151619892314,-0.5766378471656566,4.285789890580495,35.60323053733357,0.004668539331413318,0.0,0.0,0.12037643286573145,0.0,1.348934656935098
dieterici,1.6666666666666667,102.65152674568489,2.2758720402060133,249.89454032464664,0.12197931863727454,0.7623707414829659,112.55554901700513,918.0754753834208,-0.5693280721435485,4.931275666346308,40.42714553120487,0.005371318370406129,0.0,0.0,0.12197931863727454,0.0,1.3571724172286725
dieterici,1.6666666666666667,102.65152674568489,2.2758720402060133,249.89454032464664,0.12358220440881763,0.7723887775551102,114.02717254279577,918.1435362097375,-0.5609703742893402,5.598423670620605,45.30121223684173,0.006097547333102088,0.0,0.0,0.12358220440881763,0.0,1.3653934920369728
dieterici,1.6666666666666667,102.65152674568489,2.2758720402060133,249.89454032464664,0.12518509018036073,0.7824068136272545,115.49891142464104,918.2194261702401,-0.5515297541604554,6.2877242003186256,50.22742078357392,0.0068477359780372,0.0,0.0,0.12518509018036073,0.0,1.373599127947102
dieterici,1.6666666666666667,102.65152674568489,2.2758720402060133,249.89454032464664,0.1267879759519038,0.7924248496993987,116.97077827922536,918.3032301440157,-0.5409704191703071,6.999683281079575,55.20778471717901,0.007622409517150264,0.0,0.0,0.1267879759519038,0.0,1.3817905436614328
dieterici,1.6666666666666667,102.65152674568489,2.2758720402060133,249.89454032464664,0.12839086172344688,0.802442885771543,118.4427858618578,918.3950362270228,-0.5292557581341271,7.7348231769419735,60.24434350789494,0.00842210908360132,0.0,0.0,0.12839086172344688,0.0,1.389968931639222
dieterici,1.6666666666666667,102.65152674568489,2.2758720402060133,249.89454032464664,0.12999374749499,0.8124609218436873,119.91494707166257,918.494935775786,-0.5163483149979982,8.493682922157266,65.33916504318499,0.00924739221886212,0.0,0.0,0.12999374749499,0.0,1.3981354596518751
dieterici,1.6666666666666667,102.65152674568489,2.2758720402060133,249.89454032464664,0.13159663326653306,0.8224789579158316,121.38727495684225,918.6030234549339,-0.5022097617148376,9.276818876521967,70.49434811704408,0.010098833380311732,0.0,0.0,0.13159663326653306,0.0,1.4062912722581975
dieterici,1.6666666666666667,102.65152674568489,2.2758720402060133,249.89454032464664,0.13319951903807614,0.8324969939879758,122.85978272002099,918.719397288575,-0.4868008702316047,10.08480530504596,75.71202492227572,0.010977024469940809,0.0,0.0,0.13319951903807614,0.0,1.4144374922054805
dieterici,1.6666666666666667,102.65152674568489,2.2758720402060133,249.89454032464664,0.13480240480961922,0.8425150300601201,124.33248372367247,918.8441587157271,-0.47008148352101387,10.918234982720978,80.99436355116029,0.011882575384689226,0.0,0.0,0.13480240480961922,0.0,1.4225752217618015
dieterici,1.6666666666666667,102.65152674568489,2.2758720402060133,249.89454032464664,0.13640529058116233,0.8525330661322645,125.80539149564095,918.9774126496608,-0.4520104856392493,11.777719824999515,86.34357050829836,0.012816114588759215,0.0,0.0,0.13640529058116233,0.0,1.4307055439845107
dieterici,1.6666666666666667,102.65152674568489,2.2758720402060133,249.89454032464664,0.1380081763527054,0.8625511022044088,127.27851973475937,919.1192675410937,-0.4325457707787024,12.663891546524685,91.76189325304733,0.01377828971032694,0.0,0.0,0.1380081763527054,0.0,1.438829523929499
dieterici,1.6666666666666667,102.65152674568489,2.2758720402060133,249.89454032464664,0.13961106212424848,0.872569138276553,128.75188231657268,919.2698354455476,-0.4116442112366485,13.577402348845212,97.25162277443205,0.014769768163081927,0.0,0.0,0.13961106212424848,0.0,1.4469482098055038
dieterici,1.6666666666666667,102.65152674568489,2.2758720402060133,249.89454032464664,0.1412139478957916,0.8825871743486974,130.2254932991725,919.4292320946132,-0.3892616242961253,14.518925636026454,102.81509618823668,0.01579123779102598,0.0,0.0,0.1412139478957916,0.0,1.455062634077385
dieterici,1.6666666666666667,102.65152674568489,2.2758720402060133,249.89454032464664,0.14281683366733466,0.8926052104208416,131.69936692914843,919.5975769714896,-0.36535273792719636,15.489156765093734,108.45469940310295,0.01684340754366075,0.0,0.0,0.14281683366733466,0.0,1.4631738145220377
dieterici,1.6666666666666667,102.65152674568489,2.2758720402060133,249.89454032464664,0.14441971943887777,0.9026232464929861,133.17351764766516,919.7749933906764,-0.3398711552880229,16.48881382480794,114.17286980526535,0.01792700817405707,0.0,0.0,0.14441971943887777,0.0,1.4712827552403376
dieterici,1.6666666666666667,102.65152674568489,2.2758720402060133,249.89454032464664,0.14602260521042085,0.9126412825651303,134.64796009666964,919.9616085819201,-0.31276931796818985,17.518638451262444,119.9720990186267,0.01904279296857468,0.0,0.0,0.14602260521042085,0.0,1.4793904476282782
dieterici,1.6666666666666667,102.65152674568489,2.2758720402060133,249.89454032464664,0.14762549098196392,0.9226593186372745,136.12270912523715,920.1575537786541,-0.2839984679004601,18.579396678496398,125.85493572222107,0.020191538505769536,0.0,0.0,0.14762549098196392,0.0,1.4874978713102547
dieterici,1.6666666666666667,102.65152674568489,2.2758720402060133,249.89454032464664,0.149228376753507,0.9326773547094187,137.59777979606105,920.362964310711,-0.2535086079277278,19.67187982880081,131.82398855208686,0.0213740454490514,0.0,0.0,0.149228376753507,0.0,1.4956059950372351
dieterici,1.6666666666666667,102.65152674568489,2.2758720402060133,249.89454032464664,0.15083126252505008,0.942695390781563,139.07318739209754,920.5779797019866,-0.2212484608869829,20.796905436476194,137.88192903989145,0.02259113936573701,0.0,0.0,0.15083126252505008,0.0,1.5037157775524004
dieterici,1.6666666666666667,102.65152674568489,2.2758720402060133,249.89454032464664,0.15243414829659319,0.9527134268537074,140.54894742336847,920.8027437724943,-0.18716542724217788,21.955318218381162,144.03149467311223,0.023843671586414966,0.0,0.0,0.15243414829659319,0.0,1.511828168426649
dieterici,1.6666666666666667,102.65152674568489,2.2758720402060133,249.89454032464664,0.15403703406813626,0.9627314629258517,142.02507563393192,921.0374047455081,-0.15120554112027662,23.147991085211032,150.27549202857165,0.025132520097386334,0.0,0.0,0.15403703406813626,0.0,1.5199441088662298
dieterici,1.6666666666666667,102.65152674568489,2.2758720402060133,249.89454032464664,0.15563991983967934,0.9727494989979959,143.50158800902952,921.2821153595738,-0.11331342473522454,24.375826197625283,156.6168000005024,0.026458590469990256,0.0,0.0,0.15563991983967934,0.0,1.5280645324946158
dieterici,1.6666666666666667,102.65152674568489,2.2758720402060133,249.89454032464664,0.15724280561122245,0.9827675350701403,144.97850078241711,921.5370329857576,-0.07343224109493462,25.63975606812422,163.05837312212336,0.027822816827069916,0.0,0.0,0.15724280561122245,0.0,1.5361903661106127
dieterici,1.6666666666666667,102.65152674568489,2.2758720402060133,249.89454032464664,0.15884569138276552,0.9927855711422845,146.45583044388638,921.8023197503525,-0.03150364490454649,26.94074471714989,169.60324502747523,0.029226162855010094,0.0,0.0,0.15884569138276552,0.0,1.5443225304245811
dieterici,1.6666666666666667,102.65152674568489,2.2758720402060133,249.89454032464664,0.16044857715430857,1.0028036072144286,147.93359374698892,922.0781426628107,0.012532268346603814,28.27978887667123,176.2545320016995,0.03066962285322568,0.0,0.0,0.16044857715430857,0.0,1.5524619407745415
dieterici,1.6666666666666667,102.65152674568489,2.2758720402060133,249.89454032464664,0.1620514629258517,1.012821643286573,149.41180771696997,922.3646737496167,0.05873701528133779,29.65791924862117,183.01543665910287,0.032154222828217345,0.0,0.0,0.1620514629258517,0.0,1.5606095078238382
dieterici,1.6666666666666667,102.65152674568489,2.2758720402060133,249.89454032464664,0.16365434869739479,1.0228396793587173,150.8904896589196,922.6620901940257,0.10717377956061114,31.07620182509425,189.88925178246092,0.03368102163876622,0.0,0.0,0.16365434869739479,0.0,1.568766138241951
dieterici,1.6666666666666667,102.65152674568489,2.2758720402060133,249.89454032464664,0.16525723446893786,1.0328577154308616,152.36965716615563,922.9705744818815,0.1579074689269362,32.53573926229102,196.87936426411946,0.03525111218259073,0.0,0.0,0.16525723446893786,0.0,1.5769327353699625
dieterici,1.6666666666666667,102.65152674568489,2.2758720402060133,249.89454032464664,0.16686012024048094,1.0428757515030058,153.8493281288427,923.290314553821,0.21100477447933486,34.03767232317267,203.9892592317274,0.03686562263963674,0.0,0.0,0.16686012024048094,0.0,1.5851101998721129
dieterici,1.6666666666666667,102.65152674568489,2.2758720402060133,249.89454032464664,0.16846300601202402,1.05289378757515,155.32952074286163,923.6215039641073,0.2665342322784454,35.58318138429746,211.22252431942073,0.03852571776596515,0.0,0.0,0.16846300601202402,0.0,1.5932994303748154
dieterici,1.6666666666666667,102.65152674568489,2.2758720402060133,249.89454032464664,0.17006589178356712,1.0629118236472945,156.8102535189393,923.9643420462234,0.3245662873685262,37.17348801190107,218.58285410462895,0.04023260024253337,0.0,0.0,0.17006589178356712,0.0,1.6015013240944322
dieterici,1.6666666666666667,102.65152674568489,2.2758720402060133,249.89454032464664,0.1716687775551102,1.0729298597194388,158.2915452920487,924.3190340858167,0.3851733603836749,38.80985661309577,226.07405473390048,0.041987512083941934,0.0,0.0,0.1716687775551102,0.0,1.6097167774550754
dieterici,1.6666666666666667,102.65152674568489,2.2758720402060133,249.89454032464664,0.17327166332665328,1.082947895791583,159.7734152310926,924.685791500769,0.4484299167685606,40.493596163654544,233.70004873396786,0.0437917361073898,0.0,0.0,0.17327166332665328,0.0,1.6179466866976233
dieterici,1.6666666666666667,102.65152674568489,2.2758720402060133,249.89454032464664,0.17487454909819636,1.0929659318637273,161.2558828488816,925.0648320292446,0.5144125388312943,42.22606201778091,241.46488002705266,0.0456465974662044,0.0,0.0,0.17487454909819636,0.0,1.6261919484811234
dieterici,1.6666666666666667,102.65152674568489,2.2758720402060133,249.89454032464664,0.17647743486973944,1.1029839679358715,162.73896801242086,925.4563799257348,0.5832000007078477,44.00865780240209,249.37271915180273,0.04755346524914946,0.0,0.0,0.17647743486973944,0.0,1.634453460477692
dieterici,1.6666666666666667,102.65152674568489,2.2758720402060133,249.89454032464664,0.17808032064128257,1.113002004008016,164.2226909535162,925.8606661653706,0.654873346364468,45.84283740389525,257.4278687213233,0.04951375415240627,0.0,0.0,0.17808032064128257,0.0,1.6427321219620004
dieterici,1.6666666666666667,102.65152674568489,2.2758720402060133,249.89454032464664,0.17968320641282565,1.1230200400801602,165.70707227971587,926.2779286571846,0.7295159708376104,47.7301070486781,265.63476911146194,0.05152892622398111,0.0,0.0,0.17968320641282565,0.0,1.6510288343963966
dieterici,1.6666666666666667,102.65152674568489,2.2758720402060133,249.89454032464664,0.18128609218436872,1.1330380761523045,167.19213298560186,926.7084124664532,0.807213704821578,49.67202748266793,273.99800439269916,0.05360049268406318,0.0,0.0,0.18128609218436872,0.0,1.6593445020126911
dieterici,1.6666666666666667,102.65152674568489,2.2758720402060133,249.89454032464664,0.1828889779559118,1.1430561122244487,168.67789446444272,927.152370046497,0.8880549027624625,51.670216261480824,282.52230855561305,0.05573001583212212,0.0,0.0,0.1828889779559118,0.0,1.6676800323916026
dieterici,1.6666666666666667,102.65152674568489,2.2758720402060133,249.89454032464664,0.18449186372745488,1.153074148296593,170.16437852022878,927.6100614805915,0.9721305346645579,53.726350145423936,291.21257197982726,0.057919111032139294,0.0,0.0,0.18449186372745488,0.0,1.676036337040849
dieterici,1.6666666666666667,102.65152674568489,2.2758720402060133,249.89454032464664,0.18609474949899799,1.1630921843687374,171.6516073801015,928.0817547342787,1.05953428176457,55.842167618138774,300.0738482330983,0.060169448794009615,0.0,0.0,0.18609474949899799,0.0,1.6844143319728457
dieterici,1.6666666666666667,102.65152674568489,2.2758720402060133,249.89454032464664,0.18769763527054106,1.1731102204408816,173.13960370719624,928.5677259184071,1.1503626362326713,58.01947152634162,309.11136116720013,0.062482756945872756,0.0,0.0,0.18769763527054106,0.0,1.6928149382829603
dieterici,1.6666666666666667,102.65152674568489,2.2758720402060133,249.89454032464664,0.18930052104208414,1.1831282565130259,174.62839061391676,929.0682595639462,1.2447150052005327,60.26013185000055,318.3305123423505,0.06486082290474907,0.0,0.0,0.18930052104208414,0.0,1.701239082729267
dieterici,1.6666666666666667,102.65152674568489,2.2758720402060133,249.89454032464664,0.19090340681362722,1.1931462925851701,176.11799167565744,929.5836489085032,1.3426938192185673,62.566088615195895,327.7368888250231,0.06730549605585213,0.0,0.0,0.19090340681362722,0.0,1.7096876983147264
dieterici,1.6666666666666667,102.65152674568489,2.2758720402060133,249.89454032464664,0.1925062925851703,1.2031643286573144,177.6084309449967,930.114196195223,1.4444046453813826,64.93935494932965,337.33627133564283,0.0698186902371496,0.0,0.0,0.1925062925851703,0.0,1.7181617248727221
dieterici,1.6666666666666667,102.65152674568489,2.2758720402060133,249.89454032464664,0.19410917835671343,1.2131823647294588,179.09973296637978,930.660212985233,1.549956305467731,67.38202029112466,347.1346427900337,0.07240238633924907,0.0,0.0,0.19410917835671343,0.0,1.726662109656881
dieterici,1.6666666666666667,102.65152674568489,2.2758720402060133,249.89454032464664,0.1957120641282565,1.223200400801603,180.59192279131076,931.2220204833365,1.659460999168573,69.89625376794429,357.1381972760708,0.07505863503062966,0.0,0.0,0.1957120641282565,0.0,1.7351898079360968
dieterici,1.6666666666666667,102.65152674568489,2.2758720402060133,249.89454032464664,0.19731494989979959,1.2332184368737473,182.0850259952192,931.7999501721936,1.7730344896429244,72.4842989169506,367.35330472303065,0.07778955011057442,0.0,0.0,0.19731494989979959,0.0,1.7437457835956944
dieterici,1.6666666666666667,102.65152674568489,2.2758720402060133,249.89454032464664,0.19891783567134266,1.2432364729458916,183.57906870627255,932.3943473069401,1.890796852218159,75.14837680753645,377.78601679388163,0.08059720334490396,0.0,0.0,0.19891783567134266,0.0,1.7523310097456681
dieterici,1.6666666666666667,102.65152674568489,2.2758720402060133,249.89454032464664,0.20052072144288574,1.2532545090180358,185.07407762302677,933.0055703441434,2.0128724526119584,77.89065082340949,388.4419039734757,0.08348358605691836,0.0,0.0,0.20052072144288574,0.0,1.7609464693369377
dieterici,1.6666666666666667,102.65152674568489,2.2758720402060133,249.89454032464664,0.20212360721442885,1.2632725450901803,186.57008002378745,933.6339880480324,2.1393894584738007,80.71324617210857,399.3261711705032,0.08645062969575197,0.0,0.0,0.20212360721442885,0.0,1.7695931557865867
dieterici,1.6666666666666667,102.65152674568489,2.2758720402060133,249.89454032464664,0.20372649298597192,1.2732905811623245,188.06710377563235,934.2799770561525,2.2704794170319076,83.61827569990234,410.4437988124602,0.08950023307079467,0.0,0.0,0.20372649298597192,0.0,1.778272073613048
dieterici,1.6666666666666667,102.65152674568489,2.2758720402060133,249.89454032464664,0.205329378757515,1.2833086172344688,189.56517734416036,934.9439202090743,2.406276965484551,86.60786528160048,421.79967526167104,0.09263428897664047,0.0,0.0,0.205329378757515,0.0,1.786984239082235
dieterici,1.6666666666666667,102.65152674568489,2.2758720402060133,249.89454032464664,0.20693226452905808,1.293326653306613,191.06432980392583,935.6262055726625,2.5469196679552226,89.68417908936627,433.3987224924634,0.09585471051922266,0.0,0.0,0.20693226452905808,0.0,1.7957306808656244
dieterici,1.6666666666666667,102.65152674568489,2.2758720402060133,249.89454032464664,0.20853515030060116,1.3033446893787572,192.56459084960804,936.3272261001481,2.6925479757313155,92.8494445480914,445.246014469263,0.09916345691966492,0.0,0.0,0.20853515030060116,0.0,1.8045124407113269
dieterici,1.6666666666666667,102.65152674568489,2.2758720402060133,249.89454032464664,0.2101380360721443,1.3133627254509017,194.06599080805492,937.0473798973699,2.8433053101268797,96.10597606710397,457.34688428376194,0.10256255780538011,0.0,0.0,0.2101380360721443,0.0,1.813330574129209
dieterici,1.6666666666666667,102.65152674568489,2.2758720402060133,249.89454032464664,0.21174092184368737,1.323380761523046,195.5685606511596,937.7870709878454,2.9993382528982693,99.45619803331286,469.70702293784285,0.10605413649875528,0.0,0.0,0.21174092184368737,0.0,1.822186151091151
dieterici,1.6666666666666667,102.65152674568489,2.2758720402060133,249.89454032464664,0.21334380761523045,1.3333987975951902,197.072332009857,938.5467105568379,3.1607968450883845,102.90266511066567,482.3325610474364,0.10964043020257748,7.739937848658513e-07,1.6512678113380425e-07,0.2133436424884493,0.003106078786275982,1.8310793414479178
dieterici,1.6666666666666667,102.65152674568489,2.2758720402060133,249.89454032464664,0.21494669338677352,1.3434168336673344,198.57733718920832,939.3267185402834,3.327834970874079,106.44808014327712,495.2301357422383,0.11332380740611506,3.278690286854095e-06,7.047436357986196e-07,0.21494598864313771,0.0064168104264314,1.840010081392115
dieterici,1.6666666666666667,102.65152674568489,2.2758720402060133,249.89454032464664,0.2165495791583166,1.3534348697394787,200.08360918474153,940.1275254675295,3.500610810401554,110.09530860308449,508.40693863734197,0.11710678138940099,8.45150868686437e-06,1.8301706493933365e-06,0.2165477489876672,0.010340683581704537,1.8489783121654586
dieterici,1.6666666666666667,102.65152674568489,2.2758720402060133,249.89454032464664,0.2181524649298597,1.3634529058116232,201.5911817002053,940.9495744430153,3.679287339241,113.84738848544723,521.8707408236318,0.12099201867734297,1.6129023588862896e-05,3.518586252822293e-06,0.21814894634360688,0.014337957852874787,1.8579852861783974
dieterici,1.6666666666666667,102.65152674568489,2.2758720402060133,249.89454032464664,0.21975535070140279,1.3734709418837674,203.10008916684149,941.7933231130493,3.8640328421062122,117.70753496586921,535.6298929249136,0.1249823417486047,2.6311234992849662e-05,5.7820346732406986e-06,0.21974956866672954,0.018379902335917776,1.8670320775547764
dieterici,1.6666666666666667,102.65152674568489,2.2758720402060133,249.89454032464664,0.22135823647294586,1.3834889779559116,204.61036676438087,942.6592454691881,4.055021407596399,121.67913834026282,549.6932948105335,0.12908072447716745,3.916156829485846e-05,8.668735695264697e-06,0.2213495677372506,0.022505066174372583,1.876119576522432
dieterici,1.6666666666666667,102.65152674568489,2.2758720402060133,249.89454032464664,0.22296112224448894,1.3935070140280559,206.1220504438546,943.5478332800875,4.252433355629677,125.7657546408866,564.0703337641871,0.1332902797346085,5.47810259442631e-05,1.2214039022237365e-05,0.2229489082054667,0.026713544993410804,1.8852487606415351
dieterici,1.6666666666666667,102.65152674568489,2.2758720402060133,249.89454032464664,0.22456400801603202,1.4035250501002001,207.63517695254097,944.4595969796256,4.4564555544100415,129.97108650427438,578.7707818921522,0.13761423667028308,7.349645873313114e-05,1.650465934809683e-05,0.22454750335668391,0.031053067062024868,1.894420341720623
dieterici,1.6666666666666667,102.65152674568489,2.2758720402060133,249.89454032464664,0.22616689378757515,1.4135430861723446,209.14978386109746,945.3950657273664,4.6672815565614485,134.29895394919677,593.8046532811103,0.14205590743788163,9.498101586939502e-05,2.1481561327969454e-05,0.22614541222624718,0.035426918785974135,1.903635850335076
dieterici,1.6666666666666667,102.65152674568489,2.2758720402060133,249.89454032464664,0.22776977955911823,1.4235611222444888,210.66590959325848,946.3547864182522,4.885111493943242,138.75325210423702,609.182009890927,0.14661864038262862,0.00011982597599052985,2.7292736136819178e-05,0.2277424868229814,0.03993218846711301,1.9128956962977088
dieterici,1.6666666666666667,102.65152674568489,2.2758720402060133,249.89454032464664,0.2293726653306613,1.433579158316633,212.18359345822407,947.3393213020327,5.110151641362904,143.33789488354265,624.9127143241249,0.1513057588346883,0.0001480313390965357,3.3954342801039325e-05,0.22933871098786027,0.04453959080770875,1.9222010324077023
dieterici,1.6666666666666667,102.65152674568489,2.2758720402060133,249.89454032464664,0.23097555110220439,1.4435971943887773,213.7028756842249,948.3492445240896,5.342613707085889,148.05675579573426,641.0061804776066,0.15612049743344672,0.00017986153303282016,4.1543616714342976e-05,0.23093400748549003,0.049266255256508844,1.9315526942959806
dieterici,1.6666666666666667,102.65152674568489,2.2758720402060133,249.89454032464664,0.23257843687374746,1.4536152304609216,215.22379743524624,949.3851436936926,5.582715276190925,152.91374026672509,657.4716999656015,0.16106607658910324,0.00021531655779938314,5.0077988446016424e-05,0.23252835888530143,0.05409031841624917,1.9409518648334156
dieterici,1.6666666666666667,102.65152674568489,2.2758720402060133,249.89454032464664,0.23418132264529057,1.463633266533066,216.74640082970234,950.4476214671781,5.830680270551909,157.91283233834505,674.3186457168159,0.16614574940445392,0.0002546608412416323,5.9636812627927815e-05,0.23412168583266263,0.05902715546808013,1.950399406028372
dieterici,1.6666666666666667,102.65152674568489,2.2758720402060133,249.89454032464664,0.23578420841683365,1.4736513026052103,218.27072896435587,951.5372958676555,6.086739120893725,163.05809572356966,691.5564736859122,0.17136280041959445,0.0002982212341516352,7.03158576275345e-05,0.2357138925592061,0.06409433620962902,1.9598961092694962
dieterici,1.6666666666666667,102.65152674568489,2.2758720402060133,249.89454032464664,0.23738709418837672,1.4836693386773545,219.79682593914612,952.6548004173094,6.351128896526944,168.35366837010895,709.1946971494295,0.17672053748783065,0.00034567088573732427,8.20578071107058e-05,0.23730503638126602,0.06923906245424583,1.9694436264567612
dieterici,1.6666666666666667,102.65152674568489,2.2758720402060133,249.89454032464664,0.2389899799599198,1.4936873747494988,221.324736882158,953.8007842499362,6.624093431490053,173.8037566619843,727.242860521317,0.18222228323985143,0.0003976010746361747,9.502267285934197e-05,0.23889495728706045,0.07450799386229787,1.9790424362505352
dieterici,1.6666666666666667,102.65152674568489,2.2758720402060133,249.89454032464664,0.24059286573146288,1.503705410821643,222.8545079747162,954.9759121834205,6.905883442010776,179.41262874793964,745.7105105859232,0.1878713656114503,0.00045454065653900157,0.000109359239148179,0.2404835064923147,0.07993091852764957,1.9886930986240166
dieterici,1.6666666666666667,102.65152674568489,2.2758720402060133,249.89454032464664,0.242195751503006,1.5137234468937875,224.38618647659658,956.1808647461208,7.196756633384297,185.1846063592274,764.6071626360836,0.19367110678207983,0.0005163886289964311,0.0001250671320673976,0.24207068437093862,0.08547837652110815,1.9983970136468383
dieterici,1.6666666666666667,102.65152674568489,2.2758720402060133,249.89454032464664,0.2437986372745491,1.5237414829659317,225.91982075117994,957.4163381684423,7.496977798675147,191.12405575601906,783.9422643728251,0.19962481120976422,0.0005832459944578372,0.0001421945786446599,0.24365644269590442,0.09114305436542866,2.00815533542634
dieterici,1.6666666666666667,102.65152674568489,2.2758720402060133,249.89454032464664,0.24540152304609217,1.533759519038076,227.4554602906327,958.6830442880657,7.806818896122877,197.2353762373745,803.7251512914575,0.2057357511562592,0.0006552761783192537,0.00016080577217536754,0.2452407172739168,0.09692371227109248,2.0179691514820393
dieterici,1.6666666666666667,102.65152674568489,2.2758720402060133,249.89454032464664,0.24700440881763525,1.5437775551102202,228.99315574081956,959.9817104121921,8.126559115286284,203.52298765711149,823.9649997801199,0.21200715122970812,0.0007334358895129368,0.0001811618982947794,0.24682324691934046,0.10287492983701815,2.027838483870449
dieterici,1.6666666666666667,102.65152674568489,2.2758720402060133,249.89454032464664,0.24860729458917832,1.5537955911823644,230.53295892595364,961.3130790953808,8.456484921141765,209.9913157645156,844.6707732833208,0.2184421707464155,0.000817460700193479,0.00020322669310807623,0.24840406789607025,0.10895900622514307,2.037765014237941
dieterici,1.6666666666666667,102.65152674568489,2.2758720402060133,249.89454032464664,0.2502101803607214,1.5638136272545087,232.07492287282534,962.6779078258439,8.796890073561002,216.64477544406213,865.8511621378918,0.2250438840269459,0.0009073506103608809,0.00022702835986880665,0.24998315200085258,0.11516199704939419,2.0477500915829583
dieterici,1.6666666666666667,102.65152674568489,2.2758720402060133,249.89454032464664,0.2518130661322645,1.5738316633266531,233.61910183448813,964.0769686348543,9.14807562495352,223.48775144814238,887.5145157509646,0.2318152582408477,0.001004225754343432,0.0002528771662902059,0.2515601889659743,0.12154021531791366,2.0577935253671926
dieterici,1.6666666666666667,102.65152674568489,2.2758720402060133,249.89454032464664,0.2534159519038076,1.5838496993987976,235.16555131316937,965.5110475751559,9.51034988173123,230.52457700707626,909.6687689754411,0.23875912925701878,0.0011083505599865403,0.00028087371220210735,0.2531350781916055,0.128090368532136,2.0678963016782075
dieterici,1.6666666666666667,102.65152674568489,2.2758720402060133,249.89454032464664,0.25501883767535066,1.5938677354709416,236.7143280823051,966.9809441105576,9.884028338982546,237.75950941585393,932.3213594069134,0.24587817460513495,0.0012194605994447984,0.00031098542466129886,0.25470785225068937,0.13478028130081585,2.0780601663535596
dieterici,1.6666666666666667,102.65152674568489,2.2758720402060133,249.89454032464664,0.25662172344689377,1.603885771543086,238.26549020748905,968.4874703423817,10.269433568495344,245.19670242184026,955.4791353140536,0.25317488344496375,0.0013382481538050548,0.00034342354762907694,0.2562782998992647,0.1416336460152745,2.0882855327983263
dieterici,1.6666666666666667,102.65152674568489,2.2758720402060133,249.89454032464664,0.2582246092184369,1.6139038076152303,239.819097066029,970.03145011888,10.666895070512425,252.8401759129831,979.1482565439804,0.26065152411501386,0.0014649776509127175,0.0003782932814206801,0.2578463159370162,0.1486484562460314,2.098573421059148
dieterici,1.6666666666666667,102.65152674568489,2.2758720402060133,249.89454032464664,0.2598274949899799,1.6239218436873746,241.37520936500368,971.6137179580328,11.076749069932845,260.69378140690515,1003.3340829343662,0.2683101078016741,0.0016005047972506691,0.00041585515218908704,0.25941163983779086,0.15585165277253876,2.1089240019103483
dieterici,1.6666666666666667,102.65152674568489,2.2758720402060133,249.89454032464664,0.26143038076152303,1.6339398797595188,242.93388915739516,973.2351178119841,11.499338262677554,268.7611644714825,1028.0410550931592,0.2761523495737682,0.0017449930182149432,0.0004561941891781319,0.2609741865723449,0.16323342798240983,2.119338440247566
dieterici,1.6666666666666667,102.65152674568489,2.2758720402060133,249.89454032464664,0.2630332665330661,1.643957915831663,244.49519985611462,974.896501626774,11.935011498434307,277.04572273497354,1053.2725627697207,0.28417962550145326,0.0018984616035568965,0.0004993585569711732,0.2625339079760949,0.1707787784986566,2.12981812662222
dieterici,1.6666666666666667,102.65152674568489,2.2758720402060133,249.89454032464664,0.2646361523046092,1.6539759519038073,246.05920624555296,976.5987276846354,12.384123394485755,285.5505596657804,1079.0308020239718,0.29239292615379153,0.0020623575383968877,0.0005457743636377577,0.26409037794097145,0.17853655680471564,2.140362344236292
dieterici,1.6666666666666667,102.65152674568489,2.2758720402060133,249.89454032464664,0.2662390380761523,1.6639939879759518,247.62597449026714,978.3426587230538,12.847033877024046,294.2784341217827,1105.316621665416,0.3007928065877031,0.002236272259244832,0.0005953829751777279,0.26564365510097454,0.1864709760461072,2.1509731103972682
dieterici,1.6666666666666667,102.65152674568489,2.2758720402060133,249.89454032464664,0.2678419238476954,1.6740120240480962,249.1955721404595,980.129159801028,13.324107639873091,303.231705033415,1132.1293570376365,0.30937933230654296,0.0024215903282744262,0.0006486034122959945,0.2671933204353994,0.1946231750878211,2.161649763757574
dieterici,1.6666666666666667,102.65152674568489,2.2758720402060133,249.89454032464664,0.26944480961923845,1.6840300601202403,250.76806813378596,981.9590958733387,13.815713507685302,312.4122714456565,1159.4666525109049,0.31815202156440336,0.0026184365913789927,0.0007055241488641604,0.2687392854703743,0.2029795192500733,2.172393513673619
dieterici,1.6666666666666667,102.65152674568489,2.2758720402060133,249.89454032464664,0.27104769539078155,1.6940480961923847,252.3435327930762,983.8333290890412,14.322223705148787,321.821507427155,1187.3242713359748,0.32710978365119886,0.0028272150583560245,0.0007663101259415145,0.27028138526484,0.2115384474135969,2.183205147811665
dieterici,1.6666666666666667,102.65152674568489,2.2758720402060133,249.89454032464664,0.27265058116232466,1.704066132264529,253.92203781941762,985.7527157654404,14.84401301636953,331.46019224195925,1215.6958948296606,0.3362508537291518,0.0030485794307896575,0.000831196953524309,0.27181938420880036,0.22030742395633857,2.194085057570925
dieterici,1.6666666666666667,102.65152674568489,2.2758720402060133,249.89454032464664,0.2742534669338677,1.7140841683366732,255.50365628012537,987.718103019103,15.381457826206713,341.3284353873489,1244.572909882869,0.34557272398271255,0.00328391427085359,0.0009006248738952014,0.2733528420599725,0.22931822504098331,2.2050324620192923
dieterici,1.6666666666666667,102.65152674568489,2.2758720402060133,249.89454032464664,0.2758563527054108,1.7241022044088175,257.0884625910087,989.7303250414597,15.934935036869092,351.4255968370572,1273.9441864960324,0.3550720715992369,0.0035326907228570067,0.0009745151780435751,0.2748818375273672,0.23853366036271706,2.216049546975137
dieterici,1.6666666666666667,102.65152674568489,2.2758720402060133,249.89454032464664,0.27745923847695386,1.7341202404809617,258.6765324923503,991.790198992851,16.50482084911266,361.7502025743271,1303.7958460495615,0.3647446838471275,0.003797024209563167,0.001053519445663954,0.2764057190312899,0.24800739916661607,2.2271343038181652
dieterici,1.6666666666666667,102.65152674568489,2.2758720402060133,249.89454032464664,0.27906212424849697,1.744138276553106,260.2679430179416,993.8985204939304,17.09148939853293,372.2998560815048,1334.111023070914,0.37458538110760614,0.004076510721174577,0.0011375997413727496,0.27792452450712424,0.25770647165497906,2.2382886768310057
dieterici,1.6666666666666667,102.65152674568489,2.2758720402060133,249.89454032464664,0.2806650100200401,1.7541563126252504,261.8627724565628,996.056058710421,17.695311241919114,383.0711458424028,1364.8696209586321,0.38458793809091363,0.004372409973971615,0.0012271824891564665,0.2794378275308836,0.26765264991021487,2.2495119231007576
dieterici,1.6666666666666667,102.65152674568489,2.2758720402060133,249.89454032464664,0.2822678957915831,1.7641743486973944,263.4611003051941,998.2635510036458,18.316651682038696,394.05954985061925,1396.048065422145,0.3947450044173556,0.004685904525229231,0.0013226804102167123,0.2809452153813664,0.2778624936144684,2.2608033495077486
dieterici,1.6666666666666667,102.65152674568489,2.2758720402060133,249.89454032464664,0.28387078156312623,1.7741923847695389,265.06300721329455,1000.5216971389953,18.95586892441753,405.25933769944663,1427.619057755426,0.4050480253034901,0.005016994374947424,0.0014241781143141331,0.2824466034488121,0.288316309831439,2.272164153272475
dieterici,1.6666666666666667,102.65152674568489,2.2758720402060133,249.89454032464664,0.28547366733466933,1.7842104208416834,266.66857491737017,1002.8311530675309,19.61331206627301,416.66347200231144,1459.5513340774944,0.4154871642427459,0.005367064085299893,0.0015321554672507532,0.28394151186741856,0.2990350428874592,2.2835931984467495
dieterici,1.6666666666666667,102.65152674568489,2.2758720402060133,249.89454032464664,0.2870765531062124,1.7942284569138274,268.2778861652346,1005.1925242472437,20.289318903796982,428.26350935343555,1491.8094310369781,0.42605122802136663,0.0057374982184603355,0.0016471012120086274,0.28542945189420377,0.31003688790446665,2.295089247802246
dieterici,1.6666666666666667,102.65152674568489,2.2758720402060133,249.89454032464664,0.2886794388777555,1.8042464929859718,269.89102462914934,1007.6063585517948,20.984213567241284,440.04950352410225,1524.3534670664442,0.43672759683312584,0.006128460199824784,0.001769160451670076,0.2869102784260854,0.3213056202667881,2.306653050360487
dieterici,1.6666666666666667,102.65152674568489,2.2758720402060133,249.89454032464664,0.2902823246492986,1.814264529058116,271.50807480723853,1010.0731387541772,21.698303976137538,452.00991197890454,1557.1389423210503,0.4475021606221634,0.006541334591566939,0.001898833811548921,0.28838349083774967,0.3328576382279449,2.3182832092663532
dieterici,1.6666666666666667,102.65152674568489,2.2758720402060133,249.89454032464664,0.29188521042084165,1.8242825651302603,273.1291219125117,1012.5932746318962,22.431879124148395,464.1315080651947,1590.1165646454215,0.4583592639738976,0.0069771405255657165,0.002036524130440531,0.2898486862904011,0.34469815613796323,2.329978846561836
dieterici,1.6666666666666667,102.65152674568489,2.2758720402060133,249.89454032464664,0.29348809619238475,1.8343006012024046,274.7542517489147,1015.1670947249685,23.185206199070592,476.3993011719791,1623.2321083976572,0.46928166175544367,0.007436608862410678,0.002182556177156326,0.2913055400152284,0.3568245869038749,2.3417394920557597
dieterici,1.6666666666666667,102.65152674568489,2.2758720402060133,249.89454032464664,0.2950909819639278,1.8443186372745488,276.38355057390766,1017.7948378004561,23.95852755044558,488.79646731674467,1656.4263132124302,0.4802504877830553,0.007921249010168841,0.0023374891487915146,0.2927534928151363,0.3692524590913335,2.3535631960549033
dieterici,1.6666666666666667,102.65152674568489,2.2758720402060133,249.89454032464664,0.2966938677354709,1.854336673346693,278.017104947146,1020.4766440887985,24.75205752127323,501.30429306180605,1689.6348309725215,0.4912452391396272,0.008432118680221838,0.0025017579044395314,0.2941921098310314,0.38198505473836497,2.3654486717296654
dieterici,1.6666666666666667,102.65152674568489,2.2758720402060133,249.89454032464664,0.298296753507014,1.8643547094188375,279.65500156498985,1023.2125463743178,25.565979166114175,513.9021354985914,1722.7882283556523,0.5022437784989715,0.00897007357905255,0.0026757438273504173,0.2956210096796636,0.39502053816187943,2.3773948734683064
dieterici,1.6666666666666667,102.65152674568489,2.2758720402060133,249.89454032464664,0.29989963927855706,1.8743727454909815,281.29732708067064,1026.0024610326948,26.400440881946338,526.567401561452,1755.8120537529496,0.5132223572168141,0.009536825119626745,0.0028600904132387427,0.2970395488653183,0.40837525455662826,2.3893990566479766
dieterici,1.6666666666666667,102.65152674568489,2.2758720402060133,249.89454032464664,0.30150252505010017,1.884390781563126,282.9441679101481,1028.8461791422883,27.25555298939952,539.2755495830917,1788.6269758221135,0.5241556614737746,0.010132940737137946,0.003055107218430114,0.29844741783167006,0.42203969019848664,2.4014604149149963
dieterici,1.6666666666666667,102.65152674568489,2.2758720402060133,249.89454032464664,0.3031054108216433,1.8944088176352705,284.5956100239038,1031.7433577675138,28.131384294720135,552.0001158019058,1821.1489999652958,0.5350168834586186,0.010759929839653178,0.0032613929544601347,0.2998440178671831,0.43602408360076883,2.413576251934525
dieterici,1.6666666666666667,102.65152674568489,2.2758720402060133,249.89454032464664,0.3047082965931864,1.904426853707415,286.2517387250695,1034.6935115977205,29.027958689894263,564.7127689978079,1853.2897702872574,0.5457778198742229,0.011418484708259284,0.003479307025129033,0.3012289895680573,0.45032120912751444,2.425745230756007
dieterici,1.6666666666666667,102.65152674568489,2.2758720402060133,249.89454032464664,0.30631118236472943,1.914444889779559,287.91263841457317,1037.6960050628377,29.945251831380915,577.3833957699096,1884.9569621079336,0.556408999314733,0.012110845611612851,0.003709687438729827,0.3026014949259996,0.46495394563155873,2.4379628902539467
dieterici,1.6666666666666667,102.65152674568489,2.2758720402060133,249.89454032464664,0.30791406813627253,1.9244629258517032,289.5783923443048,1040.7500451228814,30.88318796249081,589.9802178737197,1916.0547663337488,0.5668798388608868,0.01283721455461262,0.00395275895704894,0.3039613091792236,0.47990448468372,2.4502284615991163
dieterici,1.6666666666666667,102.65152674568489,2.2758720402060133,249.89454032464664,0.3095169539078156,1.9344809619238474,291.24908235943894,1043.85467488793,31.841636934306337,602.4699440598015,1946.4844702472649,0.5771588311605576,0.013599302950224362,0.004209214824423014,0.3053077390833926,0.49518395581558783,2.462538084995791
dieterici,1.6666666666666667,102.65152674568489,2.2758720402060133,249.89454032464664,0.3111198396793587,1.9444989979959917,292.9247886314942,1047.0087682722003,32.82041149623558,614.8179564888442,1976.1451314788474,0.5872137608775062,0.01439812993032699,0.004479543875605909,0.3066402958037528,0.5107898232122228,2.4748890246499693
dieterici,1.6666666666666667,102.65152674568489,2.2758720402060133,249.89454032464664,0.3127227254509018,1.9545170340681361,294.6055893839267,1050.2110258483642,33.81926491796122,626.9885317403408,2004.9343418720605,0.5970119493211922,0.015234551201403386,0.004764190372724177,0.3079585350781776,0.5267167051455041,2.4872786694006623
dieterici,1.6666666666666667,102.65152674568489,2.2758720402060133,249.89454032464664,0.31432561122244485,1.9645350701402802,296.2915606122886,1053.459972088651,34.83788901285635,638.9450961683717,2032.749077249697,0.6065205257885233,0.01611051876082078,0.005063948656605656,0.3092616625658392,0.542977899602742,2.499701975440471
dieterici,1.6666666666666667,102.65152674568489,2.2758720402060133,249.89454032464664,0.31592849699398795,1.9745531062124246,297.9827758013963,1056.753954165382,35.8759126305265,650.650512754424,2059.486621008442,0.6157067216921879,0.01702595544957375,0.005378984515070433,0.31054951247891754,0.5595518926879661,2.5121577735515768
dieterici,1.6666666666666667,102.65152674568489,2.2758720402060133,249.89454032464664,0.317531382765531,1.9845711422845687,299.6793056420696,1060.091142454799,36.93290067909419,662.0673970166412,2085.0455512471967,0.6245381840315404,0.01798301526992826,0.005710171704953979,0.31182121106057703,0.5764546480343578,2.5246401152641873
dieterici,1.6666666666666667,102.65152674568489,2.2758720402060133,249.89454032464664,0.3191342685370741,1.9945891783567131,301.3812177502879,1063.4695328747405,38.008353735156334,673.1584577273211,2109.3267758837364,0.6329833031583504,0.01898162106287888,0.0060576857535497705,0.31307658278352435,0.5936655877847108,2.537147410827314
dieterici,1.6666666666666667,102.65152674568489,2.2758720402060133,249.89454032464664,0.3207371543086172,2.0046072144288574,303.08857639177023,1066.8869511528485,39.10170828999111,683.886857307368,2132.2345980825276,0.6410115491321539,0.020023724825792844,0.006422352519283608,0.3143148017893336,0.611196709845959,2.54967360366226
dieterici,1.6666666666666667,102.65152674568489,2.2758720402060133,249.89454032464664,0.3223400400801603,2.014625250501002,304.8014422150876,1070.3410590900328,40.212337671434796,694.2165860050095,2153.6777926576233,0.6485938104581437,0.02110912455377141,0.0068043160547197725,0.31553572402544056,0.6290267057856237,2.562216939725897
dieterici,1.6666666666666667,102.65152674568489,2.2758720402060133,249.89454032464664,0.3239429258517034,2.0246432865731463,306.5198719965237,1073.8293628377282,41.33955366660041,704.1128426085369,2173.5706706892865,0.6557027279900698,0.022239570239283045,0.0072043514529978175,0.3167385743987056,0.6471643211733443,2.5747712703776715
dieterici,1.6666666666666667,102.65152674568489,2.2758720402060133,249.89454032464664,0.3255458116232465,2.0346613226452903,308.24391839980285,1077.349223161832,42.482608856089826,713.5424148115892,2191.8341116222696,0.6623130174238829,0.023414859877429008,0.007622609562842215,0.31792320206040425,0.665589694279836,2.5873344169833183
dieterici,1.6666666666666667,102.65152674568489,2.2758720402060133,249.89454032464664,0.3271486973947896,2.044679358717435,309.9736297538431,1080.8978676311629,43.64069965849751,722.4740506648405,2208.3965377767913,0.668401772545056,0.024635685749296143,0.008059532502309614,0.31908916489247996,0.6842969533138421,2.5999020616251705
dieterici,1.6666666666666667,102.65152674568489,2.2758720402060133,249.89454032464664,0.32875158316633263,2.054697394789579,311.70904985142505,1084.4724046044719,44.81297006249474,730.8788134992087,2223.19481007463,0.6739487426291629,0.025903307571164838,0.00851575337326489,0.32023582979306775,0.7032882533713587,2.6124683715678474
dieterici,1.6666666666666667,102.65152674568489,2.2758720402060133,249.89454032464664,0.33035446893787573,2.0647154308617233,313.4502177715168,1088.0698388525948,45.9985160099522,738.7304121172368,2236.1750228242186,0.6789365771743587,0.027216955902942812,0.008991243013422254,0.3213632259244535,0.7225386284801425,2.6250318447486016
dieterici,1.6666666666666667,102.65152674568489,2.2758720402060133,249.89454032464664,0.33195735470941884,2.0747334669338677,315.19716772764394,1091.687088605734,47.19639037634249,746.0054989658527,2247.293179025582,0.6833510323169854,0.028577563610118366,0.009486532420055042,0.3224708222893638,0.7420471315962165,2.637586965174564
dieterici,1.6666666666666667,102.65152674568489,2.2758720402060133,249.89454032464664,0.3335602404809619,2.0847515030060118,316.9499289443872,1095.3210037759475,48.40560847896643,752.683929066339,2256.51572855638,0.6871811336325873,0.029984890108290058,0.010001767155316447,0.32355847332564547,0.7617979657698414,2.650130689649257
dieterici,1.6666666666666667,102.65152674568489,2.2758720402060133,249.89454032464664,0.335163126252505,2.094769539078156,318.70852556360984,1098.968385081695,49.62515403303786,758.7489741524984,2263.819957273201,0.6904192918125616,0.03143917598185933,0.010537252508882641,0.32462587374362234,0.7817825117489215,2.662658701190639
dieterici,1.6666666666666667,102.65152674568489,2.2758720402060133,249.89454032464664,0.33676601202404804,2.1047875751503002,320.4729765816122,1102.6260037539691,50.853985456625026,764.1874870088496,2269.194217123906,0.6930613684124252,0.032940219225927436,0.011093146263913457,0.3256728657601346,0.8019874260625264,2.6751675504513424
dieterici,1.6666666666666667,102.65152674568489,2.2758720402060133,249.89454032464664,0.33836889779559115,2.1148056112224447,322.24329581786714,1106.29062152711,52.09104242986058,768.9900129772858,2272.637993583657,0.6951066907859902,0.034487490984803575,0.011669494312263372,0.32669940348332777,0.8223965145121592,2.6876544379244582
dieterici,1.6666666666666667,102.65152674568489,2.2758720402060133,249.89454032464664,0.33997178356713426,2.124823647294589,324.01949191557657,1109.9590105659097,53.33525259292736,773.1508459269437,2274.1618078262354,0.6965580157169541,0.03608152011417856,0.012266698747030715,0.3277050848201035,0.843007079947036,2.7001138933810145
dieterici,1.6666666666666667,102.65152674568489,2.2758720402060133,249.89454032464664,0.3415746693386773,2.134841683366733,325.8015683736356,1113.6279730326978,54.58553828130965,776.6680293149005,2273.7869608967417,0.6974214442547021,0.037720758626482644,0.012884455655044869,0.32869021368363244,0.8637929907649182,2.712545350960001
dieterici,1.6666666666666667,102.65152674568489,2.2758720402060133,249.89454032464664,0.3431775551102204,2.1448597194388777,327.5895236092694,1117.2943599660648,55.84082318232322,779.5433023993129,2271.5451252309967,0.697706289704165,0.03940484109142105,0.013522857025260624,0.3296546980849598,0.8847432761038619,2.7249453272946025
dieterici,1.6666666666666667,102.65152674568489,2.2758720402060133,249.89454032464664,0.34478044088176346,2.1548777555110217,329.38335104999976,1120.9550892071536,57.10003881549915,781.7819948789155,2267.4777979851074,0.6974249034650142,0.04113344065820172,0.014182005805118645,0.3305984350766448,0.9058481800167535,2.73731014774761
dieterici,1.6666666666666667,102.65152674568489,2.2758720402060133,249.89454032464664,0.34638332665330657,2.164895791583166,331.1830392532717,1124.607162121735,58.36213074058929,783.3928733755241,2261.6356305152594,0.6965924633607522,0.04290570162034178,0.014861819659648152,0.3315215069936584,0.9270929799212199,2.7496373880574883
dieterici,1.6666666666666667,102.65152674568489,2.2758720402060133,249.89454032464664,0.34798621242484973,2.1749138276553106,332.9885720516628,1128.2476788859722,59.62606440099478,784.387944751855,2254.07765234736,0.6952267302923743,0.04472076827135832,0.015562210767479375,0.33242400165737035,0.9484640093472171,2.7619245963905175
dieterici,1.6666666666666667,102.65152674568489,2.2758720402060133,249.89454032464664,0.3495890981963927,2.1849318637274546,334.7999287213005,1131.8738521897408,60.89083053778808,784.7822221062959,2244.8704097329137,0.6933477795145139,0.04657738089497098,0.016282944583422797,0.33330615361296995,0.9699444024505413,2.7741703470551062
dieterici,1.6666666666666667,102.65152674568489,2.2758720402060133,249.89454032464664,0.3511919839679359,2.194949899799599,336.61708417084816,1135.4830192095694,62.15545010726237,784.5934600884581,2234.0870404379507,0.6909777132859529,0.04847403008311274,0.01702369079580977,0.3341682931721261,0.9915159475781724,2.7863738979112704
dieterici,1.6666666666666667,102.65152674568489,2.2758720402060133,249.89454032464664,0.3527948697394789,2.204967935871743,338.4400091482842,1139.0726517756264,63.41897865870067,783.8418662440824,2221.8063058085563,0.6881403613915252,0.05041071583578359,0.017784641926759156,0.3350102278127197,1.0131766754332032,2.7985305913017187
dieterici,1.6666666666666667,102.65152674568489,2.2758720402060133,249.89454032464664,0.35439775551102204,2.2149859719438876,340.2686704625827,1142.640364695789,64.68051014190058,782.549795362029,2208.1116011404624,0.6848609759820372,0.05238552473511903,0.018565312387393312,0.3358324431236287,1.0349060385545514,2.810640785666864
dieterici,1.6666666666666667,102.65152674568489,2.2758720402060133,249.89454032464664,0.35600064128256514,2.225004008016032,342.1030312173368,1146.183922228819,65.93918012388855,780.7414340172828,2193.0899652441694,0.681165927104515,0.054397072218945366,0.01936539259383856,0.3366352486887266,1.0566899274266937,2.8227035418808724
dieterici,1.6666666666666667,102.65152674568489,2.2758720402060133,249.89454032464664,0.3576035270541082,2.235022044088176,343.9430510534173,1149.7012427573936,67.1941684151181,778.4424820474705,2176.831108071499,0.6770824046258207,0.056444704585678435,0.020184825443365802,0.3374187016107424,1.0785220250160545,2.834716016716355
dieterici,1.6666666666666667,102.65152674568489,2.2758720402060133,249.89454032464664,0.3592064128256513,2.2450400801603205,345.7886863978992,1153.1904017262925,68.44470111117408,775.6798363409184,2159.4264708113983,0.6726381308583113,0.05852630641255501,0.021023024582388798,0.3381833882432625,1.100382831138162,2.846679382832686
dieterici,1.6666666666666667,102.65152674568489,2.2758720402060133,249.89454032464664,0.36080929859719435,2.2550581162324645,347.63989071648245,1156.6496329492875,69.69005207065226,772.4812834409981,2140.9683354735052,0.6678610889896569,0.060640695142300124,0.0218797266807396,0.33892957191645473,1.1222625679124234,2.8585924032556163
dieterici,1.6666666666666667,102.65152674568489,2.2758720402060133,249.89454032464664,0.36241218436873746,2.265076152304609,349.49661476693564,1160.0773284029697,70.9295438562338,768.8752052344262,2121.5489942030526,0.6627792703206301,0.0627870150684309,0.022754779280942876,0.3396574050877946,1.1441549579160504,2.8704530121372596
dieterici,1.6666666666666667,102.65152674568489,2.2758720402060133,249.89454032464664,0.36401507014028056,2.2750941883767535,351.35880685123476,1163.47203665417,72.16254817768805,764.8903017301238,2101.25998749271,0.657420442978364,0.06496315076818407,0.023647565883414146,0.3403675042568664,1.166042928546882,2.8822627426426117
dieterici,1.6666666666666667,102.65152674568489,2.2758720402060133,249.89454032464664,0.3656179559118236,2.2851122244488975,353.2264130643134,1166.8324600612252,73.3884858748363,760.5553341235044,2080.1914179152845,0.6518119440074517,0.06716812168918343,0.02455787135443587,0.34106008455738773,1.1879202669498343,2.8940200968566905
dieterici,1.6666666666666667,102.65152674568489,2.2758720402060133,249.89454032464664,0.3672208416833667,2.295130260521042,355.0993775375755,1170.1574509130883,74.60682648879168,755.8988904418948,2058.4313433213647,0.645980495917073,0.0694005432692553,0.02548532591261884,0.3417355157707479,1.2097776077467235,2.9057248148305685
dieterici,1.6666666666666667,102.65152674568489,2.2758720402060133,249.89454032464664,0.36882372745490977,2.305148296593186,356.9776426755654,1173.44600666141,75.81708746837467,750.9491754050576,2036.0652515146664,0.6399520481914589,0.07165830008563637,0.026429281340666886,0.34239444611424286,1.2315998995355433,2.9173788711621182
dieterici,1.6666666666666667,102.65152674568489,2.2758720402060133,249.89454032464664,0.37042661322645287,2.3151663326653305,358.8611493844473,1176.6972643903832,77.01883305651438,745.7338253058539,2013.1756161104022,0.6337516435820045,0.07394073843674256,0.027389617318585555,0.3430369959078673,1.2533850585186683,2.9289801932118693
dieterici,1.6666666666666667,102.65152674568489,2.2758720402060133,249.89454032464664,0.372029498997996,2.325184368737475,360.7498372912151,1179.9104946882323,78.21167291012557,740.2797477706722,1989.8415307509256,0.6274033082198123,0.0762464737604002,0.02836593743344553,0.34366356156455047,1.2751250503653841,2.9405289177127547
dieterici,1.6666666666666667,102.65152674568489,2.2758720402060133,249.89454032464664,0.373632384769539,2.335202404809619,362.64364495271525,1183.0850950494118,79.39526049589324,734.6129864609978,1966.138419489831,0.6209299648309038,0.07857375606414069,0.029357699858544913,0.3442746849109941,1.296809256797804,2.9520264015323967
dieterici,1.6666666666666667,102.65152674568489,2.2758720402060133,249.89454032464664,0.37523527054108213,2.3452204408817634,364.54251005383514,1186.2205829368659,80.56929130587986,728.7586097711903,1942.137818548705,0.6143533675388745,0.08092123936529316,0.030364503145755447,0.3448707673953267,1.3184307887927749,2.9634729773445216
dieterici,1.6666666666666667,102.65152674568489,2.2758720402060133,249.89454032464664,0.3768381563126252,2.3552384769539074,366.44636959444045,1189.316588632701,81.73350093792749,722.7406217150829,1917.9072225252496,0.6076940560847489,0.08328753910168385,0.03138592267889422,0.34545223363373095,1.339982744090988,2.9748692371151377
dieterici,1.6666666666666667,102.65152674568489,2.2758720402060133,249.89454032464664,0.3784410420841683,2.365256513026052,368.35516006471545,1192.3728479618014,82.88766307081625,716.5818943863516,1893.5099915166657,0.6009713283988732,0.08567106870624036,0.03242144851765398,0.3460195935665143,1.3614569312583382,2.9862165325635397
dieterici,1.6666666666666667,102.65152674568489,2.2758720402060133,249.89454032464664,0.38004392785571145,2.3752745490981964,370.268817608835,1195.38919500771,84.03158737817216,710.3041196095598,1869.0053110892904,0.5942032290203012,0.0880715013281706,0.033471039296907465,0.34657288855880397,1.382855176048184,2.997512552462016
dieterici,1.6666666666666667,102.65152674568489,2.2758720402060133,249.89454032464664,0.38164681362725444,2.3852925851703404,372.18727817699903,1198.3655548767053,85.16511740235228,703.9277778617703,1844.4481985097357,0.5874065513625302,0.09048696212911275,0.034534060771385926,0.3471127528558685,1.4041673914231965,3.008759789429743
dieterici,1.6666666666666667,102.65152674568489,2.2758720402060133,249.89454032464664,0.3832496993987976,2.395310621242485,374.1104776659052,1201.301936587999,86.28812841863885,697.472123426289,1819.8895511735848,0.580596852617491,0.09291675882798,0.03561031988993391,0.3476393795088637,1.425392770765172,3.019957285001716
dieterici,1.6666666666666667,102.65152674568489,2.2758720402060133,249.89454032464664,0.3848525851703406,2.405328657314629,376.038352047985,1204.1984261505445,87.40052531410754,690.9551827172911,1795.3762280470733,0.5737884784703334,0.09535877600200907,0.036699071463052624,0.348153513707288,1.44651992672597,3.0311085988132005
dieterici,1.6666666666666667,102.65152674568489,2.2758720402060133,249.89454032464664,0.38645547094188376,2.4153466933867733,377.9708374896816,1207.0551798598428,88.50224049589411,684.3937646455325,1770.9511602397615,0.5669945964897818,0.09781235994961582,0.03780012162826583,0.3486553493136179,1.4675486293070112,3.0422129367275828
dieterici,1.6666666666666667,102.65152674568489,2.2758720402060133,249.89454032464664,0.38805835671342687,2.425364729458918,379.9078704591545,1209.8724178641103,89.59323185009265,677.8034811971168,1746.6534851552256,0.5602272365161447,0.10027665496431737,0.0389131939421723,0.34914516277125457,1.4884771186598325,3.05327023557744
dieterici,1.6666666666666667,102.65152674568489,2.2758720402060133,249.89454032464664,0.3896612424849699,2.435382765531062,381.84938782388076,1212.6504180155482,90.67348075997592,671.1987762534892,1722.5186984804598,0.5534973363155047,0.10275076676012809,0.04003799144203486,0.34962325104293507,1.5093033615913416,3.064280667384183
dieterici,1.6666666666666667,102.65152674568489,2.2758720402060133,249.89454032464664,0.391264128256513,2.4454008016032063,383.79532693863,1215.389510026662,91.74299019406243,664.5929611424276,1698.5788196425715,0.5468147911922067,0.10523282049868626,0.04117382777639259,0.3500903004801204,1.530018394700401,3.075247648284636
dieterici,1.6666666666666667,102.65152674568489,2.2758720402060133,249.89454032464664,0.39286701402805607,2.4554188376753503,385.745625724287,1218.0900699551366,92.80178287621351,657.998255855993,1674.8625676397533,0.5401885066514233,0.10772281617999183,0.04232074113532656,0.3505462728927295,1.5506267006325123,3.0861687724416633
dieterici,1.6666666666666667,102.65152674568489,2.2758720402060133,249.89454032464664,0.3944698997995992,2.4654368737474948,387.70022273806677,1220.752515008908,93.84989953760584,651.4258344416485,1651.3955431646102,0.533626452890736,0.11021920581647507,0.04347815907441632,0.35099174072518285,1.5711217654304197,3.097046677474617
dieterici,1.6666666666666667,102.65152674568489,2.2758720402060133,249.89454032464664,0.3960727855711423,2.4754549098196392,389.65905723567647,1223.3772986855977,94.88739725922755,644.8858729537427,1628.2004127696089,0.5271357198197245,0.11272162397784122,0.04464596760300644,0.35142681796813585,1.5915053874011962,3.1078803263695245
dieterici,1.6666666666666667,102.65152674568489,2.2758720402060133,249.89454032464664,0.39767567134268533,2.4854729458917832,391.62206922587467,1225.9649062297356,95.9143479016077,638.38760011586,1605.2970953954791,0.5207225727848294,0.11522835925112446,0.04582351512290705,0.3518521562197783,1.6117700741364012,3.11867315492689
dieterici,1.6666666666666667,102.65152674568489,2.2758720402060133,249.89454032464664,0.39927855711422844,2.4954909819639277,393.58919951804603,1228.5158504195676,96.9308366294382,631.9393484608589,1582.702945603135,0.514392507223278,0.11773920963142612,0.047010741737405486,0.35226781537682295,1.6319187148787173,3.1294238141477213
dieterici,1.6666666666666667,102.65152674568489,2.2758720402060133,249.89454032464664,0.4008814428857715,2.5055090180360717,395.56038976321366,1231.030667659057,97.9369605245837,625.5486063728416,1560.4329346596558,0.5081503026747437,0.12025319456636993,0.048207274149389794,0.3526741687363817,1.651948828199386,3.140133589394416
dieterici,1.6666666666666667,102.65152674568489,2.2758720402060133,249.89454032464664,0.4024843286573146,2.515527054108216,397.5355824890365,1233.5099143776342,98.93282729138718,619.2220697024732,1538.4998262371964,0.5020000751391616,0.12276974662076237,0.04941289904808616,0.35307142960922844,1.6718606864337826,3.150802511347938
dieterici,1.6666666666666667,102.65152674568489,2.2758720402060133,249.89454032464664,0.4040872144288577,2.5255450901803607,399.51472112924347,1235.9541637072334,99.91855404496084,612.9656927474607,1516.9143463592004,0.4959453277044479,0.12528804866762333,0.05062729858732707,0.35345991584153064,1.6916528518883136,3.161431532388116
dieterici,1.6666666666666667,102.65152674568489,2.2758720402060133,249.89454032464664,0.40569010020040075,2.5355631262525047,401.4977500479643,1238.3640024468073,100.89426618925023,606.7847381238186,1495.6853465837153,0.48998899913507654,0.12780736984636318,0.05185018467932075,0.35383991552108,1.7113244335959483,3.17202141932355
dieterici,1.6666666666666667,102.65152674568489,2.2758720402060133,249.89454032464664,0.40729298597194386,2.545581162324649,403.4846145593872,1240.7400282839885,101.8600963753126,600.6838252039458,1474.8199598146864,0.48413351025252604,0.13032669102510305,0.053081147139457156,0.3542118388324867,1.7308726560360186,3.1825740099045903
dieterici,1.6666666666666667,102.65152674568489,2.2758720402060133,249.89454032464664,0.4088958717434869,2.555599198396793,405.47526094316817,1243.0828472584656,102.81618353595792,594.6669766077202,1454.3237476869742,0.47838080777899694,0.13284617562923895,0.05432025279170603,0.35457561895178086,1.750302312161444,3.193087240813778
dieterici,1.6666666666666667,102.65152674568489,2.2758720402060133,249.89454032464664,0.41049875751503,2.5656172344689376,407.46963645592876,1245.393071467151,103.76267199916367,588.7376633298817,1434.200841176299,0.47273240619229706,0.13536464110149593,0.05556701698363204,0.354931740531398,1.7696094676914136,3.203563675613743
dieterici,1.6666666666666667,102.65152674568489,2.2758720402060133,249.89454032464664,0.41210164328657317,2.575635270541082,409.467689339292,1247.6713169796756,104.69971066955526,582.8988470103465,1414.4540709948149,0.46718942647604506,0.13788208744187402,0.05682143481457926,0.35528020847199393,1.7887976705989561,3.214001944388817
dieterici,1.6666666666666667,102.65152674568489,2.2758720402060133,249.89454032464664,0.41370452905811617,2.585653306613226,411.4693688246859,1249.9182019562286,105.627452276783,577.1530208719016,1395.0850917342136,0.4617526330671943,0.14039725493409277,0.05808298023356113,0.35562154882455504,1.807862467137007,3.2244050630337324
dieterici,1.6666666666666667,102.65152674568489,2.2758720402060133,249.89454032464664,0.4153074148296593,2.5956713426853706,413.47462513530377,1252.1343449611982,106.54605268996033,571.50224823087,1376.0944972900975,0.4564224681885713,0.14291018215765494,0.05935165830473138,0.35595575652492795,1.8268074951389117,3.234771674360239
dieterici,1.6666666666666667,102.65152674568489,2.2758720402060133,249.89454032464664,0.4169103006012023,2.6056893787575146,415.48340948551936,1254.3203634459285,107.45567028893208,565.9481984070732,1357.4819273857036,0.4511990835038932,0.14541984998068164,0.06062703336882773,0.3562832672323746,1.8456297534432171,3.2451041413736483
dieterici,1.6666666666666667,102.65152674568489,2.2758720402060133,249.89454032464664,0.4185131863727455,2.615707414829659,417.49567407796593,1256.4768723949132,108.35646539169073,560.4921810504311,1339.2461678644293,0.4460823699700119,0.1479265852539649,0.061909226543876435,0.35660395982886905,1.8643344512993218,3.255400224377421
dieterici,1.6666666666666667,102.65152674568489,2.2758720402060133,249.89454032464664,0.4201160721442886,2.6257254509018035,419.5113720985965,1258.6044831263016,109.24859973561792,555.135177833345,1321.3852424162535,0.44107198510402645,0.15042916684072705,0.0631977107090641,0.3569183614352245,1.8829172631449635,3.265663141358654
dieterici,1.6666666666666667,102.65152674568489,2.2758720402060133,249.89454032464664,0.42171895791583164,2.6357434869739476,421.53045770989695,1260.7038022205531,110.1322360030814,549.8778725266501,1303.8964983793708,0.436167378537383,0.15292763332047082,0.06449248216044337,0.35722647575538824,1.9013814762608146,3.2758917785963555
dieterici,1.6666666666666667,102.65152674568489,2.2758720402060133,249.89454032464664,0.42332184368737474,2.645761523046092,423.55288604252166,1262.7754305854455,111.0075373960276,544.7206786484685,1286.7766848590677,0.4313678152543134,0.15542158068339873,0.06579335008370242,0.35752849360367234,1.919727606049257,3.286086625793102
dieterici,1.6666666666666667,102.65152674568489,2.2758720402060133,249.89454032464664,0.4249247294589178,2.655779559118236,425.57861318549755,1264.8199626312585,111.87466724982852,539.6637654171496,1270.0220250874454,0.4266723971484956,0.15791035522792668,0.06710001497398835,0.3578247144849295,1.9379546350034809,3.296249123214863
dieterici,1.6666666666666667,102.65152674568489,2.2758720402060133,249.89454032464664,0.4265276152304609,2.6657975951903805,427.6075961752176,1266.837985558963,112.733788688608,534.7070815899889,1253.6282821947568,0.42208008260350804,0.16039363010326246,0.06841231254610121,0.3581153026843597,1.956063442450314,3.3063796169081905
dieterici,1.6666666666666667,102.65152674568489,2.2758720402060133,249.89454032464664,0.428130501002004,2.675815631262525,429.63979298333777,1268.8300787307244,113.58506431005947,529.8503778500699,1237.5908201120894,0.4175897046672367,0.1628718955855943,0.06973042625620658,0.35840007474579744,1.9740595905080105,3.3164755701741915
dieterici,1.6666666666666667,102.65152674568489,2.2758720402060133,249.89454032464664,0.42973338677354705,2.685833667334669,431.67516250376934,1270.7968131499972,114.42865591220936,525.0932273097653,1221.9046587284809,0.4131999875009023,0.16534360368735246,0.07105366679390912,0.35867971997963793,1.9919366774727467,3.3265418044347848
dieterici,1.6666666666666667,102.65152674568489,2.2758720402060133,249.89454032464664,0.43133627254509016,2.6958517034068135,433.71366453888953,1272.7387509988137,115.26472424063235,520.4350443424588,1206.5645239424064,0.4089095613173044,0.16780908125932897,0.0723821436096151,0.35895412893547507,2.0096991876257295,3.3365764728612253
dieterici,1.6666666666666667,102.65152674568489,2.2758720402060133,249.89454032464664,0.4329391583166332,2.7058697394789575,435.7552597850671,1274.6564452642622,116.09342877051427,515.87510223472,1191.564893876915,0.40471697621061226,0.1702683668810265,0.07371584344541932,0.3592233148712139,2.0273498049221987,3.3465787884698917
dieterici,1.6666666666666667,102.65152674568489,2.2758720402060133,249.89454032464664,0.4345420440881763,2.715887775551102,437.79990981766906,1276.5504394267361,116.91492751248455,511.41254890247586,1176.9000396166525,0.4006207143151643,0.17272076827135835,0.07505443570111628,0.35948760838706006,2.04488696698576,3.356550662002313
dieterici,1.6666666666666667,102.65152674568489,2.2758720402060133,249.89454032464664,0.4361449298597194,2.7259058116232464,439.8475770755631,1278.4212672032631,117.7293768399777,507.0464220914252,1162.56406386407,0.3966192014316726,0.17516588142052686,0.07639771106597161,0.3597472187937478,2.062310736728022,3.366493016630873
dieterici,1.6666666666666667,102.65152674568489,2.2758720402060133,249.89454032464664,0.43774781563126247,2.7359238476953904,441.89822484531817,1280.2694523490711,118.53693133992044,502.77566243340925,1148.5509338484583,0.39271081686039105,0.17760378348753755,0.07774566826951725,0.36000214736174524,2.0796238314288766,3.3764050553667055
dieterici,1.6666666666666667,102.65152674568489,2.2758720402060133,249.89454032464664,0.4393507014028056,2.745941883767535,443.9518172450809,1282.095508505511,119.33774368220196,498.5991260280971,1134.8545124341827,0.3888939027711709,0.18003407046259284,0.07909809513414229,0.3602526062686633,2.096826191783857,3.3862877825261672
dieterici,1.6666666666666667,102.65152674568489,2.2758720402060133,249.89454032464664,0.4409535871743486,2.755959919839679,446.00831920826073,1283.899939091125,120.13196450689856,494.515595691737,1121.4685855275977,0.38516677245253667,0.18245665003890377,0.08045491433846937,0.3604986728358793,2.1139194496844884,3.396141095377314
dieterici,1.6666666666666667,102.65152674568489,2.2758720402060133,249.89454032464664,0.44255647294589173,2.7659779559118234,448.0676964670725,1285.6832372327162,120.9197423282946,490.5237912736211,1108.386886781778,0.3815277177677268,0.18487161361127835,0.08181612926762306,0.3607403436782687,2.130906176188557,3.405964237942913
dieterici,1.6666666666666667,102.65152674568489,2.2758720402060133,249.89454032464664,0.44415935871743484,2.775995991983968,450.12991553600955,1287.4458857294956,121.70122345300308,486.6223788266496,1095.6031191863929,0.37797501566515823,0.18727833513900938,0.08318142523701125,0.3609779334804236,2.147784931239028,3.4157591558027627
dieterici,1.6666666666666667,102.65152674568489,2.2758720402060133,249.89454032464664,0.4457622444889779,2.786014028056112,452.19494369524466,1289.188357049993,122.47655191241813,482.80997957500597,1083.1109757366276,0.37450693448690775,0.189677263741155,0.08455096281378507,0.3612112816751928,2.164560120633373,3.4255238198351594
dieterici,1.6666666666666667,102.65152674568489,2.2758720402060133,249.89454032464664,0.44736513026052105,2.7960320641282563,454.2627489740983,1290.9111133543654,123.24586940643161,479.08517730914383,1070.9041561423232,0.37112173902064094,0.19206732170137836,0.08592422239172653,0.3614409078687945,2.1812277707967906,3.4352619481911653
dieterici,1.6666666666666667,102.65152674568489,2.2758720402060133,249.89454032464664,0.44896801603206404,2.8060501002004004,456.3333001345388,1292.6146065403764,124.00931525796108,475.4465254468067,1058.9763824353395,0.3678176952675148,0.19444876396810712,0.08730127577864816,0.3616667402534159,2.197791130845143,3.4449723046625698
dieterici,1.6666666666666667,102.65152674568489,2.2758720402060133,249.89454032464664,0.4505709018036072,2.816068136272545,458.40656665476973,1294.2992783130355,124.76702637849263,471.89255356786896,1047.321413075972,0.3645930747816877,0.19682200123262872,0.08868226659017621,0.361888635213431,2.2142541853743203,3.4546530707480323
dieterici,1.6666666666666667,102.65152674568489,2.2758720402060133,249.89454032464664,0.4521737875751503,2.8260861723446893,460.482518712973,1295.965560272934,125.51913724259128,468.42177281800633,1035.9330542577186,0.3614461581211737,0.19918628923342868,0.09006681883571883,0.3621069687394315,2.2306146651794205,3.46430682147437
dieterici,1.6666666666666667,102.65152674568489,2.2758720402060133,249.89454032464664,0.45377667334669336,2.8361042084168333,462.56112717115144,1297.613874018897,126.26577986965884,465.0326815965431,1024.805171598695,0.3583752385108753,0.20154140631591289,0.0914547888996492,0.36232188444704416,2.246873088674775,3.473934196390305
dieterici,1.6666666666666667,102.65152674568489,2.2758720402060133,249.89454032464664,0.45537955911823647,2.8461222444889778,464.6423635592099,1299.2446312637235,127.0070838124002,461.72376983904684,1013.9316985002464,0.35537862441651696,0.20388776469759484,0.09284632039759348,0.36253323872064297,2.2630332765802663,3.483533438472707
dieterici,1.6666666666666667,102.65152674568489,2.2758720402060133,249.89454032464664,0.4569824448897795,2.856140280561122,466.72620005920373,1300.8582339680383,127.74317615451127,458.4935232575414,1003.3066442369058,0.35245464208577737,0.20622494804437502,0.09424118095458625,0.36274126393519324,2.2790946080502796,3.493105972686145
dieterici,1.6666666666666667,102.65152674568489,2.2758720402060133,249.89454032464664,0.4585853306613226,2.8661583166332663,468.81260948981003,1302.4550744756011,128.47418151010106,455.340427136266,992.924100907508,0.34960163775291575,0.20855308952912147,0.09563938752215259,0.36294594313917006,2.2950593169048723,3.5026511452424653
dieterici,1.6666666666666667,102.65152674568489,2.2758720402060133,249.89454032464664,0.4601882164328657,2.8761763527054107,470.90156529101995,1304.0355356701386,129.20022203409786,452.26296982509166,982.7782495840368,0.3468179796133205,0.21087158580068838,0.0970406189659888,0.3631475974668769,2.3109257496330926,3.5121711622660516
dieterici,1.6666666666666667,102.65152674568489,2.2758720402060133,249.89454032464664,0.4617911022044088,2.8861943887775547,472.9930415091094,1305.5999911242493,129.92141743022398,449.25964544412386,972.863364624254,0.3441020592051838,0.2131808850004002,0.09844503585324613,0.3633460663511626,2.3266976933134975,3.521664197383136
dieterici,1.6666666666666667,102.65152674568489,2.2758720402060133,249.89454032464664,0.4633939879759519,2.896212424849699,475.0870127818299,1307.1488052694915,130.63788497000075,446.3289567815216,963.173818311782,0.3414522929464814,0.2154808910247833,0.09985254942458582,0.36354143855136606,2.342376045385111,3.5311305371668547
dieterici,1.6666666666666667,102.65152674568489,2.2758720402060133,249.89454032464664,0.46499687374749493,2.9062304609218432,477.18345432388674,1308.6823335591253,131.34973950968288,443.4694175557754,953.7040840334564,0.3388671231999479,0.21777127315286332,0.10126296120809322,0.3637339125394017,2.357960466343141,3.5405714051765265
dieterici,1.6666666666666667,102.65152674568489,2.2758720402060133,249.89454032464664,0.46659975951903804,2.9162484969939877,479.2823419126904,1310.2009226401983,132.05709351284793,440.6795544301969,944.4487388601332,0.3363450191610149,0.22005224813208807,0.10267632606005599,0.36392343345898204,2.3734533925523795,3.549985912580578
dieterici,1.6666666666666667,102.65152674568489,2.2758720402060133,249.89454032464664,0.46820264529058114,2.926266533066132,481.3836518743719,1311.704910535756,132.76005707911412,437.95790896331926,935.4024659376047,0.33388447770957774,0.2223231095272427,0.10409226798988264,0.3641103773006985,2.3888525158633707,3.5593768016427085
dieterici,1.6666666666666667,102.65152674568489,2.2758720402060133,249.89454032464664,0.4698055310621242,2.936284569138276,483.48736107009495,1313.1946268117522,133.4587379671283,435.3030391318902,926.5600559188147,0.3314840239551874,0.2245847611662363,0.10551116298816397,0.3642943680739602,2.4041636820264274,3.568740518371424
dieterici,1.6666666666666667,102.65152674568489,2.2758720402060133,249.89454032464664,0.4714084168336673,2.9463026052104206,485.5934468826475,1314.670392762832,134.15324162777472,432.7135207635879,917.9164081753496,0.3291422117251939,0.22683680405660922,0.10693277867993495,0.36447563815373235,2.4193860672900307,3.578078628515463
dieterici,1.6666666666666667,102.65152674568489,2.2758720402060133,249.89454032464664,0.47301130260521035,2.9563206412825647,487.7018872033304,1316.132521592011,134.84367123598685,430.1879485755151,909.46653115087,0.3268576237711642,0.22907872864167161,0.1083568278339426,0.3646544747712678,2.434518291753868,3.587393168348672
dieterici,1.6666666666666667,102.65152674568489,2.2758720402060133,249.89454032464664,0.47461418837675345,2.966338677354709,489.8126604191168,1317.5813185870668,135.53012772245654,427.72493736138057,901.2055430206572,0.32462887210639835,0.23131127834260445,0.10978361463296452,0.3648305737437889,2.4495652299831763,3.5966812306362184
dieterici,1.6666666666666667,102.65152674568489,2.2758720402060133,249.89454032464664,0.47621707414829656,2.9763567134268536,491.92574540011066,1319.017081299489,136.21270980795788,425.32312285698544,893.1286716623216,0.32245459811480165,0.23353357190304935,0.111212674327071,0.36500439982122557,2.4645235920974216,3.6059463626782704
dieterici,1.6666666666666667,102.65152674568489,2.2758720402060133,249.89454032464664,0.4778199599198396,2.9863747494989976,494.0411214872992,1320.4400997310863,136.89151404275748,422.9811623249191,885.2312540394495,0.3203334724619929,0.23574664970790143,0.11264445471466593,0.36517550520517367,2.4793996310446733,3.6151844826873973
dieterici,1.6666666666666667,102.65152674568489,2.2758720402060133,249.89454032464664,0.4794228456913827,2.996392785571142,496.1587684805734,1321.8506565013388,137.5666348383209,420.6977353150059,877.508735964202,0.31826419516142956,0.23794952037593775,0.11407843618953173,0.365344409501851,2.4941894754816984,3.6243996180820144
dieterici,1.6666666666666667,102.65152674568489,2.2758720402060133,249.89454032464664,0.48102573146292577,3.006410821643286,498.27866662704935,1323.2490270297274,138.2381645075301,418.47154405408696,869.9566710940908,0.31624549537241853,0.2401422859445746,0.11551461875166807,0.3655111127112577,2.5088946666654577,3.633591456943217
dieterici,1.6666666666666667,102.65152674568489,2.2758720402060133,249.89454032464664,0.4826286172344689,3.0164288577154306,500.400796609667,1324.6354797100887,138.90619330253054,416.3013137745568,862.5707198218433,0.3142761311705685,0.24232582614314385,0.11695337839166584,0.36567523884280306,2.523520509640818,3.642756559050977
dieterici,1.6666666666666667,102.65152674568489,2.2758720402060133,249.89454032464664,0.48423150300601203,3.026446893787575,502.52513953605563,1326.0102760775812,139.5708094504085,414.18579313313387,855.3466483736634,0.3123548894042666,0.24449897623141437,0.118394106743969,0.36583739626204304,2.53806225847998,3.6518997189361966
dieterici,1.6666666666666667,102.65152674568489,2.2758720402060133,249.89454032464664,0.4858343887775551,3.036464929859719,504.6516769276903,1327.3736709898292,140.23209919707284,412.1237542684021,848.2803271818161,0.3104805852907112,0.24666231734866087,0.11983703618354198,0.3659973525940131,2.5525236967769973,3.661018717223039
dieterici,1.6666666666666667,102.65152674568489,2.2758720402060133,249.89454032464664,0.4874372745490982,3.0464829659318635,506.78039070930214,1328.725912782538,140.89014684018088,410.11399306530257,841.3677297138936,0.30865206218976077,0.24881576416829776,0.12128207795104622,0.36615519659805196,2.5669053174710865,3.670114027012419
dieterici,1.6666666666666667,102.65152674568489,2.2758720402060133,249.89454032464664,0.48904016032064124,3.0565010020040075,508.9112631985734,1330.0672434389887,141.54503477006295,408.1553290647108,834.6049305993644,0.3068681911219726,0.2509597769735108,0.12272940956515808,0.36631075075548314,2.581210222359092,3.679183911815392
dieterici,1.6666666666666667,102.65152674568489,2.2758720402060133,249.89454032464664,0.49064304609218434,3.066519038076152,511.04427709607734,1331.3978987543705,142.19684350950064,406.246605596758,827.9881042488687,0.30512787047120493,0.25309346644870584,0.12417854932442308,0.36646449676776127,2.595434979521872,3.6882321371007785
dieterici,1.6666666666666667,102.65152674568489,2.2758720402060133,249.89454032464664,0.49224593186372745,3.0765370741482965,513.1794154754897,1332.7181084915012,142.84565175057355,404.38668959411217,821.5135228503258,0.3034300254626509,0.25521758582643395,0.12562981836314382,0.36661611350058365,2.609584050367884,3.69725578857559
dieterici,1.6666666666666667,102.65152674568489,2.2758720402060133,249.89454032464664,0.4938488176352705,3.0865551102204405,515.316661774042,1334.028096538673,143.4915363938121,402.5744716078704,815.1775548143353,0.3017736078066178,0.25733143261883884,0.12708282373920385,0.3667659938960667,2.6236548845131242,3.7062579050700712
dieterici,1.6666666666666667,102.65152674568489,2.2758720402060133,249.89454032464664,0.4954517034068136,3.096573146292585,517.4559997832298,1335.328081061931,144.1345725858556,400.8088655921168,808.9766627828385,0.30015759518317786,0.25943575469224733,0.12853788658690618,0.3669138168199074,2.6376518453251094,3.7152355934641115
dieterici,1.6666666666666667,102.65152674568489,2.2758720402060133,249.89454032464664,0.49705458917835665,3.106591182364729,519.5974136397634,1336.6182746586765,144.77483375898885,399.0888086811129,802.9074016614884,0.29858099073426597,0.26152999811717226,0.12999468577194745,0.3670599034064092,2.651573063739692,3.7241913088480336
dieterici,1.6666666666666667,102.65152674568489,2.2758720402060133,249.89454032464664,0.49865747494989976,3.1166092184368734,521.740887816754,1337.8988844992723,145.41239166594073,397.41326099424106,796.9664167456214,0.29704282259191706,0.2636147260852739,0.13145345366929218,0.3672040212806076,2.6654219569343236,3.7331229158455868
dieterici,1.6666666666666667,102.65152674568489,2.2758720402060133,249.89454032464664,0.5002603607214429,3.126627254509018,523.8864071151279,1339.170112470261,146.0473164166201,395.78120549574584,791.1504419917981,0.2955421434590409,0.2656892784722532,0.13291381428834928,0.3673465464330936,2.679196133982176,3.7420333358910476
dieterici,1.6666666666666667,102.65152674568489,2.2758720402060133,249.89454032464664,0.501863246492986,3.1366452905811624,526.0339566552773,1340.4321553231289,146.6796765187786,394.1916476202863,785.4562978558254,0.294078030025519,0.267754678825491,0.13437623237904767,0.3674870141139383,2.69290111881563,3.7509185257492237
dieterici,1.6666666666666667,102.65152674568489,2.2758720402060133,249.89454032464664,0.5034661322645291,3.146663326653307,528.1835218689347,1341.6852048001808,147.30953890835497,392.643614938671,779.8808892518908,0.29264958243103534,0.2698099151597891,0.13584015443211975,0.36762597783240936,2.706532843220674,3.7597828891369347
dieterici,1.6666666666666667,102.65152674568489,2.2758720402060133,249.89454032464664,0.5050690180360721,3.1566813627254504,530.3350884912549,1342.9294477749934,147.93696898818564,391.1361568936716,774.4212036893077,0.29125592378789367,0.27185543571875836,0.1373057579662418,0.3677632600698303,2.7200940843056216,3.7686247779557114
dieterici,1.6666666666666667,102.65152674568489,2.2758720402060133,249.89454032464664,0.5066719038076152,3.166699398797595,532.488642553112,1344.1650663834791,148.5620306630949,389.6683445675964,769.0743095073111,0.28989619973982217,0.2738909823494569,0.13877286546273726,0.3678990383448779,2.7335842952257496,3.777445489799347
dieterici,1.6666666666666667,102.65152674568489,2.2758720402060133,249.89454032464664,0.5082747895791583,3.1767174348697393,534.6441703736084,1345.392238149846,149.18478637343742,388.23927021156874,763.8373536744235,0.2885695778544604,0.2759172812250363,0.14024179805590875,0.36803299152324953,2.747007485171277,3.7862422077722235
dieterici,1.6666666666666667,102.65152674568489,2.2758720402060133,249.89454032464664,0.5098776753507014,3.186735470941884,536.8016585527914,1346.6111361087442,149.80529712770203,386.848046792563,758.7075596641552,0.28727524704008056,0.2779337897349229,0.1417122346114531,0.3681654407392483,2.760361749771035,3.795017428993315
dieterici,1.6666666666666667,102.65152674568489,2.2758720402060133,249.89454032464664,0.5114805611222445,3.196753507014028,538.9610939645333,1347.821928931963,150.42362253845295,385.49380803554675,753.6822263386335,0.28601241733840804,0.27994035228065695,0.14318404846526922,0.3682965126569753,2.7736469810426856,3.803772045761985
dieterici,1.6666666666666667,102.65152674568489,2.2758720402060133,249.89454032464664,0.5130834468937875,3.206771543086172,541.12246374966,1349.0247810423343,151.03982085267785,384.1757075150407,748.758725000474,0.2847803190229051,0.28193762189048865,0.14465752684860927,0.3684259200451782,2.786866775677001,3.8125035447262774
dieterici,1.6666666666666667,102.65152674568489,2.2758720402060133,249.89454032464664,0.5146863326653306,3.2167895791583163,543.2857553092107,1350.2198527278183,151.6539489831929,382.89291870071435,743.9344983533621,0.2835782024143435,0.2839255458696654,0.14613259795366018,0.3685537347116704,2.8000214518716193,3.8212123813256382
dieterici,1.6666666666666667,102.65152674568489,2.2758720402060133,249.89454032464664,0.5162892184368737,3.2268076152304603,545.4509562979108,1351.4073002589062,152.2660625426454,381.6446344374903,739.207058386701,0.2824053372838624,0.28590348300654844,0.1476088857898309,0.3686803326470428,2.8131086317707714,3.829901516141953
dieterici,1.6666666666666667,102.65152674568489,2.2758720402060133,249.89454032464664,0.5178921042084168,3.236825651302605,547.6180546178246,1352.5872759903689,152.87621587035824,380.43006643817205,734.5739843237202,0.28126101227709677,0.28787225203131234,0.14908676634771204,0.3688053378607048,2.826132600883876,3.83856772792378
dieterici,1.6666666666666667,102.65152674568489,2.2758720402060133,249.89454032464664,0.5194949899799599,3.2468436873747493,549.7870384121543,1353.7599284776343,153.4844620676056,379.2484451737697,730.0329213731197,0.28014453463713623,0.28983149049839196,0.15056600725233898,0.3689289827276209,2.8390922302131925,3.847212805060458
dieterici,1.6666666666666667,102.65152674568489,2.2758720402060133,249.89454032464664,0.521097875751503,3.2568617234468937,551.9578960592398,1354.9254025720363,154.09085302279834,378.09901919621274,725.5815784144888,0.2790552295192581,0.2917812863551533,0.1520466085037114,0.3690512672477916,2.851988435128328,3.855836629430265
dieterici,1.6666666666666667,102.65152674568489,2.2758720402060133,249.89454032464664,0.522700761523046,3.2668797595190373,554.1306161666901,1356.0838395215646,154.69543944032785,376.98105507822106,721.2177269070228,0.27799243976775245,0.29372172647018446,0.15352857010182924,0.36917219142121677,2.864822109941268,3.8644390883939344
dieterici,1.6666666666666667,102.65152674568489,2.2758720402060133,249.89454032464664,0.5243036472945891,3.2768977955911818,556.3051875657146,1357.2353770762934,155.298270872633,375.8938365853838,716.9391983538526,0.2769555251316249,0.2956527920228418,0.15501183719040454,0.36929181010418455,2.877593657587563,3.8730205236661397
dieterici,1.6666666666666667,102.65152674568489,2.2758720402060133,249.89454032464664,0.5259065330661322,3.2869158316633262,558.4815993055579,1358.380149574391,155.8993957429642,374.8366647940471,712.7438836111811,0.2759438621887189,0.29757450426406384,0.1564963758663868,0.36941015719974546,2.8903036507907065,3.881581109155035
dieterici,1.6666666666666667,102.65152674568489,2.2758720402060133,249.89454032464664,0.5275094188376753,3.2969338677354707,560.6598406481296,1359.518288040276,156.49886137518774,373.8088573754917,708.6297306295488,0.27495684365844847,0.2994870127265732,0.1579822200328261,0.3695271988048492,2.902953225069348,3.890120468746389
dieterici,1.6666666666666667,102.65152674568489,2.2758720402060133,249.89454032464664,0.5291123046092184,3.306951903807615,562.8399010627635,1360.6499202727077,157.09671401907826,372.80974826469816,704.59474296301,0.2739938780064588,0.3013900655529519,0.1594691921710458,0.3696431124381726,2.9155417057895843,3.8986399580799556
dieterici,1.6666666666666667,102.65152674568489,2.2758720402060133,249.89454032464664,0.5307151903807614,3.3169699398797587,565.0217702211093,1361.7751709357933,157.69299887787417,371.8386874313379,700.6369784979443,0.27305438912931235,0.30328418627047626,0.16095752465601013,0.3697576657247513,2.928071874592927,3.907137589207949
dieterici,1.6666666666666667,102.65152674568489,2.2758720402060133,249.89454032464664,0.5323180761523046,3.326987975951904,567.2054379921705,1362.8941616396662,158.28776013106472,370.8950405556985,696.7545480262435,0.27213781597646824,0.3051689159809563,0.16244693025646695,0.3698711458958377,2.940542113568601,3.915615619585581
dieterici,1.6666666666666667,102.65152674568489,2.2758720402060133,249.89454032464664,0.5339209619238476,3.3370060120240477,569.3908944375011,1364.0070110250654,158.8810409598741,369.97818826444876,692.9456130198129,0.27124361185387624,0.3070445764965093,0.16393753563651667,0.36998342628733094,2.9529542772105546,3.924072933071248
dieterici,1.6666666666666667,102.65152674568489,2.2758720402060133,249.89454032464664,0.5355238476953907,3.347024048096192,571.5781298064788,1365.1138348444708,159.47288357164234,369.08752640067405,689.2083853763564,0.2703712444923867,0.3089115807386664,0.165429518314836,0.37009432938055475,2.965310599971861,3.93250800807265
dieterici,1.6666666666666667,102.65152674568489,2.2758720402060133,249.89454032464664,0.5371267334669338,3.3570420841683366,573.7671345317702,1366.2147460409194,160.06332922354545,368.22246503710403,685.5411248298484,0.26952019519929515,0.31076910939166014,0.16692239658997066,0.3702043368769632,2.977607852848533,3.940924688944135
dieterici,1.6666666666666667,102.65152674568489,2.2758720402060133,249.89454032464664,0.538729619238477,3.367060120240481,575.9578992248684,1367.3098548225898,160.65241824472264,367.3824284766967,681.942138239979,0.26868995873972185,0.31261757654732747,0.16841634798059715,0.37031327125787983,2.989848262518914,3.949321458054235
dieterici,1.6666666666666667,102.65152674568489,2.2758720402060133,249.89454032464664,0.5403325050100201,3.377078156312625,578.1504146717677,1368.3992687353168,161.24019005786556,366.5668549541487,678.4097783407478,0.2678800430030426,0.3144575944303344,0.1699116597179675,0.37042084529205255,3.002034900349566,3.957695917398626
dieterici,1.6666666666666667,102.65152674568489,2.2758720402060133,249.89454032464664,0.541935390781563,3.387096192384769,580.3446718287632,1369.4830927367432,161.8266832022672,365.77519620111804,674.942442259783,0.26708996857358885,0.3162882792147337,0.17140781219586482,0.37052757858569824,3.0141642494472562,3.9660522187145113
dieterici,1.6666666666666667,102.65152674568489,2.2758720402060133,249.89454032464664,0.5435382765531062,3.3971142284569136,582.5406618183537,1370.561429265131,162.4119353545775,365.006917194083,671.5385703998717,0.2663192684400821,0.3181102419171543,0.1729050926455417,0.37063318390756445,3.0262393562729573,3.974387970563345
dieterici,1.6666666666666667,102.65152674568489,2.2758720402060133,249.89454032464664,0.5451411623246493,3.407132264529058,584.7383759252702,1371.6343783093275,162.99598335072426,364.26149556938935,668.1966447297183,0.2655674874658486,0.31992372229355326,0.17440358982633594,0.3707375724983133,3.038261616077809,3.982702398968248
dieterici,1.6666666666666667,102.65152674568489,2.2758720402060133,249.89454032464664,0.5467440480961924,3.417150300601202,586.9378055925839,1372.702037473078,163.57886320533794,363.5384216635638,664.915188248385,0.2648341823202791,0.3217279449146759,0.17590283898831868,0.37084120910787366,3.050227989046552,3.9909992077610315
dieterici,1.6666666666666667,102.65152674568489,2.2758720402060133,249.89454032464664,0.5483469338677355,3.4271683366733465,589.1389424179414,1373.7645020361392,164.16061012991202,362.8371979993567,661.692763448323,0.26411892100980466,0.32352383851244326,0.17740330488141864,0.37094362898631683,3.0621428596019213,3.9992745878866987
dieterici,1.6666666666666667,102.65152674568489,2.2758720402060133,249.89454032464664,0.5499498196392785,3.4371863727454905,591.3417781498928,1374.8218650203394,164.74125855417935,362.1573390821834,658.5279713696945,0.2634212826378242,0.3253107922326289,0.17890461151504505,0.3710452081242334,3.074003897965225,4.007531526873604
dieterici,1.6666666666666667,102.65152674568489,2.2758720402060133,249.89454032464664,0.5515527054108216,3.4472044088176346,593.5463046843233,1375.874217247116,165.32084214331985,361.49837098256654,655.4194502831893,0.2627408570137041,0.3270889834745907,0.180406813745486,0.37114589166533557,3.0858121995714223,4.015769533161674
dieterici,1.6666666666666667,102.65152674568489,2.2758720402060133,249.89454032464664,0.5531555911823647,3.457222444889779,595.7525140609666,1376.9216473992385,165.89939381795466,360.8598312312782,652.3658749610463,0.2620772444916373,0.3288588093317228,0.18191008909141768,0.371245502090947,3.0975697950012053,4.023987132942983
dieterici,1.6666666666666667,102.65152674568489,2.2758720402060133,249.89454032464664,0.5547584769539078,3.4672404809619235,597.960398460024,1377.9642420770215,166.4769457715704,360.2412684624071,649.3659555063235,0.26143005563004396,0.33062018231898194,0.18341434879350174,0.3713441281604061,3.1092766074921974,4.032185001634773
dieterici,1.6666666666666667,102.65152674568489,2.2758720402060133,249.89454032464664,0.5563613627254509,3.477258517034068,600.1699501988858,1379.0020858501844,167.05352948596203,359.64224184078967,646.4184358148236,0.26079891069857414,0.3323731754949182,0.18491959285173812,0.3714417698737128,3.1209332475930838,4.040363101919705
dieterici,1.6666666666666667,102.65152674568489,2.2758720402060133,249.89454032464664,0.5579642484969939,3.4872765531062115,602.3811617288953,1380.0352613193545,167.62917575251083,359.06232133429165,643.5220935776966,0.26018343979922476,0.3341174446092967,0.18642558889116223,0.37153865960583166,3.132538527709732,4.048523263633125
dieterici,1.6666666666666667,102.65152674568489,2.2758720402060133,249.89454032464664,0.559567134268537,3.497294589178356,604.5940256322464,1381.063849157942,168.20391468293826,358.50108708009566,640.675738664899,0.25958328233606276,0.33585363853032796,0.1879326580460767,0.37163447622246026,3.1440955177117935,4.056662875560362
dieterici,1.6666666666666667,102.65152674568489,2.2758720402060133,249.89454032464664,0.5611700200400802,3.5073126252505014,606.8085346189417,1382.0879281705484,168.77777572967784,357.9581291741043,637.8782122903465,0.2589980867917201,0.3375812541957405,0.1894404791821791,0.3717295408579011,3.155602338687962,4.064784482021409
dieterici,1.6666666666666667,102.65152674568489,2.2758720402060133,249.89454032464664,0.5627729058116232,3.517330661322645,609.0246815238316,1383.1075753409698,169.35078770087443,357.43304743837047,635.1283861522892,0.2584275104922728,0.33930023730668374,0.19094898049165573,0.37182392531996744,3.1670590369245,4.072888625275634
dieterici,1.6666666666666667,102.65152674568489,2.2758720402060133,249.89454032464664,0.5643757915831663,3.5273486973947894,611.2424593037227,1384.1228658778632,169.92297877445708,356.9254513993065,632.4251619618061,0.2578712195271269,0.3410113276212995,0.19245853796509738,0.37191725361806893,3.1784690345002806,4.080972269457734
dieterici,1.6666666666666667,102.65152674568489,2.2758720402060133,249.89454032464664,0.5659786773547094,3.537366733466934,613.4618610345897,1385.1338732620782,170.49437651348705,356.4349596776862,629.7674699400411,0.25732888824548,0.34271421157709203,0.19396893617906458,0.37200974117564484,3.1898312503312853,4.089037114372218
dieterici,1.6666666666666667,102.65152674568489,2.2758720402060133,249.89454032464664,0.5675815631262525,3.5473847695390783,615.6828799088387,1386.1406692965095,171.06500788334404,355.9611998644005,627.154268196729,0.25680019910609575,0.3444089586998705,0.19548017513355742,0.3721013879926951,3.201146232951382,4.097083137289256
dieterici,1.6666666666666667,102.65152674568489,2.2758720402060133,249.89454032464664,0.5691844488977956,3.557402805611223,617.905509232634,1387.1433241382301,171.6348992592408,355.5038085233725,624.5845423426314,0.256284842623765,0.3460954817910177,0.19699216606923745,0.3721922828285582,3.2124138608504813,4.105111024879015
dieterici,1.6666666666666667,102.65152674568489,2.2758720402060133,249.89454032464664,0.5707873346693386,3.5674208416833664,620.1297424233259,1388.1419063566696,172.2040764488122,355.0624306145767,622.0573040925427,0.2557825168944557,0.34777385013474416,0.19850490898610462,0.372282425683234,3.2236346717246223,4.113120756754755
dieterici,1.6666666666666667,102.65152674568489,2.2758720402060133,249.89454032464664,0.5723902204408817,3.577438877755511,622.3555730069025,1389.1364829640122,172.77256469933957,354.63671971559273,619.5715912868584,0.25529292770347617,0.3494442873070639,0.2000184926434971,0.3723717277973846,3.2348098472652884,4.121111608981184
dieterici,1.6666666666666667,102.65152674568489,2.2758720402060133,249.89454032464664,0.5739931062124248,3.5874569138276553,624.5829946155552,1390.1271194590536,173.34038871287748,354.2263373991104,617.1264664422945,0.2548157880244449,0.35110685975178063,0.20153291704141477,0.3724601891710101,3.2459398967856563,4.129083567542732
dieterici,1.6666666666666667,102.65152674568489,2.2758720402060133,249.89454032464664,0.5755959919839679,3.5974749498997993,626.8120009852707,1391.1138798656675,173.90757265867455,353.830953232416,614.7210164074097,0.25435081796939846,0.3527613247641179,0.20304800466118114,0.3725479873227868,3.257024024712794,4.137038028957957
dieterici,1.6666666666666667,102.65152674568489,2.2758720402060133,249.89454032464664,0.577198877755511,3.607492985971944,629.0425859535121,1392.096826770599,174.47414018548568,353.4502443851202,612.3543513451425,0.25389774445866514,0.3544082112153025,0.20456402178081073,0.3726348559747003,3.2680646746987256,4.144972868271124
dieterici,1.6666666666666667,102.65152674568489,2.2758720402060133,249.89454032464664,0.578801763527054,3.617511022044088,631.2747434569256,1393.0760213633152,175.04011443541322,353.08389577223176,610.0256046571774,0.25345630127686136,0.3560468738914446,0.20608055850666276,0.3727212050203913,3.279059355428732,4.1528913251469834
dieterici,1.6666666666666667,102.65152674568489,2.2758720402060133,249.89454032464664,0.5804046492985971,3.6275290581162323,633.5084675291426,1394.0515234704517,175.6055180548999,352.73159957462883,607.7339318368576,0.2530262286837961,0.3576777812937539,0.20759784721370156,0.3728068020848956,3.29001024539086,4.160791547377619
dieterici,1.6666666666666667,102.65152674568489,2.2758720402060133,249.89454032464664,0.5820075350701402,3.6375470941883763,635.7437522986135,1395.0233915879587,176.17037320468137,352.3930552116819,605.4785101179377,0.25260727335227834,0.35930130250874137,0.20911606542060338,0.3728914696495369,3.300919091168973,4.168672125530919
dieterici,1.6666666666666667,102.65152674568489,2.2758720402060133,249.89454032464664,0.5836104208416834,3.6475651302605208,637.9805919865154,1395.9916829193332,176.73470157352654,352.06796897205874,603.2585375434285,0.252199188060924,0.36091664396706913,0.21063471447438922,0.37297570636729416,3.3117827823167945,4.176536995364117
dieterici,1.6666666666666667,102.65152674568489,2.2758720402060133,249.89454032464664,0.5852133066132265,3.6575831663326652,640.2189809046914,1396.956453404013,177.29852438655666,351.75605409966374,601.0732328274671,0.25180173171649506,0.3625247249687932,0.21215429302803795,0.3730590135851885,3.3226053504048756,4.184382213502408
dieterici,1.6666666666666667,102.65152674568489,2.2758720402060133,249.89454032464664,0.5868161923847695,3.667601202404809,642.4589134536645,1397.9177577537275,177.86186241843234,351.4570304004993,598.9218344030502,0.25141466903263693,0.36412490650531426,0.21367439118790868,0.3731418011968608,3.333384328343177,4.192211011719642
dieterici,1.6666666666666667,102.65152674568489,2.2758720402060133,249.89454032464664,0.5884190781563126,3.6776192384769533,644.7003841206915,1398.8756494804816,178.42473600192648,351.1706241127696,596.8035999327026,0.25103777040024133,0.36571740397610564,0.21519509771333983,0.3732239804429727,3.3441208048970887,4.200022685841349
dieterici,1.6666666666666667,102.65152674568489,2.2758720402060133,249.89454032464664,0.5900219639278557,3.6876372745490977,646.943387477858,1399.8301809295056,178.98716503965443,350.8965678859929,594.7178060118766,0.2506708118358993,0.3673026738472302,0.21671664497929538,0.3733053189485603,3.3548168575508015,4.207815407021352
dieterici,1.6666666666666667,102.65152674568489,2.2758720402060133,249.89454032464664,0.5916248496993988,3.697655310621242,649.1879181802342,1400.7814033083853,179.54916901380216,350.6346005498718,592.6637475218075,0.25031357478171684,0.3688802320632048,0.2182387118514729,0.37338613784792585,3.365470662294375,4.215591702482619
dieterici,1.6666666666666667,102.65152674568489,2.2758720402060133,249.89454032464664,0.5932277354709419,3.7076733466933867,651.4339709640807,1401.7293667124313,180.1107669938524,350.3844668061228,590.6407368629947,0.24996584585218665,0.37045068246803037,0.2197616194641746,0.37346611600676727,3.3760848932047693,4.223349051539182
dieterici,1.6666666666666667,102.65152674568489,2.2758720402060133,249.89454032464664,0.5948306212424849,3.7176913827655302,653.6815406450755,1402.6741201548011,180.67197764736068,350.1459174338501,588.6481040644205,0.24962741694785637,0.37201357114467637,0.2212850636346232,0.3735455576078617,3.38665784858019,4.231089846217367
dieterici,1.6666666666666667,102.65152674568489,2.2758720402060133,249.89454032464664,0.5964335070140281,3.7277094188376756,655.9306221166363,1403.6157116018335,181.23281925403592,349.91870837668586,586.6851950161408,0.24929808457141867,0.37356881024164257,0.22280895560348085,0.37362455141054723,3.3971893411266363,4.238814783439092
dieterici,1.6666666666666667,102.65152674568489,2.2758720402060133,249.89454032464664,0.5980363927855711,3.737727454909819,658.1812103481883,1404.5541879769416,181.79330970140882,349.70260191019713,584.7513732087953,0.24897765063368146,0.37511696990313437,0.2243335995535241,0.37370279323204697,3.407681885315589,4.24652148520747
dieterici,1.6666666666666667,102.65152674568489,2.2758720402060133,249.89454032464664,0.5996392785571142,3.7477454909819636,660.4333003836166,1405.4895952126617,182.3534665092343,349.49736485945067,582.8460165258535,0.24866592114939773,0.37665801541876975,0.22585894062846548,0.37378033792864873,3.4181354984061705,4.254210389908714
dieterici,1.6666666666666667,102.65152674568489,2.2758720402060133,249.89454032464664,0.6012421643286573,3.757763527054108,662.6868873395947,1406.4219782576247,182.91330682741136,349.30277015354346,580.9685196372953,0.24836270731938115,0.37819170843336425,0.22738480130962843,0.37385736301902883,3.4285493620811613,4.2618828928378765
dieterici,1.6666666666666667,102.65152674568489,2.2758720402060133,249.89454032464664,0.6028450501002004,3.7677815631262526,664.9419664041047,1407.3513811045,183.47284744642377,349.1185953265935,579.1182912898855,0.24806782443528963,0.37971825482900307,0.228911270356351,0.3739337797438494,3.4389244777128556,4.269538308509656
dieterici,1.6666666666666667,102.65152674568489,2.2758720402060133,249.89454032464664,0.6044479358717435,3.777799599198397,667.1985328348768,1408.2778468201016,184.032104809437,348.944623405743,577.2947555896441,0.24778109248374652,0.38123771146027946,0.23043834776863326,0.37400958810311025,3.4492612308162514,4.277176646831674
dieterici,1.6666666666666667,102.65152674568489,2.2758720402060133,249.89454032464664,0.6060508216432865,3.7878176352705406,669.4565819579602,1409.2014175637737,184.59109501744888,348.7806418823923,575.4973501012428,0.24750233539032623,0.38275013458030915,0.23196603354647485,0.37408478809681167,3.4595600007512024,4.2847979188381515
dieterici,1.6666666666666667,102.65152674568489,2.2758720402060133,249.89454032464664,0.6076537074148296,3.797835671342685,671.7161091662517,1410.1221346069876,185.14983383539766,348.6264432998712,573.7255266376131,0.24723138141295556,0.38425543377971605,0.233494238930538,0.3741594684842916,3.469820566120423,4.292402826617076
dieterici,1.6666666666666667,102.65152674568489,2.2758720402060133,249.89454032464664,0.6092565931863727,3.8078537074148295,673.977109918116,1411.0400383584622,185.70833670172942,348.48182474571763,571.9787502391729,0.24696806275683364,0.3857537659508309,0.2350230252520166,0.37423356793435614,3.4800437108449387,4.299990904961694
dieterici,1.6666666666666667,102.65152674568489,2.2758720402060133,249.89454032464664,0.6108594789579158,3.8178717434869736,676.2395797360156,1411.9551683870895,186.26661873685828,348.34658770447714,570.2564987593095,0.24671221544689825,0.3872452757395869,0.2365524473671985,0.3743070315907173,3.490230163376033,4.30756174187993
dieterici,1.6666666666666667,102.65152674568489,2.2758720402060133,249.89454032464664,0.6124623647294589,3.827889779559118,678.503514205167,1412.867563437048,186.82469474703623,348.2205381903731,568.5582629133326,0.2464636794005417,0.3887293580276022,0.23808210185734974,0.3743802628721092,3.500377606627089,4.3151184795195645
dieterici,1.6666666666666667,102.65152674568489,2.2758720402060133,249.89454032464664,0.6140652505010019,3.837907815631262,680.7689089722257,1413.7772614486264,187.3825792318455,348.1034869538935,566.8835464470327,0.24622229855161862,0.3902066832760296,0.23961236471306022,0.37445288578794167,3.5104889000387507,4.322658214332647
dieterici,1.6666666666666667,102.65152674568489,2.2758720402060133,249.89454032464664,0.615668136272545,3.8479258517034065,683.0357597440689,1414.68429958507,187.94028639550197,347.99524825116066,565.2318639682037,0.24598791995728547,0.39167753752844203,0.2411433795499557,0.37452475672258934,3.520565331783983,4.3301798527236395
dieterici,1.6666666666666667,102.65152674568489,2.2758720402060133,249.89454032464664,0.6172710220440881,3.8579438877755505,685.3040622864946,1415.5887142426243,188.4978301481267,347.89564099692427,563.6027426735028,0.24576039459530252,0.3931415058707415,0.24267485913678447,0.3745961629073037,3.5306053510136755,4.337685635190598
dieterici,1.6666666666666667,102.65152674568489,2.2758720402060133,249.89454032464664,0.6188739078156312,3.867961923847695,687.573812423052,1416.4905410712922,189.05522411361653,347.8044878921583,561.9957207757623,0.2455395767267981,0.39459873044540417,0.2442068583298342,0.37466704948579704,3.540609660693695,4.345175153815443
dieterici,1.6666666666666667,102.65152674568489,2.2758720402060133,249.89454032464664,0.6204767935871743,3.8779799599198395,689.8450060338358,1417.389814992381,189.612481635755,347.72161586341025,560.4103480697813,0.24532532418774253,0.39604940656643195,0.2457394658884429,0.37473732769873147,3.55057917312019,4.352647741876989
dieterici,1.6666666666666667,102.65152674568489,2.2758720402060133,249.89454032464664,0.6220796793587173,3.887997995991983,692.117639054383,1418.2865702270792,190.16961579125336,347.6468548847816,558.8461838894335,0.2451174975372717,0.3974929804441224,0.24727230582202056,0.3748073735366968,3.560511780930855,4.360106315811784
dieterici,1.6666666666666667,102.65152674568489,2.2758720402060133,249.89454032464664,0.6236825651302604,3.8980160320641275,694.3917074744809,1419.180840292671,190.7266393829707,347.5800392949448,557.3027990967654,0.24491596097313786,0.39893010969320974,0.2488057541211572,0.3748768110091032,3.5704102538872267,4.367547995113227
dieterici,1.6666666666666667,102.65152674568489,2.2758720402060133,249.89454032464664,0.6252854509018037,3.908034068136273,696.6672073370958,1420.072658029234,191.2835649520366,347.52100727886346,555.7797751053687,0.24472058194624385,0.40036107355517636,0.2503399544014786,0.37494549650032505,3.5802758282340257,4.37497169798662
dieterici,1.6666666666666667,102.65152674568489,2.2758720402060133,249.89454032464664,0.6268883366733466,3.9180521042084164,698.9441347373383,1420.9620556252119,191.8404047894902,347.4695998726333,554.2767021580266,0.24453123044144165,0.40178509045704786,0.25187438705676884,0.3750139496165778,3.5901054810362067,4.382381440453553
dieterici,1.6666666666666667,102.65152674568489,2.2758720402060133,249.89454032464664,0.6284912224448898,3.928070140280561,701.2224858213926,1421.8490646174532,192.39717093215359,347.4256614319975,552.793179959585,0.24434777929503507,0.403202442059363,0.2534091957026539,0.37508202674223584,3.59990045964054,4.3897761355939355
dieterici,1.6666666666666667,102.65152674568489,2.2758720402060133,249.89454032464664,0.6300941082164327,3.9380881763527045,703.5022567854267,1422.7337159156903,192.9538751739218,347.3890410161348,551.3288197527618,0.24417010515038692,0.4046137759506737,0.2549447563297233,0.37514935188670945,3.609663467421571,4.397152921019635
dieterici,1.6666666666666667,102.65152674568489,2.2758720402060133,249.89454032464664,0.631696993987976,3.94810621242485,705.7834438747202,1423.6160398079608,193.51052906503537,347.3595896268427,549.8832398012876,0.243998086502102,0.4060180880344952,0.256480405716136,0.37521658827183996,3.619390597231556,4.404516902050286
dieterici,1.6666666666666667,102.65152674568489,2.2758720402060133,249.89454032464664,0.6332998797595191,3.9581242484969943,708.066043382583,1424.4960659931414,194.06714392878143,347.33716249191417,548.4560689065777,0.2438316052840447,0.40741659226198135,0.2580168788915458,0.3752830008679733,3.6290868075433513,4.411862471072272
dieterici,1.6666666666666667,102.65152674568489,2.2758720402060133,249.89454032464664,0.6349027655310621,3.968142284569138,710.3500516494923,1425.3738235826754,194.62373085873242,347.32161692589995,547.0469429053188,0.24367054535413557,0.4088085142181328,0.25955365624973703,0.37534910928132503,3.6387491099272893,4.419193628885606
dieterici,1.6666666666666667,102.65152674568489,2.2758720402060133,249.89454032464664,0.6365056513026052,3.9781603206412823,712.6354650620812,1426.2493411061064,195.18030071857254,347.3128142100804,545.6555075344684,0.2435147938022724,0.41019379081486035,0.26109066598289726,0.3754149853197079,3.648377359924405,4.426510943242534
dieterici,1.6666666666666667,102.65152674568489,2.2758720402060133,249.89454032464664,0.6381085370741483,3.988178356713427,714.9222800522855,1427.1226465365505,195.7368641545396,347.31061829451096,544.2814162728455,0.243364240023372,0.4115732864215295,0.2626284276972416,0.3754801093769067,3.6579750997415563,4.433810471217624
dieterici,1.6666666666666667,102.65152674568489,2.2758720402060133,249.89454032464664,0.6397114228456914,3.9981963927855713,717.2104930964582,1427.9937673107836,196.29343160470228,347.31489567672224,542.9243300545223,0.24321877561888114,0.41294659549207346,0.26416665416151847,0.3755447686841729,3.6675408118721347,4.441094431775002
dieterici,1.6666666666666667,102.65152674568489,2.2758720402060133,249.89454032464664,0.6413143086172345,4.008214428857715,719.500100714464,1428.8627303184153,196.8500132886245,347.32551620603994,541.5839184298312,0.24307829495184613,0.4143132636699217,0.26570502424142584,0.37560928437580865,3.6770727911832166,4.448365293525353
dieterici,1.6666666666666667,102.65152674568489,2.2758720402060133,249.89454032464664,0.6429171943887776,4.01823246492986,721.7910994688687,1429.7295619310416,197.40661922253264,347.34235232058796,540.2598582711836,0.2429426945970506,0.41567406350200464,0.2672440026868914,0.3756731917018862,3.6865742003406354,4.455619542140601
dieterici,1.6666666666666667,102.65152674568489,2.2758720402060133,249.89454032464664,0.6445200801603207,4.028250501002004,724.0834859640999,1430.5942880168243,197.96325922540063,347.365279191065,538.951833905097,0.24281187342961058,0.41702903877107556,0.2687835894979151,0.3757364906624056,3.6960453029236673,4.462857207141061
dieterici,1.6666666666666667,102.65152674568489,2.2758720402060133,249.89454032464664,0.6461229659318637,4.038268537074148,726.3772568456294,1431.4569339418383,198.5199429166031,347.3941748899892,537.6595372816748,0.24268573273340557,0.4183775135352112,0.2703233199245691,0.3757996460072946,3.705483515132233,4.470081844057755
dieterici,1.6666666666666667,102.65152674568489,2.2758720402060133,249.89454032464664,0.6477258517034069,4.048286573146293,728.6724087992237,1432.317524582677,199.07667972080617,347.42891951823583,536.382666531771,0.24256417557933843,0.41972003184094264,0.27186351510115564,0.37586233660225127,3.714891081573422,4.477291039102287
dieterici,1.6666666666666667,102.65152674568489,2.2758720402060133,249.89454032464664,0.64932873747495,4.058304609218437,730.9689385501141,1433.176084345995,199.63347887756322,347.4693964437205,535.1209277983407,0.24244710767852515,0.4210565011053182,0.2734040862683362,0.37592465120661384,3.724267724856931,4.484485491900852
dieterici,1.6666666666666667,102.65152674568489,2.2758720402060133,249.89454032464664,0.650931623246493,4.068322645290581,733.2668428623102,1434.0326371769947,200.19034944376017,347.51549067670624,533.8740326418433,0.24233443623767004,0.4223873230029862,0.2749452658010746,0.3759863574454184,3.733615115867345,4.491663471066104
dieterici,1.6666666666666667,102.65152674568489,2.2758720402060133,249.89454032464664,0.652534509018036,4.078340681362725,735.5661185378084,1434.8872065594162,200.74730029070145,347.56709011931383,532.6416998885604,0.2422260708231645,0.4237121830391424,0.276486821324407,0.376047687693629,3.7429320982608942,4.49882676411372
dieterici,1.6666666666666667,102.65152674568489,2.2758720402060133,249.89454032464664,0.6541373947895792,4.08835871743487,737.8667624159108,1435.739815529416,201.30434011017246,347.6240846717986,531.4236541753146,0.24212192272707528,0.42503055025187686,0.27802837684774406,0.37610901794183516,3.75221666838929,4.505978235931013
dieterici,1.6666666666666667,102.65152674568489,2.2758720402060133,249.89454032464664,0.6557402805611223,4.098376753507014,740.1687713724598,1436.590486699394,201.86147742724006,347.6863675530847,530.2196278922604,0.2420219058751417,0.42634361902098467,0.27957068435226473,0.3761695962088576,3.7614736087594745,4.51311223510276
dieterici,1.6666666666666667,102.65152674568489,2.2758720402060133,249.89454032464664,0.6573431663326653,4.108394789579158,742.4721423192512,1437.4392422605445,202.41872059912225,347.7538329295888,529.0293574811411,0.24192593516697405,0.4276509911482863,0.28111345660671716,0.37622970972594816,3.770701430953995,4.5202309615494904
dieterici,1.6666666666666667,102.65152674568489,2.2758720402060133,249.89454032464664,0.6589460521042085,4.118412825651303,744.776872203286,1438.2861039719205,202.9760778053543,347.82637765931946,527.8525860328134,0.24183392768571865,0.4289520029121804,0.28265622886117425,0.3762898232430343,3.7798976107174656,4.52733794281601
dieterici,1.6666666666666667,102.65152674568489,2.2758720402060133,249.89454032464664,0.6605489378757515,4.128430861723447,747.0829580061293,1439.1310932033116,203.5335570732874,347.9039008696969,526.6890625674387,0.24174580238921095,0.43024783903334657,0.2841997530968144,0.37634918477893714,3.7890668739114632,4.534427545571887
dieterici,1.6666666666666667,102.65152674568489,2.2758720402060133,249.89454032464664,0.6621518236472946,4.138448897795591,749.3903967432533,1439.974230926791,204.09116627003198,347.98630420035397,525.5385423294013,0.2416614802727298,0.4315377523744893,0.28574350970742274,0.3764083139398719,3.7982063669441213,4.541503709575605
dieterici,1.6666666666666667,102.65152674568489,2.2758720402060133,249.89454032464664,0.6637547094188377,4.148466933867736,751.6991854634674,1440.8155377211483,204.64891310277983,348.07349046665047,524.4007846986312,0.24158088343298786,0.43282165212085777,0.2872874099336612,0.37646729948517654,3.807315812686932,4.548567126746337
dieterici,1.6666666666666667,102.65152674568489,2.2758720402060133,249.89454032464664,0.6653575951903808,4.15848496993988,754.0093212482502,1441.6550337892638,205.20680512788158,348.1653648486544,523.275554927772,0.24150393588508637,0.43410006438295357,0.2888317749098315,0.3765258202805494,3.816397344089524,4.555615414286285
dieterici,1.6666666666666667,102.65152674568489,2.2758720402060133,249.89454032464664,0.6669604809619238,4.168503006012024,756.3208012111642,1442.4927389585607,205.7648497487204,348.26183455229744,522.1626235635682,0.24143056332036217,0.43537345938156424,0.2903768918671847,0.37658358909473916,3.8254528672719994,4.562646453087197
dieterici,1.6666666666666667,102.65152674568489,2.2758720402060133,249.89454032464664,0.668563366733467,4.178521042084168,758.6336224972658,1443.3286727104291,206.32305423296486,348.3628087071018,521.0617662304282,0.24136069302420962,0.43664074843173617,0.29192200882454233,0.3766413579089246,3.8344782029372064,4.569665907089905
dieterici,1.6666666666666667,102.65152674568489,2.2758720402060133,249.89454032464664,0.67016625250501,4.188539078156313,760.9477822825387,1444.1628541533878,206.88142569237664,348.46819819133276,519.9727633087995,0.2412942537534075,0.4379023220878673,0.2934673581568679,0.37669889434814213,3.843474948516185,4.576672061697832
dieterici,1.6666666666666667,102.65152674568489,2.2758720402060133,249.89454032464664,0.6717691382765532,4.198557114228457,763.2632777733395,1444.9953020533421,207.43997110070177,348.5779155107969,518.8953996980057,0.24123117564151716,0.4391589947511485,0.2950134594703764,0.3767556788061768,3.8524463443443255,4.583661064908264
dieterici,1.6666666666666667,102.65152674568489,2.2758720402060133,249.89454032464664,0.6733720240480962,4.208575150300601,765.5801062058054,1445.826034847463,207.99869730086402,348.69187564569427,517.8294660200921,0.24117139077695599,0.4404094714025144,0.29655941716826323,0.3768126068798329,3.861387416875873,4.590639636093716
dieterici,1.6666666666666667,102.65152674568489,2.2758720402060133,249.89454032464664,0.6749749098196394,4.218593186372746,767.8982648453823,1446.655070633929,208.5576109958779,348.80999450004975,516.7747562546518,0.24111483212594698,0.4416551230430037,0.2981061268473332,0.3768687829723062,3.8703035662875678,4.597601121392952
dieterici,1.6666666666666667,102.65152674568489,2.2758720402060133,249.89454032464664,0.6765777955911824,4.22861122244489,770.2177509862375,1447.4824271813143,209.11671875307024,348.932190344098,515.7310698309377,0.24106143452364698,0.4428948725173214,0.29965283652640706,0.3769249590647753,3.8791906712645816,4.60455115847238
dieterici,1.6666666666666667,102.65152674568489,2.2758720402060133,249.89454032464664,0.6781806813627255,4.238629258517034,772.5385619508044,1448.308121956272,209.6760270206695,349.05838237688516,514.6982094439683,0.24101113367050778,0.4441296587301946,0.3012001545710381,0.37698052679168736,3.8880524423035965,4.611485246308814
dieterici,1.6666666666666667,102.65152674568489,2.2758720402060133,249.89454032464664,0.6797835671342687,4.248647294589179,774.8606950892165,1449.1321720976305,210.23554210834163,349.1884921005834,513.67598303772,0.24096386708130996,0.44535872748405003,0.30274754442348617,0.3770360227107825,3.8968860166320223,4.618407408404155
dieterici,1.6666666666666667,102.65152674568489,2.2758720402060133,249.89454032464664,0.6813864529058117,4.258665330661323,777.1841477788569,1449.954594447858,210.79527020645378,349.32244243072313,512.6642024375705,0.24091957345998477,0.4465828011930568,0.30429547083367825,0.37709098207213343,3.9056942569537094,4.625314220567932
dieterici,1.6666666666666667,102.65152674568489,2.2758720402060133,249.89454032464664,0.6829893386773547,4.268683366733467,779.5089174238879,1450.7754055511314,211.35521738285036,349.46015731010266,511.6626827394567,0.24087819242934239,0.44780167993068004,0.3058437732344636,0.3771455654428911,3.914476448227118,4.632206909262607
dieterici,1.6666666666666667,102.65152674568489,2.2758720402060133,249.89454032464664,0.6845922244488978,4.278701402805611,781.8350014547178,1451.5946216639563,211.91538958826618,349.60156312537794,510.67124434083365,0.24083966550153738,0.44901485096870053,0.307392075635253,0.3772001488136448,3.9232306685126375,4.639088292434726
dieterici,1.6666666666666667,102.65152674568489,2.2758720402060133,249.89454032464664,0.686195110220441,4.288719438877756,784.1623973275985,1452.4122587555005,212.47579265465185,349.74658730437125,509.68971083459735,0.24080393510589868,0.45022324088312404,0.30894098640159945,0.37725412381884155,3.9319605594656366,4.6459538920721
dieterici,1.6666666666666667,102.65152674568489,2.2758720402060133,249.89454032464664,0.687797995991984,4.2987374749499,786.4911025241554,1453.2283325161193,213.03643229920397,349.89515869577394,508.7179095239059,0.24077094484523676,0.45142599858864413,0.3104898971679496,0.3773080988240344,3.940662891622382,4.652808244308461
dieterici,1.6666666666666667,102.65152674568489,2.2758720402060133,249.89454032464664,0.689400881763527,4.308755511022044,788.8211145509749,1454.042858363933,213.59731412707958,350.0472068865761,507.7556703889546,0.24074063902108353,0.4526242541455229,0.3120395599154822,0.3773613218480448,3.949342083075604,4.659645819287627
dieterici,1.6666666666666667,102.65152674568489,2.2758720402060133,249.89454032464664,0.6910037675350702,4.318773547094189,791.1524309390728,1454.8558514505128,214.15844363367398,350.20266447915117,506.80282935125604,0.24071296419503962,0.4538167428030381,0.31358907904739325,0.37741468848767695,3.9579933124166358,4.6664732676006375
dieterici,1.6666666666666667,102.65152674568489,2.2758720402060133,249.89454032464664,0.6926066533066133,4.328791583166333,793.4850492436043,1455.6673266656023,214.7198262060432,350.3614639049624,505.85922360445363,0.24068786699191186,0.4550042548181919,0.3151389741698974,0.3774676791367159,3.9666196827701707,4.673286780610562
dieterici,1.6666666666666667,102.65152674568489,2.2758720402060133,249.89454032464664,0.6942095390781563,4.338809619238477,795.818967043349,1456.4772986439182,215.2814671260437,350.5235397827969,504.9246949966411,0.2406652957166986,0.456187159396414,0.316689477657958,0.3775200614201983,3.975222667607307,4.6800846801773845
dieterici,1.6666666666666667,102.65152674568489,2.2758720402060133,249.89454032464664,0.6958124248496995,4.348827655310622,798.1541819403695,1457.2857817712327,215.84337157286188,350.6888273256852,503.9990876872263,0.24064519925490976,0.4573648204548667,0.31824012476164826,0.37757230008805126,3.983799872192218,4.68687042482808
dieterici,1.6666666666666667,102.65152674568489,2.2758720402060133,249.89454032464664,0.6974153106212425,4.358845691382766,800.4906915595595,1458.092790182959,216.40554462048306,350.8572636506832,503.0822499984222,0.24062752796868175,0.45853719549090094,0.3197908606246801,0.3776244499965624,3.9923511881192493,4.693644446711249
dieterici,1.6666666666666667,102.65152674568489,2.2758720402060133,249.89454032464664,0.6990181963927856,4.36886372745491,802.8284935482815,1458.898337775319,216.96799124385495,351.0287871388963,502.17403345198403,0.24061223325141473,0.45970493722793604,0.3213421160939306,0.377676080298855,4.000879174409515,4.700403609213303
dieterici,1.6666666666666667,102.65152674568489,2.2758720402060133,249.89454032464664,0.7006210821643286,4.378881763527054,805.1675855760119,1459.7024382092507,217.5307163200623,351.20333677545466,501.274291790553,0.24059926707138177,0.4608676674996408,0.3228936039381483,0.3777274782261803,4.009382429385037,4.707150056993889
dieterici,1.6666666666666667,102.65152674568489,2.2758720402060133,249.89454032464664,0.7022239679358718,4.388899799599199,807.5079653339184,1460.5051049249967,218.09372463710963,351.3808532772955,500.38288255832384,0.2405885827392164,0.46202562513871354,0.32444546777295913,0.3777785001629127,4.017861919053388,4.71388276833866
dieterici,1.6666666666666667,102.65152674568489,2.2758720402060133,249.89454032464664,0.7038268537074148,4.398917835671343,809.8496305345133,1461.3063511211708,218.6570208777631,351.5612786420516,499.49966641681704,0.24058013459827926,0.4631786387028879,0.325997563982737,0.37782928972467783,4.026317035472088,4.720602829290622
dieterici,1.6666666666666667,102.65152674568489,2.2758720402060133,249.89454032464664,0.7054297394789579,4.408935871743487,812.1925789113409,1462.1061897913876,219.22060964376942,351.74455502448836,498.6245055167262,0.24057387724668278,0.46432641248503687,0.3275496601925187,0.37788007928643924,4.034746696734276,4.7273119714688905
dieterici,1.6666666666666667,102.65152674568489,2.2758720402060133,249.89454032464664,0.707032625250501,4.418953907815632,814.5368082185414,1462.9046336999293,219.78449543744227,351.9306267864052,497.75726638034064,0.24056976694120796,0.4654695139086298,0.3291021323928931,0.37793049285760794,4.043153123219714,4.7340074729690995
dieterici,1.6666666666666667,102.65152674568489,2.2758720402060133,249.89454032464664,0.7086355110220441,4.428971943887776,816.8823162305642,1463.7016954078924,220.3486826786401,352.1194391540462,496.89781795749224,0.24056776067060603,0.4666079746793475,0.33065498058386045,0.3779805304381837,4.051536482038568,4.740689368276564
dieterici,1.6666666666666667,102.65152674568489,2.2758720402060133,249.89454032464664,0.7102383967935871,4.43898997995992,819.2291007418482,1464.497387260155,220.9131756942013,352.3109377438603,496.04603093044346,0.24056781583132683,0.4677416240090194,0.3322080611497948,0.37803033564379235,4.059896166501275,4.747358739854629
dieterici,1.6666666666666667,102.65152674568489,2.2758720402060133,249.89454032464664,0.7118412825651304,4.449008016032065,821.5771595664161,1465.2917214119611,221.47797873554202,352.5050704306681,495.20178031879664,0.24056989149641328,0.46887069615238874,0.33376151770632195,0.3780797648588084,4.06823311636581,4.754014572485464
dieterici,1.6666666666666667,102.65152674568489,2.2758720402060133,249.89454032464664,0.7134441683366733,4.459026052104209,823.9264905376435,1466.0847098092906,222.04309596335884,352.7017850201311,494.3649421683851,0.24057394682604039,0.46999502066093163,0.335315206637816,0.37812896169885735,4.076546725701162,4.760657946817263
dieterici,1.6666666666666667,102.65152674568489,2.2758720402060133,249.89454032464664,0.7150470541082165,4.469044088176353,826.2770915079018,1466.8763642060499,222.60853145860528,352.901030324222,493.53539504382513,0.2405799417970924,0.47111450533150084,0.3368690391849393,0.37817801492327713,4.084836687985493,4.767289540515529
dieterici,1.6666666666666667,102.65152674568489,2.2758720402060133,249.89454032464664,0.7166499398797594,4.479062124248497,828.6289603482105,1467.6666961633125,223.1742892207526,353.10275702794826,492.7130212097588,0.24058783779110654,0.47222983114238426,0.33842348009761863,0.3782264597821408,4.0931056404585195,4.773906005262496
dieterici,1.6666666666666667,102.65152674568489,2.2758720402060133,249.89454032464664,0.7182528256513027,4.489080160320642,830.9820949480006,1468.4557170568485,223.7403731718905,353.30691602466555,491.89770427187847,0.2405975964551255,0.4733399789779992,0.3399777773946761,0.37827504825662656,4.101349745489778,4.780512841972919
dieterici,1.6666666666666667,102.65152674568489,2.2758720402060133,249.89454032464664,0.7198557114228458,4.499098196392786,833.336493214775,1469.2434380739307,224.30678715328224,353.51345952796163,491.08933070659015,0.24060918045779506,0.4744459047534515,0.3415325942979516,0.3783231171248942,4.109572683707346,4.7871052628350945
dieterici,1.6666666666666667,102.65152674568489,2.2758720402060133,249.89454032464664,0.7214585971943888,4.50911623246493,835.692153073855,1470.0298702282587,224.87353493487376,353.7223400123491,490.2877883608374,0.24062255276311148,0.47554671733042486,0.34308726758560487,0.3783713296087839,4.117771108510601,4.7936881135147384
dieterici,1.6666666666666667,102.65152674568489,2.2758720402060133,249.89454032464664,0.723061482965932,4.519134268537075,838.0490724680355,1470.8150243601283,225.44062021437207,353.9335116551021,489.4929684309822,0.24063767760944607,0.4766434907099768,0.34464254923881427,0.3784189337271177,4.125949142600036,4.800255972374951
dieterici,1.6666666666666667,102.65152674568489,2.2758720402060133,249.89454032464664,0.724664368737475,4.529152304609219,840.407249357354,1471.5989111210238,226.00804660491826,354.1469291858877,488.7047638383128,0.2406545197265118,0.4777356103637408,0.34619797450765255,0.3784663942298224,4.134104491126144,4.806812241974323
dieterici,1.6666666666666667,102.65152674568489,2.2758720402060133,249.89454032464664,0.7262672545090181,4.539170340681363,842.7666817188151,1472.3815410117138,226.57581766151952,354.36254786505697,487.92306918011656,0.24067304431266145,0.4788232293173555,0.34775363215145777,0.3785136223575603,4.142237775210435,4.81335631108491
dieterici,1.6666666666666667,102.65152674568489,2.2758720402060133,249.89454032464664,0.7278701402805612,4.5491883767535075,845.1273675460918,1473.1629243532332,227.14393685901769,354.580324206178,487.1477817038946,0.24069321752843487,0.4799060580512663,0.3493092897952663,0.37856085048529486,4.150347937160742,4.819889890312246
dieterici,1.6666666666666667,102.65152674568489,2.2758720402060133,249.89454032464664,0.7294730260521043,4.5592064128256515,847.4893048492671,1473.9430713138806,227.71240761060187,354.8002158718077,486.3788011353627,0.2407150064184887,0.4809851589977706,0.35086569942025625,0.37860732663184804,4.158439041302323,4.826407580991171
dieterici,1.6666666666666667,102.65152674568489,2.2758720402060133,249.89454032464664,0.7310759118236473,4.5692244488977956,849.8524916546037,1474.7219918973149,228.28123325811111,355.0221808628626,485.61602854246735,0.24073837836113512,0.48205933163700854,0.352421965429624,0.3786539463940233,4.166506577354913,4.832915882466265
dieterici,1.6666666666666667,102.65152674568489,2.2758720402060133,249.89454032464664,0.7326787975951904,4.57924248496994,852.2169260042829,1475.4996959496204,228.85041707615414,355.2461778401742,484.8593667595796,0.24076330128386808,0.4831293175009541,0.35397860742958404,0.37870019016560635,4.174553391134916,4.839411076966627
dieterici,1.6666666666666667,102.65152674568489,2.2758720402060133,249.89454032464664,0.7342816833667335,4.5892605210420845,854.5826059561431,1476.2761931672458,229.41996227693505,355.472166389849,484.1087207296033,0.2407897438400119,0.4841946319556729,0.3555352494295475,0.378746433937186,4.182577686435372,4.845895905425868
dieterici,1.6666666666666667,102.65152674568489,2.2758720402060133,249.89454032464664,0.7358845691382766,4.5992785571142285,856.9495295834257,1477.0514930984746,229.98987201039347,355.7001072307205,483.3639977629189,0.24081767554667513,0.48525571888325725,0.35709219561229044,0.37879237352598616,4.1905811786701745,4.852368208614574
dieterici,1.6666666666666667,102.65152674568489,2.2758720402060133,249.89454032464664,0.7374874549098196,4.6092965931863725,859.3176949745902,1477.8256051338062,230.56014935610472,355.92996090772294,482.62510573992915,0.2408470658995627,0.48631311567497437,0.35864982196840156,0.37883763294141803,4.198565931856048,4.858825319385612
dieterici,1.6666666666666667,102.65152674568489,2.2758720402060133,249.89454032464664,0.7390903406813628,4.619314629258517,861.6871002329952,1478.598538534691,231.13079734357473,356.1616899214913,481.8919559862574,0.24087788580830863,0.4873654173343067,0.3602070723339273,0.3788832683474355,4.206526676131093,4.865274858856292
dieterici,1.6666666666666667,102.65152674568489,2.2758720402060133,249.89454032464664,0.7406932264529058,4.6293326653306615,864.0577434767514,1479.3703024096399,231.70181893365577,356.39525654348904,481.16446028570385,0.24091010611946342,0.48841417979894997,0.3617650746806339,0.3789281517722719,4.214469319028051,4.871708759473862
dieterici,1.6666666666666667,102.65152674568489,2.2758720402060133,249.89454032464664,0.7422961122244489,4.6393507014028055,866.4296228384458,1480.140905728964,232.27321702853874,356.63062425903854,480.4425328193067,0.24094369858888484,0.489458219473821,0.3633229334117184,0.3789731788127305,4.2223894296617726,4.878133479766976
dieterici,1.6666666666666667,102.65152674568489,2.2758720402060133,249.89454032464664,0.7438989979959921,4.64936873747495,868.8027364649603,1480.9103573341147,232.84499447777432,356.86775661012507,479.72608858393403,0.2409786350961489,0.49049795300355753,0.36488093575843167,0.37901806223756046,4.230288614447798,4.884546988960065
dieterici,1.6666666666666667,102.65152674568489,2.2758720402060133,249.89454032464664,0.7455018837675351,4.659386773547094,871.177082517216,1481.6786659246968,233.41715406781384,357.1066182461376,479.01504479295426,0.2410148883552102,0.49153383892634006,0.3664394028550747,0.3790624809124604,4.238168633534476,4.890947021182691
dieterici,1.6666666666666667,102.65152674568489,2.2758720402060133,249.89454032464664,0.7471047695390781,4.669404809619238,873.5526591699828,1482.4458400722513,233.98969853136157,357.3471743495463,478.3093200837274,0.24105243152230774,0.4925654721684892,0.36799801356734635,0.37910675597173177,4.246027993759832,4.897335907721219
dieterici,1.6666666666666667,102.65152674568489,2.2758720402060133,249.89454032464664,0.7487076553106212,4.6794228456913824,875.9294646116452,1483.2118882217972,234.5626305477358,357.5893912780028,477.6088353599742,0.24109123862721454,0.49359299859337513,0.36955685665458465,0.37915079865603657,4.253867276680255,4.903713045601103
dieterici,1.6666666666666667,102.65152674568489,2.2758720402060133,249.89454032464664,0.7503105410821644,4.689440881763527,878.3074970440491,1483.976818687836,235.13595273901,357.8332352385049,476.91351200051923,0.24113128367794096,0.4946163262243331,0.37111584335745174,0.3791946977247127,4.261686168512086,4.910079100200077
dieterici,1.6666666666666667,102.65152674568489,2.2758720402060133,249.89454032464664,0.7519134268537074,4.699458917835671,880.686754682256,1484.7406396656195,235.70966767768562,358.0786735079816,476.2232734775323,0.24117254148079695,0.4956355999582288,0.3726750624352851,0.37923836441842235,4.269485245621297,4.916433469646769
dieterici,1.6666666666666667,102.65152674568489,2.2758720402060133,249.89454032464664,0.7535163126252504,4.709476953907815,883.0672357543787,1485.5033592210373,236.28377787828015,358.3256735391483,475.5380441476334,0.24121498703782518,0.49665084566550655,0.3742345138880848,0.3792817987371656,4.277264636071203,4.92277618622732
dieterici,1.6666666666666667,102.65152674568489,2.2758720402060133,249.89454032464664,0.7551191983967936,4.71949498997996,885.448938501351,1486.2649853099788,236.85828581114242,358.57420397801013,474.85775058997984,0.24125859622752607,0.4976619714534717,0.37579410895651355,0.3793250894402801,4.285024025594234,4.929107913586967
dieterici,1.6666666666666667,102.65152674568489,2.2758720402060133,249.89454032464664,0.7567220841683368,4.729513026052104,887.8318611767653,1487.025525771718,237.43319389672604,358.8242338597288,474.18232052007414,0.24130334526269187,0.4986691207970139,0.37735393639990844,0.3793681477684283,4.292763982987323,4.935428051468345
dieterici,1.6666666666666667,102.65152674568489,2.2758720402060133,249.89454032464664,0.7583249699398797,4.739531062124248,890.2160020466979,1487.7849883194378,238.00850449764425,359.07573238629686,473.5116824845745,0.24134921054143665,0.49967250829672083,0.37891413983389516,0.3794108301059846,4.300485342203562,4.9417356122728116
dieterici,1.6666666666666667,102.65152674568489,2.2758720402060133,249.89454032464664,0.759927855711423,4.749549098196393,892.6013593894945,1488.5433805722928,238.58421994224045,359.3286697667232,472.84576695814087,0.24139616920574655,0.5006716629852918,0.380474343267885,0.379453512443538,4.308186367112512,4.948033298410171
dieterici,1.6666666666666667,102.65152674568489,2.2758720402060133,249.89454032464664,0.761530741482966,4.759567134268537,894.9879314956049,1489.3007100234076,239.1603424996283,359.5830167889441,472.1845057610026,0.24144419885712165,0.501666916732588,0.3820347790768411,0.3794959624061249,4.315868330862658,4.954319490499477
dieterici,1.6666666666666667,102.65152674568489,2.2758720402060133,249.89454032464664,0.7631336272545091,4.769585170340681,897.3757166674287,1490.056984065635,239.73687439849357,359.8387443398193,471.52783141583564,0.24149327722889882,0.5026579896182053,0.38359521488580034,0.3795384123687087,4.323530214351198,4.960595866429622
dieterici,1.6666666666666667,102.65152674568489,2.2758720402060133,249.89454032464664,0.7647365130260521,4.779603206412825,899.7647132191101,1490.812209980501,240.31381781804055,360.0958242594442,470.8756782575346,0.2415433827605652,0.5036453995916763,0.38515602668535115,0.3795804863407009,4.331173984592581,4.966859793372189
dieterici,1.6666666666666667,102.65152674568489,2.2758720402060133,249.89454032464664,0.7663393987975953,4.78962124248497,902.1549194763995,1491.5663949487525,240.89117489532396,360.3542285136352,470.2279813344316,0.24159449403927893,0.5046291696371901,0.38671721447549395,0.3796221843221013,4.33879975406146,4.973111306005106
dieterici,1.6666666666666667,102.65152674568489,2.2758720402060133,249.89454032464664,0.7679422845691383,4.799639278557114,904.5463337764594,1492.319546048013,241.4689477228311,360.61392991858025,469.58467734447817,0.24164659028528065,0.5056088329391668,0.38827840226563953,0.37966388230349873,4.346405804676246,4.979353094974241
dieterici,1.6666666666666667,102.65152674568489,2.2758720402060133,249.89454032464664,0.7695451703406814,4.809657314629258,906.9389544677213,1493.0716702548002,242.04713834935455,360.87490162762174,468.94570395115426,0.24169965100606097,0.5065847171234503,0.3898398224307515,0.3797053479099299,4.353993388578679,4.985583547876437
dieterici,1.6666666666666667,102.65152674568489,2.2758720402060133,249.89454032464664,0.7711480561122245,4.819675350701403,909.3327799097198,1493.822774446815,242.6257487811116,361.13711729733495,468.3109999887998,0.2417536561062737,0.5075565444191512,0.3914012425958664,0.3797468135163581,4.361561495372143,4.991804335304441
dieterici,1.6666666666666667,102.65152674568489,2.2758720402060133,249.89454032464664,0.7727509418837676,4.829693386773547,911.7278084729323,1494.5728654056263,243.20478098318677,361.4005511807308,467.68050557108273,0.241808585948499,0.5085248266325374,0.3929630387515729,0.3797879031321947,4.369112062432297,4.998012835710472
dieterici,1.6666666666666667,102.65152674568489,2.2758720402060133,249.89454032464664,0.7743538276553106,4.839711422845691,914.1240385386367,1495.3219498177934,243.78423687977386,361.66517783317136,467.05416169797763,0.24186442115508344,0.5094895857782038,0.3945252108978708,0.3798286167574398,4.376645196639801,5.004209083509099
dieterici,1.6666666666666667,102.65152674568489,2.2758720402060133,249.89454032464664,0.7759567134268538,4.849729458917836,916.5214684987669,1496.0700342737794,244.3641183527153,361.9309718285362,466.431909880826,0.24192114241779084,0.5104501740558548,0.39608723942854657,0.3798694739983072,4.384158507720935,5.01039676786458
dieterici,1.6666666666666667,102.65152674568489,2.2758720402060133,249.89454032464664,0.7775595991983968,4.85974749498998,918.9200967557242,1496.8171252785255,244.94442724914256,362.19790894392753,465.81369366068566,0.24197873128725078,0.5114069866603099,0.39764941157485045,0.37991018762354634,4.391653495758388,5.016573895102432
dieterici,1.6666666666666667,102.65152674568489,2.2758720402060133,249.89454032464664,0.7791624849699399,4.869765531062124,921.3199217222584,1497.5632292386267,245.52516537091765,362.46596535685006,465.19945755708966,0.24203716963665747,0.5123604590465942,0.3992120484710835,0.3799504364988564,4.399131807788416,5.022738240304292
dieterici,1.6666666666666667,102.65152674568489,2.2758720402060133,249.89454032464664,0.7807653707414829,4.879783567134268,923.7209418213422,1498.3083524823905,246.106334489632,362.73511718517324,464.5891464687891,0.24209643935054845,0.5133099028551578,0.4007745966079818,0.3799907741335011,4.4065909043284135,5.028893722620433
dieterici,1.6666666666666667,102.65152674568489,2.2758720402060133,249.89454032464664,0.7823682565130261,4.889801603206413,926.1231554859909,1499.0525012393737,246.68793633014877,363.0053416281715,463.98270712831203,0.24215652308911734,0.5142560503259769,0.4023376094948095,0.3800306470182166,4.414033536066903,5.035036487743689
dieterici,1.6666666666666667,102.65152674568489,2.2758720402060133,249.89454032464664,0.7839711422845692,4.899819639278557,928.5265611591827,1499.7956816678786,247.2699725914482,363.2766152847043,463.38008593795996,0.24221740316035253,0.5151983288627611,0.40390062238163993,0.3800705199029293,4.421457595758742,5.04116982644449
dieterici,1.6666666666666667,102.65152674568489,2.2758720402060133,249.89454032464664,0.7855740280561122,4.909837675350701,930.931157373634,1500.5379204823635,247.85246107063836,363.5464458810594,462.7780869750087,0.24227741326536661,0.5161369449641949,0.4054637788840985,0.3801102491720137,4.428863876011797,5.047292760966985
dieterici,1.6666666666666667,102.65152674568489,2.2758720402060133,249.89454032464664,0.7871769138276554,4.919855711422846,933.3369425131594,1501.27919781313,248.4353832150383,363.8167047144053,462.17908366410677,0.24233780448324777,0.517072033759666,0.40702716776152315,0.3801497460661323,4.436252902667465,5.053404700465596
dieterici,1.6666666666666667,102.65152674568489,2.2758720402060133,249.89454032464664,0.7887797995991984,4.92987374749499,935.7439150452615,1502.019519280292,249.01874036673144,364.087381456853,461.5830446492877,0.24239856858272335,0.5180036167527748,0.4085907890139137,0.3801890105852847,4.443624778463588,5.059505676234681
dieterici,1.6666666666666667,102.65152674568489,2.2758720402060133,249.89454032464664,0.7903826853707415,4.939891783567134,938.1520734468539,1502.7588904365298,249.6025338411265,364.3584658053015,460.98993886030456,0.24245969737664344,0.5189316029734926,0.41015455388193256,0.38022813148880896,4.45097918824251,5.065596339099844
dieterici,1.6666666666666667,102.65152674568489,2.2758720402060133,249.89454032464664,0.7919855711422846,4.949909819639279,940.5614162041223,1503.4973167585483,250.18676491978897,364.62994830320395,460.3997365473419,0.24252118326976774,0.5198556515878261,0.41171817513432896,0.38026739600795567,4.4583148899827085,5.071678722065806
dieterici,1.6666666666666667,102.65152674568489,2.2758720402060133,249.89454032464664,0.7935884569138277,4.959927855711423,942.971941812435,1504.2348036701496,250.77143486823365,364.9018179196006,459.812406217022,0.24258301764411022,0.5207766221804034,0.41328231599294185,0.3803061409208859,4.465635096523647,5.077748227649286
dieterici,1.6666666666666667,102.65152674568489,2.2758720402060133,249.89454032464664,0.7951913426853707,4.969945891783567,945.3836487761668,1504.9713565152204,251.35654491419507,365.174066269905,459.2279199578654,0.24264519367031012,0.5216941721543122,0.4148466892265205,0.3803446534588502,4.472938557562105,5.083806891951344
dieterici,1.6666666666666667,102.65152674568489,2.2758720402060133,249.89454032464664,0.7967942284569138,4.979963927855711,947.7965356086478,1505.7069805797437,251.94209626457848,365.4466816730233,458.64624594577447,0.24270770235276126,0.5226078502738476,0.41641091884447673,0.3803833096124371,4.480223622093067,5.089857361882289
dieterici,1.6666666666666667,102.65152674568489,2.2758720402060133,249.89454032464664,0.7983971142284569,4.989981963927856,950.210600831974,1506.4416810878297,252.52809010201463,365.7196585617342,458.0673602698989,0.24277053878225224,0.5235180396186399,0.41797529207806106,0.3804218221503959,4.48749173271611,5.0958976650881835
dieterici,1.6666666666666667,102.65152674568489,2.2758720402060133,249.89454032464664,0.8,5.0,952.6258429769781,1507.1754631986653,253.11452758195412,365.99298535009467,457.4912316876183,0.2428336940765682,0.5244253420964995,0.4195402736771996,0.38045972632280045,4.494745139931315,5.101924602663061
clausius,4.74,472.44629664102473,1.7259869725268282,249.8168525024713,0.00016,0.001,0.1499756320118259,938.7169968976802,0.00021908749180296616,-0.0507593781012623,-317.2461131328893,-5.407314267134235e-05,0.9428850103467418,0.00015086160165547868,9.138398344521329e-06,0.09387935461865343,0.09874022066304007
clausius,4.74,472.44629664102473,1.7259869725268282,249.8168525024713,0.0017628857715430862,0.011018036072144289,1.6542348784956273,938.2165820565996,-0.00026621536226145714,-0.6105703892487536,-346.3471083065752,-0.0006507776572338602,0.002750439909336039,4.8487113816527595e-06,0.0017580370601614334,0.016831241934399385,0.29666937491383855
clausius,4.74,472.44629664102473,1.7259869725268282,249.8168525024713,0.0033657715430861724,0.021036072144288577,3.1576737559526706,937.6570273365305,-0.0017344161686030368,-1.2353407233264193,-367.03047355189767,-0.0013174760998010933,0.0,0.0,0.0033657715430861724,0.0,0.3686961853159741
clausius,4.74,472.44629664102473,1.7259869725268282,249.8168525024713,0.004968657314629259,0.03105410821643287,4.660191583062637,937.0576897511988,-0.004273038650747907,-1.895069696819996,-381.4047894267787,-0.0020223618220593887,0.0,0.0,0.004968657314629259,0.0,0.420200775972389
clausius,4.74,472.44629664102473,1.7259869725268282,249.8168525024713,0.0065715430861723444,0.04107214428857715,6.16172412426202,936.4322967036177,-0.007918939190871832,-2.5692292609206877,-390.9628571601071,-0.0027436358933419537,0.0,0.0,0.0065715430861723444,0.0,0.46167619782334046
clausius,4.74,472.44629664102473,1.7259869725268282,249.8168525024713,0.008174428857715431,0.051090180360721445,7.66223185454287,935.7908022778938,-0.012676515617779494,-3.2435114779547867,-396.7875351797086,-0.0034660647123902683,0.0,0.0,0.008174428857715431,0.0,0.49698105548201454
clausius,4.74,472.44629664102473,1.7259869725268282,249.8168525024713,0.009777314629258517,0.06110821643286573,9.161692450782029,935.1405590903931,-0.018528981974538894,-3.9078069242990487,-399.6810036781444,-0.00417884443820954,0.0,0.0,0.009777314629258517,0.0,0.5280406552669528
clausius,4.74,472.44629664102473,1.7259869725268282,249.8168525024713,0.011380200400801604,0.07112625250501002,10.660095829996333,934.4870817312186,-0.025445567934797353,-4.554908174738982,-400.24850304201505,-0.004874233431135954,0.0,0.0,0.011380200400801604,0.0,0.555970929478981
clausius,4.74,472.44629664102473,1.7259869725268282,249.8168525024713,0.012983086172344688,0.0811442885771543,12.157440777011951,933.834558061106,-0.033386238991193196,-5.179655170336553,-398.95407775770235,-0.005546651840654648,0.0,0.0,0.012983086172344688,0.0,0.5814832326288889
clausius,4.74,472.44629664102473,1.7259869725268282,249.8168525024713,0.014585971943887775,0.09116232464929859,13.653732595074601,933.186200100564,-0.04230486198453143,-5.7783580624267135,-396.1585888589429,-0.00619207405960784,0.0,0.0,0.014585971943887775,0.0,0.6050620799510076
clausius,4.74,472.44629664102473,1.7259869725268282,249.8168525024713,0.01618885771543086,0.10118036072144287,15.148981433100522,932.5444901198761,-0.052151369240828416,-6.348398982205761,-392.1461967112483,-0.00680760977032816,0.0,0.0,0.01618885771543086,0.0,0.6270540460077513
clausius,4.74,472.44629664102473,1.7259869725268282,249.8168525024713,0.01779174348697395,0.11119839679358719,16.643259495148012,931.8912196742465,-0.06328995694052608,-6.921666718904911,-389.03813580566407,-0.007427547950633617,0.0,0.0,0.01779174348697395,0.0,0.6477165723238898
clausius,4.74,472.44629664102473,1.7259869725268282,249.8168525024713,0.019394629258517034,0.12121643286573146,18.13648517337369,931.2560323959107,-0.07511968029747251,-7.438553392358076,-383.53676645257246,-0.007987656598819946,0.0,0.0,0.019394629258517034,0.0,0.6672467183938571
clausius,4.74,472.44629664102473,1.7259869725268282,249.8168525024713,0.02099751503006012,0.13123446893787574,19.62869695615985,930.6362353652979,-0.08764861655843958,-7.909943406012159,-376.7085483538531,-0.008499500777451792,0.0,0.0,0.02099751503006012,0.0,0.6857990595348855
clausius,4.74,472.44629664102473,1.7259869725268282,249.8168525024713,0.022600400801603207,0.14125250501002004,21.119922896540253,930.0314261985056,-0.10083990636737283,-8.340284112819312,-369.0325753969671,-0.008967744398606122,0.0,0.0,0.022600400801603207,0.0,0.7034973362659825
clausius,4.74,472.44629664102473,1.7259869725268282,249.8168525024713,0.024203286573146292,0.1512705410821643,22.610188746820988,929.44161849858,-0.11464690129094635,-8.732294115061508,-360.78960139033546,-0.009395204541375773,0.0,0.0,0.024203286573146292,0.0,0.720442320641643
clausius,4.74,472.44629664102473,1.7259869725268282,249.8168525024713,0.025806172344689376,0.1612885771543086,24.099519557735757,928.8669075596318,-0.12902005597324262,-9.087963163624712,-352.16238356615156,-0.009783923928887819,0.0,0.0,0.025806172344689376,0.0,0.7367172946344736
clausius,4.74,472.44629664102473,1.7259869725268282,249.8168525024713,0.027409058116232465,0.1713066132264529,25.587940147412006,928.3073782881023,-0.1439092661860144,-9.4089078736962,-343.2773148860582,-0.010135552182130912,0.0,0.0,0.027409058116232465,0.0,0.7523919672043207
clausius,4.74,472.44629664102473,1.7259869725268282,249.8168525024713,0.02901194388777555,0.18132464929859718,27.07547523872122,927.763079205014,-0.15926484367549065,-9.696526221041657,-334.22531970108275,-0.010451511208390036,0.0,0.0,0.02901194388777555,0.0,0.7675253393393034
clausius,4.74,472.44629664102473,1.7259869725268282,249.8168525024713,0.030614829659318638,0.19134268537074148,28.562149482113295,927.2340178181256,-0.17503797228575735,-9.95207360484294,-325.0736233253448,-0.010733076454918215,0.0,0.0,0.030614829659318638,0.0,0.7821678415155418
clausius,4.74,472.44629664102473,1.7259869725268282,249.8168525024713,0.03221771543086172,0.20136072144288575,30.04798743715796,926.720163272893,-0.19118093279017856,-10.176703714395453,-315.8729158259021,-0.010981420408998589,0.0,0.0,0.03221771543086172,0.0,0.7963629563638941
clausius,4.74,472.44629664102473,1.7259869725268282,249.8168525024713,0.03382060120240481,0.21137875751503005,31.53301354070149,926.22145125547,-0.20764721267761388,-10.371492030498528,-306.6619652450491,-0.01119763747259387,0.0,0.0,0.03382060120240481,0.0,0.8101484697032144
clausius,4.74,472.44629664102473,1.7259869725268282,249.8168525024713,0.0354234869739479,0.22139679358717437,33.01725207289371,925.7377892541491,-0.22439155395803567,-10.537450147066556,-297.4707192100059,-0.011382758994376147,0.0,0.0,0.0354234869739479,0.0,0.8235574484502542
clausius,4.74,472.44629664102473,1.7259869725268282,249.8168525024713,0.037026372745490976,0.2314148296593186,34.500727125605515,925.2690614755678,-0.24136996554053525,-10.675534977020458,-288.3224627592102,-0.011537762821114657,0.0,0.0,0.037026372745490976,0.0,0.8366190145674128
clausius,4.74,472.44629664102473,1.7259869725268282,249.8168525024713,0.03862925851703407,0.24143286573146291,35.98346257487133,924.8151331881292,-0.2585397144817989,-10.78665498278688,-279.23536192211316,-0.011663579666567394,0.0,0.0,0.03862925851703407,0.0,0.8493589644868189
clausius,4.74,472.44629664102473,1.7259869725268282,249.8168525024713,0.04023214428857715,0.2514509018036072,37.4654820577263,924.3758544588649,-0.27585930426045024,-10.871674613757914,-270.223593745776,-0.011761097567960878,0.0,0.0,0.04023214428857715,0.0,0.8618002699296086
clausius,4.74,472.44629664102473,1.7259869725268282,249.8168525024713,0.04183503006012024,0.2614689378757515,38.94680895326138,923.9510633250483,-0.29328844497793227,-10.931417628829937,-261.2981898930305,-0.011831165158780967,0.0,0.0,0.04183503006012024,0.0,0.873963486604015
clausius,4.74,472.44629664102473,1.7259869725268282,249.8168525024713,0.04343791583166333,0.2714869739478958,40.42746636750236,923.5405884673768,-0.31078801853163185,-10.966669705335072,-252.4676770366847,-0.011874594189232495,0.0,0.0,0.04343791583166333,0.0,0.8858670905729022
clausius,4.74,472.44629664102473,1.7259869725268282,249.8168525024713,0.045040801603206414,0.2815050100200401,41.90747712165387,923.1442514545685,-0.3283200407481601,-10.978180576664773,-243.73857004985555,-0.011892161554780642,0.0,0.0,0.045040801603206414,0.0,0.8975277572625553
clausius,4.74,472.44629664102473,1.7259869725268282,249.8168525024713,0.0466436873747495,0.2915230460921844,43.38686374325793,922.7618686250291,-0.3458476217724069,-10.966665852048461,-235.11575669262487,-0.011884610997623314,0.0,0.0,0.0466436873747495,0.0,0.9089605945674942
clausius,4.74,472.44629664102473,1.7259869725268282,249.8168525024713,0.04824657314629258,0.3015410821643286,44.86564845984823,922.3932526626716,-0.36333492561190894,-10.932808611887614,-226.60280096448105,-0.011852654581251421,0.0,0.0,0.04824657314629258,0.0,0.9201793389067989
clausius,4.74,472.44629664102473,1.7259869725268282,249.8168525024713,0.04984945891783567,0.3115591182364729,46.34385319473021,922.038213916296,-0.38074712943523537,-10.877260841203483,-218.20218468432967,-0.01179697400501769,0.0,0.0,0.04984945891783567,0.0,0.9311965211440891
clausius,4.74,472.44629664102473,1.7259869725268282,249.8168525024713,0.05145234468937876,0.3215771543086172,47.82149956456331,921.6965615036679,-0.3980503830614026,-10.800644741874894,-209.91550155933822,-0.011718221802037083,0.0,0.0,0.05145234468937876,0.0,0.9420236078147451
clausius,4.74,472.44629664102473,1.7259869725268282,249.8168525024713,0.053055230460921844,0.3315951903807615,49.298608878465174,921.3681042350345,-0.4152117689327568,-10.703553949162433,-201.74361427090966,-0.011617022447341016,0.0,0.0,0.053055230460921844,0.0,0.952671121983106
clausius,4.74,472.44629664102473,1.7259869725268282,249.8168525024713,0.05465811623246493,0.3416132264529058,50.77520213839876,921.0526513850656,-0.43219926277384957,-10.586554671307425,-193.6867825133607,-0.011493973395969838,0.0,0.0,0.05465811623246493,0.0,0.9631487471889585
clausius,4.74,472.44629664102473,1.7259869725268282,249.8168525024713,0.056261002004008014,0.35163126252505006,52.25130004063767,920.7500133370067,-0.44898169509393426,-10.45018676480337,-185.7447680021572,-0.011349646064005499,0.0,0.0,0.056261002004008014,0.0,0.9734654172717563
clausius,4.74,472.44629664102473,1.7259869725268282,249.8168525024713,0.0578638877755511,0.36164929859719436,53.726922978134276,920.4600021193722,-0.4655287136153916,-10.294964752991145,-177.91692104969516,-0.011184586760192558,0.0,0.0,0.0578638877755511,0.0,0.9836293943355016
clausius,4.74,472.44629664102473,1.7259869725268282,249.8168525024713,0.05946677354709418,0.37166733466933866,55.20209104364259,920.1824318518944,-0.48181074669155777,-10.121378794720675,-170.20225229985178,-0.010999317574832525,0.0,0.0,0.05946677354709418,0.0,0.99364833670247
clausius,4.74,472.44629664102473,1.7259869725268282,249.8168525024713,0.061069659318637275,0.38168537074148295,56.67682403346878,919.9171191144445,-0.4977989677673875,-9.929895608101042,-162.59949243028822,-0.010794337230793167,0.0,0.0,0.061069659318637275,0.0,1.0035293583742717
clausius,4.74,472.44629664102473,1.7259869725268282,249.8168525024713,0.06267254509018036,0.39170340681362725,58.15114145174058,919.6638832510288,-0.5134652608801105,-9.720959351098013,-155.10714200469113,-0.010570121897941934,0.0,0.0,0.06267254509018036,0.0,1.013279081254915
clausius,4.74,472.44629664102473,1.7259869725268282,249.8168525024713,0.06427543086172344,0.4017214428857715,59.62506251510459,919.4225466184392,-0.5287821872214025,-9.49499246389107,-147.7235132708448,-0.01032712597576911,0.0,0.0,0.06427543086172344,0.0,1.0229036811780845
clausius,4.74,472.44629664102473,1.7259869725268282,249.8168525024713,0.06587831663326653,0.4117394789579158,61.09860615777172,919.1929347879792,-0.5437229527477143,-9.252396472632952,-140.44676527087785,-0.010065782843258155,0.0,0.0,0.06587831663326653,0.0,1.0324089286087208
clausius,4.74,472.44629664102473,1.7259869725268282,249.8168525024713,0.06748120240480962,0.4217575150300601,62.57179103684456,918.9748767074119,-0.5582613768167306,-8.99355275901,-133.27493344085698,-0.009786505580253655,0.0,0.0,0.06748120240480962,0.0,1.0418002247487734
clausius,4.74,472.44629664102473,1.7259869725268282,249.8168525024713,0.0690840881763527,0.43177555110220434,64.0446355378689,918.7682048287077,-0.5723718618531848,-8.718823295421283,-126.20595459209828,-0.0094896876596277,0.0,0.0,0.0690840881763527,0.0,1.0510826336621384
clausius,4.74,472.44629664102473,1.7259869725268282,249.8168525024713,0.07068697394789579,0.4417935871743487,65.51715778056052,918.5727552069894,-0.5860293639971985,-8.428551347475778,-119.2376880312993,-0.009175703611606143,0.0,0.0,0.07068697394789579,0.0,1.0602609109392418
clausius,4.74,472.44629664102473,1.7259869725268282,249.8168525024713,0.07228985971943888,0.451811623246493,66.98937562466571,918.3883675748593,-0.5992093647146532,-8.123062145841024,-112.36793344691907,-0.00884490966201061,0.0,0.0,0.07228985971943888,0.0,1.0693395293435124
clausius,4.74,472.44629664102473,1.7259869725268282,249.8168525024713,0.07389274549098196,0.46182965931863723,68.46130667591969,918.2148853955943,-0.6118878433518802,-7.8026635274906555,-105.59444605347504,-0.008497644344035042,0.0,0.0,0.07389274549098196,0.0,1.078322701816995
clausius,4.74,472.44629664102473,1.7259869725268282,249.8168525024713,0.07549563126252505,0.4718476953907816,69.93296829207279,918.0521558985483,-0.6240412505898121,-7.467646549101358,-98.9149494377192,-0.008134229086137661,0.0,0.0,0.07549563126252505,0.0,1.087214402168096
clausius,4.74,472.44629664102473,1.7259869725268282,249.8168525024713,0.07709851703406813,0.4818657314629258,71.40437758895821,917.9000300994704,-0.6356464827625388,-7.1182860715295995,-92.32714642726768,-0.0077549687744952025,0.0,0.0,0.07709851703406813,0.0,1.0960183837189843
clausius,4.74,472.44629664102473,1.7259869725268282,249.8168525024713,0.07870140280561122,0.4918837675350701,72.87555144657959,917.7583628076783,-0.6466808570342266,-6.754841319037168,-85.82872831023495,-0.007360152293651924,0.0,0.0,0.07870140280561122,0.0,1.104738196151913
clausius,4.74,472.44629664102473,1.7259869725268282,249.8168525024713,0.0803042885771543,0.5019018036072144,74.34650651519937,917.6270126225286,-0.6571220873678243,-6.377556411293193,-79.41738261171196,-0.006950053042865946,0.0,0.0,0.0803042885771543,0.0,1.1133772007613951
clausius,4.74,472.44629664102473,1.7259869725268282,249.8168525024713,0.0819071743486974,0.5119198396793587,75.81725922141293,917.5058419205313,-0.6669482612795719,-5.986660872351543,-73.09079967604511,-0.006524929432405805,0.0,0.0,0.0819071743486974,0.0,1.1219385842917808
clausius,4.74,472.44629664102473,1.7259869725268282,249.8168525024713,0.08351006012024048,0.521937875751503,77.28782577419327,917.3947168347546,-0.6761378173319201,-5.58237011423985,-66.84667818706122,-0.006085025356915558,0.0,0.0,0.08351006012024048,0.0,1.1304253715164554
clausius,4.74,472.44629664102473,1.7259869725268282,249.8168525024713,0.08511294589178357,0.5319559118236473,78.75822217089795,917.293507227692,-0.6846695233430182,-5.164885898839371,-60.68272980947269,-0.005630570649572182,0.0,0.0,0.08511294589178357,0.0,1.1388404366949976
clausius,4.74,472.44629664102473,1.7259869725268282,249.8168525024713,0.08671583166332665,0.5419739478957916,80.22846420322607,917.202086658707,-0.6925224552776825,-4.734396777753594,-54.596683061690996,-0.005161781516438344,0.0,0.0,0.08671583166332665,0.0,1.1471865140275863
clausius,4.74,472.44629664102473,1.7259869725268282,249.8168525024713,0.08831871743486973,0.5519919839679358,81.69856746311848,917.1203323470434,-0.6996759767861391,-4.2910785096370425,-48.58628651170665,-0.004678860950182571,0.0,0.0,0.08831871743486973,0.0,1.1554662072113142
clausius,4.74,472.44629664102473,1.7259869725268282,249.8168525024713,0.08992160320641283,0.5620100200400802,83.16854734859656,917.0481251310587,-0.7061097193766841,-3.835094459641346,-42.64931143229265,-0.004181999128010058,0.0,0.0,0.08992160320641283,0.0,1.1636819981904585
clausius,4.74,472.44629664102473,1.7259869725268282,249.8168525024713,0.09152448897795591,0.5720280561122244,84.6384190695309,916.9853494246814,-0.7118035631645938,-3.3665959771998955,-36.78355394052793,-0.0036713737894635994,0.0,0.0,0.09152448897795591,0.0,1.1718362551818626
clausius,4.74,472.44629664102473,1.7259869725268282,249.8168525024713,0.093127374749499,0.5820460921843688,86.1081976533388,916.9318931713174,-0.71673761820594,-2.885722755350379,-30.986836718125176,-0.003147150597379447,0.0,0.0,0.093127374749499,0.0,1.1799312400471522
clausius,4.74,472.44629664102473,1.7259869725268282,249.8168525024713,0.09473026052104208,0.592064128256513,87.57789795060619,916.8876477960708,-0.7208922063589256,-2.392603173483472,-25.257010382147232,-0.0026094834838647774,0.0,0.0,0.09473026052104208,0.0,1.1879691150753036
clausius,4.74,472.44629664102473,1.7259869725268282,249.8168525024713,0.09633314629258516,0.6020821643286572,89.0475346406305,916.8525081566236,-0.724247843654851,-1.887354620447578,-19.59195451496272,-0.002058514977771284,0.0,0.0,0.09633314629258516,0.0,1.1959519492319532
clausius,4.74,472.44629664102473,1.7259869725268282,249.8168525024713,0.09793603206412826,0.6121002004008016,90.51712223688476,916.8263724929875,-0.7267852231731382,-1.3700838026416111,-13.989578439776729,-0.0014943765185507797,0.0,0.0,0.09793603206412826,0.0,1.2038817239256001
clausius,4.74,472.44629664102473,1.7259869725268282,249.8168525024713,0.09953891783567134,0.6221182364729458,91.98667509239975,916.8091423768199,-0.7284851983611702,-0.840887035678164,-8.447821756173633,-0.0009171887547916152,0.0,0.0,0.09953891783567134,0.0,1.2117603383354019
clausius,4.74,472.44629664102473,1.7259869725268282,249.8168525024713,0.10114180360721443,0.6321362725450902,93.45620740506479,916.8007226602809,-0.7293287668063897,-0.2998505199811883,-2.96465466589524,-0.00032706182769044067,0.0,0.0,0.10114180360721443,0.0,1.2195896143404894
clausius,4.74,472.44629664102473,1.7259869725268282,249.8168525024713,0.10274468937875751,0.6421543086172344,94.92573322284584,916.8010214248502,-0.7292970544219912,0.2529493982339976,2.4619218741469564,0.000275904359095145,0.0,0.0,0.10274468937875751,0.0,1.2273713010865068
clausius,4.74,472.44629664102473,1.7259869725268282,249.8168525024713,0.10434757515030059,0.6521723446893787,96.39526644892206,916.809949930328,-0.7283713000238379,0.8174459798291227,7.833876145676471,0.000891619882497178,0.0,0.0,0.10434757515030059,0.0,1.2351070792214058
clausius,4.74,472.44629664102473,1.7259869725268282,249.8168525024713,0.10595046092184368,0.662190380761523,97.8648208467405,916.8274225642201,-0.7265328402754392,1.3935818603218906,13.153145802262172,0.0015200045570454954,0.0,0.0,0.10595046092184368,0.0,1.2427985648292272
clausius,4.74,472.44629664102473,1.7259869725268282,249.8168525024713,0.10755334669338677,0.6722084168336673,99.33441004498948,916.8533567914501,-0.723763095003207,1.9813088303008726,18.421638109962217,0.0021609877038946657,0.0,0.0,0.10755334669338677,0.0,1.2504473130877385
clausius,4.74,472.44629664102473,1.7259869725268282,249.8168525024713,0.10915623246492986,0.6822264529058116,100.80404754249271,916.8876731049634,-0.7200435528187086,2.580587628531551,23.64123028303173,0.00281450793180871,0.0,0.0,0.10915623246492986,0.0,1.2580548216732177
clausius,4.74,472.44629664102473,1.7259869725268282,249.8168525024713,0.11075911823647294,0.6922444889779559,102.27374671302418,916.9302949768512,-0.7153557570791094,3.191387747221005,28.81376990025623,0.0034805129296132313,0.0,0.0,0.11075911823647294,0.0,1.2656225339334095
clausius,4.74,472.44629664102473,1.7259869725268282,249.8168525024713,0.11236200400801602,0.7022625250501001,103.74352081004481,916.9811488105292,-0.7096812921209903,3.81368725089915,33.94107540683484,0.004158959271786678,0.0,0.0,0.11236200400801602,0.0,1.273151841847654
clausius,4.74,472.44629664102473,1.7259869725268282,249.8168525024713,0.11396488977955911,0.7122805611222445,105.21338297136451,917.0401638937584,-0.703001769783512,4.447472604359097,39.024936653400786,0.0048498122322964575,0.0,0.0,0.11396488977955911,0.0,1.280644088791388
clausius,4.74,472.44629664102473,1.7259869725268282,249.8168525024713,0.1155677755511022,0.7222985971943887,106.68334622372824,917.10727235277,-0.6952988161797578,5.092738514113566,44.06711550713926,0.005553045611609345,0.0,0.0,0.1155677755511022,0.0,1.2881005721206105
clausius,4.74,472.44629664102473,1.7259869725268282,249.8168525024713,0.1171706613226453,0.7323166332665331,108.15342348733037,917.1824091074459,-0.6865540587139236,5.7494877787389225,49.069346488596906,0.0062686415718919255,0.0,0.0,0.1171706613226453,0.0,1.295522545590467
clausius,4.74,472.44629664102473,1.7259869725268282,249.8168525024713,0.11877354709418837,0.7423346693386773,109.62362758025782,917.2655118276268,-0.6767491133243766,6.417731150451701,54.033337451498255,0.006996590483015702,0.0,0.0,0.11877354709418837,0.0,1.3029112216208223
clausius,4.74,472.44629664102473,1.7259869725268282,249.8168525024713,0.12037643286573145,0.7523527054108216,111.09397122286319,917.3565208905859,-0.6658655719366067,7.097487208139099,58.960770303400466,0.007736890779659726,0.0,0.0,0.12037643286573145,0.0,1.3102677734205292
clausius,4.74,472.44629664102473,1.7259869725268282,249.8168525024713,0.12197931863727454,0.7623707414829659,112.56446704207266,917.4553793397733,-0.6538849901048707,7.788782237220224,63.8533017255281,0.008489548824516404,0.0,0.0,0.12197931863727454,0.0,1.3175933369810777
clausius,4.74,472.44629664102473,1.7259869725268282,249.8168525024713,0.12358220440881763,0.7723887775551102,114.03512757562629,917.562032844846,-0.6407888748242812,8.491650121986472,68.71256393756794,0.009254578783800175,0.0,0.0,0.12358220440881763,0.0,1.324889012949362
clausius,4.74,472.44629664102473,1.7259869725268282,249.8168525024713,0.12518509018036073,0.7824068136272545,115.50596527625743,917.6764296628013,-0.6265586725281906,9.20613224536076,73.54016546297169,0.010032002509581223,0.0,0.0,0.12518509018036073,0.0,1.3321558683884718
clausius,4.74,472.44629664102473,1.7259869725268282,249.8168525024713,0.1267879759519038,0.7924248496993987,116.97699251580893,917.7985206005692,-0.6111757572110719,9.932277398987399,78.3376919176874,0.010821849432147842,0.0,0.0,0.1267879759519038,0.0,1.3393949384346573
clausius,4.74,472.44629664102473,1.7259869725268282,249.8168525024713,0.12839086172344688,0.802442885771543,118.44822158929225,917.9282589787538,-0.5946214187067369,10.67014169990877,83.10670679111252,0.01162415645834882,0.0,0.0,0.12839086172344688,0.0,1.3466072278579235
clausius,4.74,472.44629664102473,1.7259869725268282,249.8168525024713,0.12999374749499,0.8124609218436873,119.91966471888783,918.0656005968293,-0.5768768510672686,11.419788519154412,87.84875226090806,0.012438967881740119,0.0,0.0,0.12999374749499,0.0,1.353793712533103
clausius,4.74,472.44629664102473,1.7259869725268282,249.8168525024713,0.13159663326653306,0.8224789579158316,121.39133405789222,918.2105036995522,-0.5579231410636538,12.181288414258432,92.56534997811613,0.013266335295859645,0.0,0.0,0.13159663326653306,0.0,1.3609553408276829
clausius,4.74,472.44629664102473,1.7259869725268282,249.8168525024713,0.13319951903807614,0.8324969939879758,122.86324169461052,918.3629289446886,-0.5377412567790998,12.95471907546471,97.25800189835147,0.014106317521278073,0.0,0.0,0.13319951903807614,0.0,1.3680930349121683
clausius,4.74,472.44629664102473,1.7259869725268282,249.8168525024713,0.13480240480961922,0.8425150300601201,124.33539965620025,918.522839372004,-0.5163120362945222,13.74016527418543,101.92819107040856,0.0149589805339839,0.0,0.0,0.13480240480961922,0.0,1.3752076919982845
clausius,4.74,472.44629664102473,1.7259869725268282,249.8168525024713,0.13640529058116233,0.8525330661322645,125.8078199124652,918.6902003737619,-0.49361617641598343,14.537718822851716,106.57738245278432,0.015824397405063383,0.0,0.0,0.13640529058116233,0.0,1.3823001855099197
clausius,4.74,472.44629664102473,1.7259869725268282,249.8168525024713,0.1380081763527054,0.8625511022044088,127.28051437960329,918.8649796663037,-0.46963422149097767,15.347478541269302,111.20702372043512,0.016702648246364676,0.0,0.0,0.1380081763527054,0.0,1.389371366191311
clausius,4.74,472.44629664102473,1.7259869725268282,249.8168525024713,0.13961106212424848,0.872569138276553,128.75349492390987,919.047147263089,-0.44434655224941366,16.169550231183806,115.81854607476252,0.017593820163999775,0.0,0.0,0.13961106212424848,0.0,1.396422063156644
clausius,4.74,472.44629664102473,1.7259869725268282,249.8168525024713,0.1412139478957916,0.8825871743486974,130.22677336543984,919.2366754488144,-0.4177333747102807,17.004046655257476,120.41336502967512,0.01849800721555774,0.0,0.0,0.1412139478957916,0.0,1.4034530848849078
clausius,4.74,472.44629664102473,1.7259869725268282,249.8168525024713,0.14281683366733466,0.8926052104208416,131.700361481627,919.43353875523,-0.38977470905243194,17.85108752955259,124.99288123928997,0.019415310380911474,0.0,0.0,0.14281683366733466,0.0,1.4104652201635588
clausius,4.74,472.44629664102473,1.7259869725268282,249.8168525024713,0.14441971943887777,0.9026232464929861,133.17427101086835,919.6377139377468,-0.3604503785680322,18.710799515513397,129.55848126704262,0.020345837531386836,0.0,0.0,0.14441971943887777,0.0,1.4174592389842926
clausius,4.74,472.44629664102473,1.7259869725268282,249.8168525024713,0.14602260521042085,0.9126412825651303,134.6485136560701,919.8491799537318,-0.3297399985569598,19.583316224982365,134.1115383934049,0.02128970341199565,0.0,0.0,0.14602260521042085,0.0,1.4244358933939645
clausius,4.74,472.44629664102473,1.7259869725268282,249.8168525024713,0.14762549098196392,0.9226593186372745,136.12310108816058,920.0679179417689,-0.29762296525365173,20.46877822872715,138.65341339476333,0.02224702962637441,0.0,0.0,0.14762549098196392,0.0,1.4313959183034912
clausius,4.74,472.44629664102473,1.7259869725268282,249.8168525024713,0.149228376753507,0.9326773547094187,137.59804494957092,920.2939112023772,-0.2640784447040403,21.367333073531086,143.18545532948667,0.0232179446299002,0.0,0.0,0.149228376753507,0.0,1.4383400322573552
clausius,4.74,472.44629664102473,1.7259869725268282,249.8168525024713,0.15083126252505008,0.942695390781563,139.07335685768544,920.52714517993,-0.22908536161651227,22.279135305601308,147.70900231575789,0.024202583728529306,0.0,0.0,0.15083126252505008,0.0,1.4452689381661494
clausius,4.74,472.44629664102473,1.7259869725268282,249.8168525024713,0.15243414829659319,0.9527134268537074,140.54904840826467,920.7676074456879,-0.1926223881893918,23.204346500786578,152.22538230500405,0.025201089083876468,0.0,0.0,0.15243414829659319,0.0,1.452183324004428
clausius,4.74,472.44629664102473,1.7259869725268282,249.8168525024713,0.15403703406813626,0.9627314629258517,142.02513117884146,921.0152876823408,-0.15466793284241476,24.14313530186824,156.73591385295592,0.026213609724788017,0.0,0.0,0.15403703406813626,0.0,1.4590838634759709
clausius,4.74,472.44629664102473,1.7259869725268282,249.8168525024713,0.15563991983967934,0.9727494989979959,143.5016167320938,921.2701776694512,-0.11520012893325315,25.095677461875688,161.24190688176978,0.027240301564260487,0.0,0.0,0.15563991983967934,0.0,1.4659712166484267
clausius,4.74,472.44629664102473,1.7259869725268282,249.8168525024713,0.15724280561122245,0.9827675350701403,144.97851661919532,921.5322712703306,-0.07419682336640676,26.062155894345192,165.74466343969337,0.02828132742266156,0.0,0.0,0.15724280561122245,0.0,1.4728460305591606
clausius,4.74,472.44629664102473,1.7259869725268282,249.8168525024713,0.15884569138276552,0.9927855711422845,146.45584238314552,921.8015644202179,-0.03163556510114063,27.04276073077425,170.24547846003674,0.02933685705749831,0.0,0.0,0.15884569138276552,0.0,1.4797089397940157
clausius,4.74,472.44629664102473,1.7259869725268282,249.8168525024713,0.16044857715430857,1.0028036072144286,147.93360556208128,922.0780551152985,0.012506406380481394,28.03768938549108,174.745640520865,0.030407067199951083,0.0,0.0,0.16044857715430857,0.0,1.4865605670405821
clausius,4.74,472.44629664102473,1.7259869725268282,249.8168525024713,0.1620514629258517,1.012821643286573,149.41181769257378,922.3617434032313,0.05825217275892669,29.047146623387874,179.24643257727757,0.03149214159318103,0.0,0.0,0.1620514629258517,0.0,1.4934015236174583
clausius,4.74,472.44629664102473,1.7259869725268282,249.8168525024713,0.16365434869739479,1.0228396793587173,150.89049031290872,922.6526313748719,0.10562514868342987,30.071344640593246,183.7491327297186,0.03259227104331025,0.0,0.0,0.16365434869739479,0.0,1.500232409980898
clausius,4.74,472.44629664102473,1.7259869725268282,249.8168525024713,0.16525723446893786,1.0328577154308616,152.36963496635616,922.9507231570207,0.1546490936793532,31.110503146310506,188.25501495462888,0.03370765347026843,0.0,0.0,0.16525723446893786,0.0,1.5070538162101463
clausius,4.74,472.44629664102473,1.7259869725268282,249.8168525024713,0.16686012024048094,1.0428757515030058,153.84926320442847,923.256024906364,0.20534812419589343,32.164849454467344,192.76534985178574,0.03483849396783463,0.0,0.0,0.16686012024048094,0.0,1.5138663224726798
clausius,4.74,472.44629664102473,1.7259869725268282,249.8168525024713,0.16846300601202402,1.05289378757515,155.32938659013033,923.5685448049077,0.2577467258550996,33.23461858192112,197.2814053878927,0.0359850048692829,0.0,0.0,0.16846300601202402,0.0,1.520670499470496
clausius,4.74,472.44629664102473,1.7259869725268282,249.8168525024713,0.17006589178356712,1.0629118236472945,156.81001670120162,923.888293056064,0.31186976577549785,34.3200533525279,201.80444763259771,0.03714740581786468,0.0,0.0,0.17006589178356712,0.0,1.527466908868521
clausius,4.74,472.44629664102473,1.7259869725268282,249.8168525024713,0.1716687775551102,1.0729298597194388,158.2911651333561,924.2152818824542,0.36774250515640006,35.421404508046656,206.33574149309388,0.03832592384308974,0.0,0.0,0.1716687775551102,0.0,1.5342561037061448
clausius,4.74,472.44629664102473,1.7259869725268282,249.8168525024713,0.17327166332665328,1.082947895791583,159.77284350351528,924.549525524516,0.4253906119856765,36.53893083066364,210.87655147501022,0.03952079344795981,0.0,0.0,0.17327166332665328,0.0,1.5410386287928215
clausius,4.74,472.44629664102473,1.7259869725268282,249.8168525024713,0.17487454909819636,1.0929659318637273,161.25506345304447,924.8910402404117,0.4848401739592987,37.67289926371056,215.4281423911281,0.0407322566925484,0.0,0.0,0.17487454909819636,0.0,1.5478150210886295
clausius,4.74,472.44629664102473,1.7259869725268282,249.8168525024713,0.17647743486973944,1.1029839679358715,162.73783665098642,925.2398443072572,0.5461177116354179,38.823585048098806,219.99178012052963,0.04196056329282564,0.0,0.0,0.17647743486973944,0.0,1.5545858100706187
clausius,4.74,472.44629664102473,1.7259869725268282,249.8168525024713,0.17808032064128257,1.113002004008016,164.2211747972989,925.5959580232353,0.6092501917539721,39.99127186434934,224.56873235817034,0.04320597072372418,0.0,0.0,0.17808032064128257,0.0,1.5613515180857385
clausius,4.74,472.44629664102473,1.7259869725268282,249.8168525024713,0.17968320641282565,1.1230200400801602,165.70508962609733,925.959403711105,0.6742650408220925,41.17625197767018,229.16026934129246,0.04446874432360857,0.0,0.0,0.17968320641282565,0.0,1.5681126606910776
clausius,4.74,472.44629664102473,1.7259869725268282,249.8168525024713,0.18128609218436872,1.1330380761523045,167.1895929089043,926.3302057229398,0.74119015894982,42.378826394220404,233.76766459900827,0.04574915740888155,0.0,0.0,0.18128609218436872,0.0,1.574869746982122
clausius,4.74,472.44629664102473,1.7259869725268282,249.8168525024713,0.1828889779559118,1.1430561122244487,168.67469645790516,926.7083904458879,0.8100539339113482,43.599305026855454,238.39219571430783,0.04704749139681098,0.0,0.0,0.1828889779559118,0.0,1.5816232799096825
clausius,4.74,472.44629664102473,1.7259869725268282,249.8168525024713,0.18449186372745488,1.153074148296593,170.16041212921596,927.0939863091857,0.8808852554812461,44.83800686692056,243.03514507912718,0.048364035932778764,0.0,0.0,0.18449186372745488,0.0,1.5883737565861171
clausius,4.74,472.44629664102473,1.7259869725268282,249.8168525024713,0.18609474949899799,1.1630921843687374,171.64675182616406,927.4870237923941,0.9537135300527098,46.09526016084069,247.6978006361694,0.049699089020525763,0.0,0.0,0.18609474949899799,0.0,1.5951216685814338
clausius,4.74,472.44629664102473,1.7259869725268282,249.8168525024713,0.18769763527054106,1.1731102204408816,173.13372750258094,927.8875354349931,1.0285686955776328,47.371402601143515,252.3814566596109,0.0510529571656934,0.0,0.0,0.18769763527054106,0.0,1.6018675022098297
clausius,4.74,472.44629664102473,1.7259869725268282,249.8168525024713,0.18930052104208414,1.1831282565130259,174.6213511661129,928.2955558469458,1.1054812367650584,48.66678152118531,257.08741451570546,0.05242595552101223,0.0,0.0,0.18930052104208414,0.0,1.6086117388071903
clausius,4.74,472.44629664102473,1.7259869725268282,249.8168525024713,0.19090340681362722,1.1931462925851701,176.10963488154871,928.7111217205293,1.1844822006055438,49.981754102204526,261.8169834496463,0.053818408042329006,0.0,0.0,0.19090340681362722,0.0,1.6153548550000498
clausius,4.74,472.44629664102473,1.7259869725268282,249.8168525024713,0.1925062925851703,1.2031643286573144,177.59859077416803,929.1342718436915,1.265603212282798,51.316687586161535,266.5714813631745,0.05523064764830304,0.0,0.0,0.1925062925851703,0.0,1.6220973229664788
clausius,4.74,472.44629664102473,1.7259869725268282,249.8168525024713,0.19410917835671343,1.2131823647294588,179.08823103311175,929.5650471142604,1.3488764913569469,52.671959500157044,271.35223561331065,0.056663016389946835,0.0,0.0,0.19410917835671343,0.0,1.6288396106893535
clausius,4.74,472.44629664102473,1.7259869725268282,249.8168525024713,0.1957120641282565,1.223200400801603,180.578567914776,930.0034905558003,1.4343348683832176,54.047957888162315,276.16058380919696,0.05811586562525856,0.0,0.0,0.1957120641282565,0.0,1.6355821822024232
clausius,4.74,472.44629664102473,1.7259869725268282,249.8168525024713,0.19731494989979959,1.2332184368737473,182.06961374623344,930.4496473343794,1.5220118018358164,55.44508155310691,280.997874622592,0.05958955620215458,0.0,0.0,0.19731494989979959,0.0,1.6423254978295887
clausius,4.74,472.44629664102473,1.7259869725268282,249.8168525024713,0.19891783567134266,1.2432364729458916,183.56138092868125,930.9035647769708,1.6119413954913284,56.86374031092613,285.8654686193043,0.06108445865125648,0.0,0.0,0.19891783567134266,0.0,1.649070014417767
clausius,4.74,472.44629664102473,1.7259869725268282,249.8168525024713,0.20052072144288574,1.2532545090180358,185.05388194092072,931.3652923909772,1.7041584161822527,58.304355251425946,290.7647390847472,0.0626009533829079,0.0,0.0,0.20052072144288574,0.0,1.6558161855637135
clausius,4.74,472.44629664102473,1.7259869725268282,249.8168525024713,0.20212360721442885,1.2632725450901803,186.54712934286817,931.8348818851857,1.7986983119968158,59.767359012440714,295.69707287597896,0.06413943089523111,0.0,0.0,0.20212360721442885,0.0,1.6625644618351472
clausius,4.74,472.44629664102473,1.7259869725268282,249.8168525024713,0.20372649298597192,1.2732905811623245,188.04113577910215,932.3123871919066,1.8955972308845617,61.25319606154845,300.66387127061665,0.06570029198693907,0.0,0.0,0.20372649298597192,0.0,1.6693152909865119
clausius,4.74,472.44629664102473,1.7259869725268282,249.8168525024713,0.205329378757515,1.2833086172344688,189.53591398244512,932.7978644907942,1.9948920397862935,62.762322993840804,305.66655085417835,0.06728394798384556,0.0,0.0,0.205329378757515,0.0,1.6760691181696907
clausius,4.74,472.44629664102473,1.7259869725268282,249.8168525024713,0.20693226452905808,1.293326653306613,191.03147677959063,933.2913727512732,2.0966204492635825,64.29519252902251,310.7064655932086,0.06889080345775092,0.0,0.0,0.20693226452905808,0.0,1.6828263861399744
clausius,4.74,472.44629664102473,1.7259869725268282,249.8168525024713,0.20853515030060116,1.3033446893787572,192.5278370984575,933.7929745439245,2.2008211977052383,65.8522187366898,315.78474248473003,0.07052121886958167,0.0,0.0,0.20853515030060116,0.0,1.6895875354575778
clausius,4.74,472.44629664102473,1.7259869725268282,249.8168525024713,0.2101380360721443,1.3133627254509017,194.02500796949388,934.3027349736277,2.3075338546973683,67.4337813298947,320.9023106447204,0.07217551528605783,0.0,0.0,0.2101380360721443,0.0,1.696353004684978
clausius,4.74,472.44629664102473,1.7259869725268282,249.8168525024713,0.21174092184368737,1.323380761523046,195.52300252573843,934.8207204921955,2.4167985898590416,69.04023980740506,326.0599755883388,0.07385398964098105,0.0,0.0,0.21174092184368737,0.0,1.703123230580339
clausius,4.74,472.44629664102473,1.7259869725268282,249.8168525024713,0.21334380761523045,1.3333987975951902,197.0218340037752,935.3469982363818,2.5286560414507164,70.6719424577886,331.2584660776598,0.07555692442595334,0.0,0.0,0.21334380761523045,0.0,1.7098986482872853
clausius,4.74,472.44629664102473,1.7259869725268282,249.8168525024713,0.21494669338677352,1.3434168336673344,198.52151574436766,935.8816354908348,2.643147205792957,72.32923910661317,336.49849628747006,0.07728460134670684,0.0,0.0,0.21494669338677352,0.0,1.7166796915212619
clausius,4.74,472.44629664102473,1.7259869725268282,249.8168525024713,0.2165495791583166,1.3534348697394787,200.0220611937731,936.4246995468172,2.7603134065432187,74.01249037822473,341.78080911491935,0.07903731118374288,0.0,0.0,0.2165495791583166,0.0,1.7234667927527203
clausius,4.74,472.44629664102473,1.7259869725268282,249.8168525024713,0.2181524649298597,1.3634529058116232,201.52348390515778,936.9762577358781,2.8801963006795575,75.72207765329777,347.10622076924,0.08081536434687642,0.0,0.0,0.2181524649298597,0.0,1.7302603833873569
clausius,4.74,472.44629664102473,1.7259869725268282,249.8168525024713,0.21975535070140279,1.3734709418837674,203.02579754045362,937.536377702431,3.0028379368669107,77.45841125230973,352.4756553370934,0.08261909947658011,0.0,0.0,0.21975535070140279,0.0,1.7370608939436243
clausius,4.74,472.44629664102473,1.7259869725268282,249.8168525024713,0.22135823647294586,1.3834889779559116,204.52901587256434,938.1051278373308,3.1282808517346155,79.22193746412405,357.89017262886654,0.084448890762125,0.0,0.0,0.22135823647294586,0.0,1.7438687542277262
clausius,4.74,472.44629664102473,1.7259869725268282,249.8168525024713,0.22296112224448894,1.3935070140280559,206.03315278792977,938.6825778281235,3.256568195978474,81.0131443609339,363.35098938055484,0.08630515391941973,7.739937848658513e-07,1.7257052288394974e-07,0.22296094967396607,0.003175316472282557,1.7506836627661089
clausius,4.74,472.44629664102473,1.7259869725268282,249.8168525024713,0.22456400801603202,1.4035250501002001,207.53822228947203,939.2687992827078,3.3877438818587393,82.83256628474906,368.85949363192475,0.08818835071281605,2.586409200005138e-06,5.808144163226928e-07,0.2245634272016157,0.00582535424402373,1.7575057878133902
clausius,4.74,472.44629664102473,1.7259869725268282,249.8168525024713,0.22616689378757515,1.4135430861723446,209.0442385000519,939.8638664081346,3.521852748656414,84.68078593475583,374.4172478854989,0.09009899088724335,5.091105701993381e-06,1.1514395625640554e-06,0.2261657423480126,0.00820208249927306,1.7643358721785385
clausius,4.74,472.44629664102473,1.7259869725268282,249.8168525024713,0.22776977955911823,1.4235611222444888,210.5512156663349,940.4678566528245,3.658940725915329,86.5584348376789,380.02598503289346,0.09203763236071141,8.715936532271954e-06,1.9852269426068485e-06,0.22776779433217562,0.01076982168400992,1.7711739269164735
clausius,4.74,472.44629664102473,1.7259869725268282,249.8168525024713,0.2293726653306613,1.433579158316633,212.05916816312768,941.0808512725326,3.799054984900806,88.4661917743681,385.6875955416751,0.09400487923513035,1.3888754932282235e-05,3.1857007369419447e-06,0.22936947962992438,0.013642869891101283,1.778019958259771
clausius,4.74,472.44629664102473,1.7259869725268282,249.8168525024713,0.23097555110220439,1.4435971943887773,213.56811049831987,941.7029357897497,3.9422440702813617,90.40477801321393,391.40410135101575,0.09600137641855908,1.975385441914147e-05,4.562657410853917e-06,0.23097098844479352,0.01632720966858508,1.7848751937087848
clausius,4.74,472.44629664102473,1.7259869725268282,249.8168525024713,0.23257843687374746,1.4536152304609216,215.07805731829012,942.3342002339831,4.0885579848026055,92.37495050189301,397.17762206836784,0.0980278021098631,2.6311234992849662e-05,6.1194259068548205e-06,0.2325723174478406,0.018908546350526655,1.7917400503095124
clausius,4.74,472.44629664102473,1.7259869725268282,249.8168525024713,0.23418132264529057,1.463633266533066,216.58902341400585,942.9747391556815,4.2380482225695175,94.37749111001227,403.0103256909341,0.10008485613783862,3.441660313628955e-05,8.059725643414343e-06,0.23417326291964716,0.0217001449845714,1.7986141235917779
clausius,4.74,472.44629664102473,1.7259869725268282,249.8168525024713,0.23578420841683365,1.4736513026052103,218.10102372759582,943.6246512694862,4.39076771459068,96.41319374935158,408.9043723356845,0.10217324613091026,4.3478680211985993e-05,1.0251586196791766e-05,0.23577395683063684,0.024473591451822093,1.8054983936923537
clausius,4.74,472.44629664102473,1.7259869725268282,249.8168525024713,0.23738709418837672,1.4836693386773545,219.61407335973553,944.2840387434646,4.546770686040077,98.48284659234514,414.86183960023885,0.10429366859085516,5.339646377056518e-05,1.26756313744294e-05,0.23737441855700228,0.02721363796503546,1.8123933741157732
clausius,4.74,472.44629664102473,1.7259869725268282,249.8168525024713,0.2389899799599198,1.4936873747494988,221.12818757766058,944.9530059859674,4.70611238599173,100.58721078900888,420.88463627587237,0.10644678640294479,6.469880950284228e-05,1.5462367186514943e-05,0.23897451759273328,0.030056566577765596,1.8192989699077684
clausius,4.74,472.44629664102473,1.7259869725268282,249.8168525024713,0.24059286573146288,1.503705410821643,222.643381820671,945.6316589822846,4.86884894027429,102.72702018255646,426.9745067886384,0.10863322860099055,7.71212895634097e-05,1.85548320649667e-05,0.2405743108993979,0.032925275692647846,1.8262158516369391
clausius,4.74,472.44629664102473,1.7259869725268282,249.8168525024713,0.242195751503006,1.5137234468937875,224.15967170059773,946.3201063064695,5.035037608702197,104.90301930738441,433.1331935278906,0.11085363040295707,9.02360507108261e-05,2.185478811457189e-05,0.24217389671489145,0.03573334752677124,1.833144853021659
clausius,4.74,472.44629664102473,1.7259869725268282,249.8168525024713,0.2437986372745491,1.5237414829659317,225.6770730054204,947.018459381817,5.2047368657095205,107.11597138945206,439.3624697287602,0.11310864147186095,0.0001048987994279742,2.557418435227636e-05,0.2437730630901968,0.03865455978222905,1.840085558984238
clausius,4.74,472.44629664102473,1.7259869725268282,249.8168525024713,0.24540152304609217,1.533759519038076,227.19560170417046,947.726832435354,5.378006407114015,109.36665559777364,445.6641272647359,0.11539892282751604,0.0001205182570773788,2.9575363841649233e-05,0.2453719476822505,0.0415684924098979,1.8470389643619256
clausius,4.74,472.44629664102473,1.7259869725268282,249.8168525024713,0.24700440881763525,1.5437775551102202,228.71527395114015,948.4453426176145,5.554907197963246,111.65587077381747,452.0399911414279,0.11772515057711012,0.00013742127445110758,3.394366065476183e-05,0.24697046515698048,0.044532584273767786,1.854005169135493
clausius,4.74,472.44629664102473,1.7259869725268282,249.8168525024713,0.24860729458917832,1.5537955911823644,230.23610609081987,949.1741099991709,5.735501490165149,113.98443347793139,458.49191057040304,0.12008801365013101,0.00015570885399853422,3.8710356936156955e-05,0.24856858423224218,0.0475566682679196,1.8609844935220625
clausius,4.74,472.44629664102473,1.7259869725268282,249.8168525024713,0.2502101803607214,1.5638136272545087,231.75811466251469,949.9132576463628,5.919852860222164,116.35317944341575,465.0217640052553,0.12248821511525018,0.00017468871463280987,4.370889479525795e-05,0.25016647146592613,0.05053380309701486,1.8679780433182307
clausius,4.74,472.44629664102473,1.7259869725268282,249.8168525024713,0.2518130661322645,1.5738316633266531,233.28131640520232,950.662911640299,6.108026233167408,118.76296354712998,471.63145809419547,0.1249264719312687,0.0001952165628368172,4.915808124774082e-05,0.2517639080510168,0.053591227174547854,1.8749853971713886
clausius,4.74,472.44629664102473,1.7259869725268282,249.8168525024713,0.2534159519038076,1.5838496993987976,234.80572826245134,951.4232011373422,6.3000879171360396,121.21465992466567,478.3229272428623,0.1274035148394156,0.00021670111997308105,5.491552059659955e-05,0.253361036383211,0.05664256546567159,1.8820075664751768
clausius,4.74,472.44629664102473,1.7259869725268282,249.8168525024713,0.25501883767535066,1.5938677354709416,236.33136738732438,952.1942584104221,6.496105633643964,123.7091628367947,485.09813613958,0.12992008904077285,0.00023973366467907665,6.11366005181104e-05,0.25495770107483257,0.05976474316636771,1.8890443897306692
clausius,4.74,472.44629664102473,1.7259869725268282,249.8168525024713,0.25662172344689377,1.603885771543086,237.85825114741678,952.976218902713,6.696148551301718,126.24738703627827,491.9590802389898,0.1324769543374792,0.00026388634371336253,6.771896831782247e-05,0.25655400447857596,0.0628997004957226,1.8960967220845313
clausius,4.74,472.44629664102473,1.7259869725268282,249.8168525024713,0.2582246092184369,1.6139038076152303,239.38639713004133,953.769221272338,6.90028731758099,128.8302674938199,498.90778374589405,0.1350748845952053,0.00028942358492134635,7.473629211491374e-05,0.25814987292632197,0.06607818643687378,1.9031647295629133
clausius,4.74,472.44629664102473,1.7259869725268282,249.8168525024713,0.2598274949899799,1.6239218436873746,240.9158231473452,954.5734074411511,7.1085940921385316,131.45876046133284,505.94630282065594,0.13771466860125914,0.0003160809604576205,8.212652416973043e-05,0.2597453684658102,0.06926804589313548,1.9102491111109843
clausius,4.74,472.44629664102473,1.7259869725268282,249.8168525024713,0.26143038076152303,1.6339398797595188,242.4465472416046,955.3889226531348,7.321142582945697,134.13384362873006,513.0767251993067,0.14039710996045213,0.00034455075140903395,9.007603413253261e-05,0.2613403047273905,0.07254285293778268,1.9173496016812621
clausius,4.74,472.44629664102473,1.7259869725268282,249.8168525024713,0.2630332665330661,1.643957915831663,243.9785876906192,956.2159155108465,7.538008077105076,136.85651612098602,520.3011692202883,0.1431230268195987,0.0003741406766887377,9.841144433233045e-05,0.26293485508873377,0.07582484571016967,1.9244673376572161
clausius,4.74,472.44629664102473,1.7259869725268282,249.8168525024713,0.2646361523046092,1.6539759519038073,245.51196301310947,957.054538041869,7.75926747995598,139.62779919912012,527.6217855465253,0.14589325231642308,0.0004048507362967318,0.00010713814111125509,0.26452901416349794,0.07911511354146156,1.9316027610286794
clausius,4.74,472.44629664102473,1.7259869725268282,249.8168525024713,0.2662390380761523,1.6639939879759518,247.0466919742667,957.9049457324581,7.984999345931811,142.44873631754908,535.0407564077981,0.14870863435058918,0.00043737321131986527,0.00011644582306207862,0.2661225922530902,0.0824798649184483,1.9387556069559044
clausius,4.74,472.44629664102473,1.7259869725268282,249.8168525024713,0.2678419238476954,1.6740120240480962,248.58279359129403,958.7672976064041,8.215283921861158,145.3203940151653,542.5602979830735,0.15157003620999873,0.0004714436739127303,0.00012627238060661125,0.2677156514670888,0.08588922222363633,1.9459265872889713
clausius,4.74,472.44629664102473,1.7259869725268282,249.8168525024713,0.26944480961923845,1.6840300601202403,250.12028713919145,959.6417562542846,8.450203177415887,148.2438612926971,550.1826570798877,0.15447833561487462,0.000506470845437852,0.00013646594052669676,0.26930834367871176,0.08928840573018608,1.9531167583163984
clausius,4.74,472.44629664102473,1.7259869725268282,249.8168525024713,0.27104769539078155,1.6940480961923847,251.6591921564478,960.5284878901167,8.689840843360543,151.22025069632159,557.9101142265778,0.1574344255301473,0.0005434738577741467,0.00014730733665481986,0.27090038805412675,0.09276699071243455,1.9603255191707467
clausius,4.74,472.44629664102473,1.7259869725268282,249.8168525024713,0.27265058116232466,1.704066132264529,253.19952845093368,961.4276624182057,8.934282452925373,154.25069823822588,565.7449823897185,0.16043921375244274,0.0005821258601295469,0.00015871695407393906,0.2724918642082507,0.09629222041631455,1.9675536567890493
clausius,4.74,472.44629664102473,1.7259869725268282,249.8168525024713,0.2742534669338677,1.7140841683366732,254.7413161058412,962.339453469965,9.183615375540143,157.33636368335308,573.6896070717403,0.16349362287500108,0.0006218979968132375,0.00017055768170525778,0.27408290925216244,0.0998190376987157,1.9748021775926963
clausius,4.74,472.44629664102473,1.7259869725268282,249.8168525024713,0.2758563527054108,1.7241022044088175,256.2845754857046,963.2640384669241,9.437928858065675,160.47843087058092,581.7463665299639,0.16659859027436463,0.000663645974308101,0.0001830709579602615,0.27567328174745054,0.10341548112098113,1.9820706477975063
clausius,4.74,472.44629664102473,1.7259869725268282,249.8168525024713,0.27745923847695386,1.7341202404809617,257.8293272425368,964.2015986664594,9.697314061720533,163.67810769832187,589.9176707785753,0.16975506774174315,0.0007070429418220703,0.0001961755962084568,0.2772630628807454,0.10705237910105372,1.9893598683211473
clausius,4.74,472.44629664102473,1.7259869725268282,249.8168525024713,0.27906212424849697,1.744138276553106,259.3755923219751,965.152319229432,9.961864105553673,166.93662681507746,598.205963151148,0.17296402183269682,0.0007519878969057711,0.00020985133991968422,0.2788522729085773,0.11072039390614835,1.996670410339946
clausius,4.74,472.44629664102473,1.7259869725268282,249.8168525024713,0.2806650100200401,1.7541563126252504,260.923391969635,966.1163892556928,10.23167410133891,170.25524506768545,606.6137173833278,0.1762264329237309,0.0007989086928006448,0.0002242257162699901,0.28044078430377006,0.11444907017672817,2.004002288954506
clausius,4.74,472.44629664102473,1.7259869725268282,249.8168525024713,0.2822678957915831,1.7641743486973944,262.4727477374318,967.0940018433754,10.506841195559161,173.6352440816627,615.1434388056266,0.17954329543012057,0.0008474784787146244,0.000239215966915429,0.28202867982466767,0.11821221546985902,2.011356320329274
clausius,4.74,472.44629664102473,1.7259869725268282,249.8168525024713,0.28387078156312623,1.7741923847695389,264.023681490032,968.0853541425613,10.78746461023269,177.07793028912573,623.7976635497716,0.18291561744156812,0.000897860680043743,0.00025487641297881734,0.2836159051501474,0.12201963229415719,2.018732805377212
clausius,4.74,472.44629664102473,1.7259869725268282,249.8168525024713,0.28547366733466933,1.7842104208416834,265.5762154114151,969.0906473959268,11.073645680429081,180.58463467116613,632.5789567815422,0.18634442005649382,0.0009504831500294424,0.00027133791057871364,0.28520232942409063,0.12589764864908984,2.0261317617440637
clausius,4.74,472.44629664102473,1.7259869725268282,249.8168525024713,0.2870765531062124,1.7942284569138274,267.13037201142623,970.1100869980417,11.365487897539367,184.1567132973254,641.4899137694161,0.18983073752710827,0.0010049180354302811,0.00028848840576559175,0.28678806470044677,0.12981472268059957,2.0335541275279145
clausius,4.74,472.44629664102473,1.7259869725268282,249.8168525024713,0.2886794388777555,1.8042464929859718,268.68617413252315,971.1438825415655,11.66309694914088,187.7955466502541,650.533156709433,0.19337561614328178,0.001061165336246259,0.00030633661382409473,0.28837310226393137,0.13376931491627292,2.0410003888860695
clausius,4.74,472.44629664102473,1.7259869725268282,249.8168525024713,0.2902823246492986,1.814264529058116,270.2436449565072,972.192247850094,11.966580755445136,191.50253982781817,659.7113346779893,0.19698011401685922,0.00111938847787341,0.0003249386895427334,0.28995738595975584,0.13777008549543657,2.0484708583286646
clausius,4.74,472.44629664102473,1.7259869725268282,249.8168525024713,0.29188521042084165,1.8242825651302603,271.8028080113617,973.2554010455243,12.276049516031776,195.2791222896671,669.0271220255134,0.20064530038044234,0.0011799528906065154,0.00034441079776136306,0.29154079962308027,0.14183703008453916,2.0559656285758443
clausius,4.74,472.44629664102473,1.7259869725268282,249.8168525024713,0.29348809619238475,1.8343006012024046,273.36368717815054,974.3335645668076,12.591615742901809,199.12674762783877,678.483216904678,0.20437225491289657,0.001242493144150794,0.00036465694740890685,0.29312343924497586,0.1459454003037874,2.063485593336981
clausius,4.74,472.44629664102473,1.7259869725268282,249.8168525024713,0.2950909819639278,1.8443186372745488,274.92630669799803,975.4269652217993,12.913394303396785,203.04689312135548,688.0823391145722,0.2081620668290478,0.0013075380941970608,0.0003858427001718534,0.29470513926375597,0.15012398480320946,2.0710306703404515
clausius,4.74,472.44629664102473,1.7259869725268282,249.8168525024713,0.2966938677354709,1.854336673346693,276.49069117911165,976.5358342190434,13.241502457620982,207.04105936975597,697.8272282808068,0.21201583404804714,0.0013743954596584667,0.0004077747047241409,0.29628609303074677,0.1543304919078156,2.0786021266144314
clausius,4.74,472.44629664102473,1.7259869725268282,249.8168525024713,0.298296753507014,1.8643547094188375,278.0568656038555,977.6604072052428,13.576059897813764,211.11076986606798,707.720641891277,0.2159346622919434,0.0014441853748633027,0.0004307958087840332,0.29786595769823,0.1586258011657441,2.0861992272356695
clausius,4.74,472.44629664102473,1.7259869725268282,249.8168525024713,0.29989963927855706,1.8743727454909815,279.62485533590416,978.8009242894659,13.917188784024916,215.2575702031176,717.7653521722946,0.21991966380638436,0.0015157877054832777,0.0004545841860973067,0.2994450550924598,0.16294522320555624,2.093823728893304
clausius,4.74,472.44629664102473,1.7259869725268282,249.8168525024713,0.30150252505010017,1.884390781563126,281.19468612741844,979.9576300719904,14.265013781398636,219.48302735552937,727.9641433154109,0.22397195615427326,0.0015903225858466823,0.0004794862752769794,0.30102303877482317,0.16734732338717645,2.1014748947632516
clausius,4.74,472.44629664102473,1.7259869725268282,249.8168525024713,0.3031054108216433,1.8944088176352705,282.7663841262334,981.1307736676008,14.619662096041452,223.78872913274145,738.3198093564412,0.22809266118133123,0.0016670977348666677,0.0005053063438065922,0.3026001044778367,0.1717924702492914,2.1091540195724523
clausius,4.74,472.44629664102473,1.7259869725268282,249.8168525024713,0.3047082965931864,1.904426853707415,284.3399758831468,982.32060871273,14.981263506091125,228.17628275052138,748.835149228502,0.2322829030834772,0.0017468054336300825,0.0005322661081611447,0.30417603048502523,0.17631410296253874,2.116860844003518
clausius,4.74,472.44629664102473,1.7259869725268282,249.8168525024713,0.30631118236472943,1.914444889779559,285.9154883591568,983.527393388705,15.349950397837802,232.64731403651913,759.5129640402824,0.2365438071175038,0.0018289361161974683,0.0005602235842220027,0.3057509587805074,0.1808835543875834,2.1245964720488204
clausius,4.74,472.44629664102473,1.7259869725268282,249.8168525024713,0.30791406813627253,1.9244629258517032,287.4929489327537,984.7513904155804,15.725857792958493,237.20346601018898,770.3560524074873,0.2408764976813949,0.0019143454890517089,0.0005894539073522338,0.3073246142289203,0.18554056122194332,2.1323604562464467
clausius,4.74,472.44629664102473,1.7259869725268282,249.8168525024713,0.3095169539078156,1.9344809619238474,289.0723854072008,985.9928670541414,16.109123378230834,241.84639746378394,781.3672059328092,0.24528209639725926,0.002002321981354597,0.0006197526004115368,0.30889720130740406,0.19024730269336756,2.140154144334829
clausius,4.74,472.44629664102473,1.7259869725268282,249.8168525024713,0.3111198396793587,1.9444989979959917,290.6538260178134,987.2520950981899,16.49988753224642,246.577781262924,792.5492039242756,0.24976171991653248,0.002093067598004882,0.0006511948555293392,0.31046864482382935,0.1950114111255659,2.1479778459070125
clausius,4.74,472.44629664102473,1.7259869725268282,249.8168525024713,0.3127227254509018,1.9545170340681361,292.237299439186,988.5293508480586,16.898293346229593,251.39930279211617,803.9048087395441,0.254316477883475,0.002187111194693377,0.0006839593736686908,0.31203876607723313,0.19985485913865467,2.1558314898685147
clausius,4.74,472.44629664102473,1.7259869725268282,249.8168525024713,0.31432561122244485,1.9645350701402802,293.82283479243785,989.8249150982131,17.304486649012574,256.312657611621,815.4367587636099,0.2589474701050427,0.002284250766521336,0.000717998518372157,0.31360761270407267,0.2047652019150673,2.163715855142359
clausius,4.74,472.44629664102473,1.7259869725268282,249.8168525024713,0.31592849699398795,1.9745531062124246,295.41046165235514,991.1390730888486,17.71861602061915,261.3195494537745,827.1477626747529,0.2636557840862652,0.0023844863134887583,0.0007533271771232386,0.3151751698168647,0.20973978719362535,2.1716314929996785
clausius,4.74,472.44629664102473,1.7259869725268282,249.8168525024713,0.317531382765531,1.9845711422845687,297.0002100545019,992.4721144663366,18.14083280822433,266.42168761943896,839.0404919949847,0.26844249197137077,0.0024883466912864593,0.0007901281656842234,0.31674125459984676,0.21479896234871632,2.1795783331062384
clausius,4.74,472.44629664102473,1.7259869725268282,249.8168525024713,0.3191342685370741,1.9945891783567131,298.592110502232,993.8243332242531,18.57129113563542,271.62078428021766,851.1175735697066,0.27330864741357397,0.002595505049122371,0.0008283146053359504,0.31830595393173816,0.2199253333306394,2.1875573177072485
clausius,4.74,472.44629664102473,1.7259869725268282,249.8168525024713,0.3207371543086172,2.0046072144288574,300.1861939736326,995.1960276322209,19.010147908365866,276.91855110327936,863.3815801608844,0.2782552817881784,0.0027060862328898137,0.0008679423976508048,0.3198692119109664,0.2251215262508638,2.195568861577885
clausius,4.74,472.44629664102473,1.7259869725268282,249.8168525024713,0.3223400400801603,2.014625250501002,301.7824919282509,996.587500151207,19.45756281387594,282.31669665180095,875.8350237270981,0.2832834012156148,0.0028204942523862827,0.0009091582303600562,0.3214308818498003,0.2304013623540555,2.2036130451897864
clausius,4.74,472.44629664102473,1.7259869725268282,249.8168525024713,0.3239429258517034,2.0246432865731463,303.38103631380227,997.999057332405,19.913698315698923,287.8169220431706,888.4803435248627,0.28839398186656506,0.00293865194860635,0.0009519555102913507,0.32299097034141205,0.2357583723239245,2.2116905274966707
clausius,4.74,472.44629664102473,1.7259869725268282,249.8168525024713,0.3255458116232465,2.0346613226452903,304.9818595726125,999.4310097182915,20.378719647569426,293.42091732996954,901.3198967816701,0.29358796602946685,0.0030611653362462594,0.0009965495539012367,0.32454926206934526,0.2412134213637558,2.2198011415614096
clausius,4.74,472.44629664102473,1.7259869725268282,249.8168525024713,0.3271486973947896,2.044679358717435,306.58499464791646,1000.883671694097,20.852794790521614,299.1303569201964,914.3559467064549,0.29886625726832766,0.0031871015498176995,0.0010426561204877755,0.3261060412743018,0.24672636447463908,2.227946597989
clausius,4.74,472.44629664102473,1.7259869725268282,249.8168525024713,0.32875158316633263,2.054697394789579,308.190474989896,1002.3573613473243,21.33609445146459,304.9468950630136,927.5906510501121,0.30422971569053725,0.003317191449910233,0.0010905319408238115,0.3276610512255088,0.25232305253250875,2.236126585543564
clausius,4.74,472.44629664102473,1.7259869725268282,249.8168525024713,0.33035446893787573,2.0647154308617233,309.79833456149345,1003.8524002971915,21.828792030697116,310.8721605825055,941.0260487227314,0.30967915252329076,0.0034519638922146747,0.0011403716984053013,0.3292140972394704,0.25802000341894993,2.2443410283650542
clausius,4.74,472.44629664102473,1.7259869725268282,249.8168525024713,0.33195735470941884,2.0747334669338677,311.40860784392953,1005.3691135075588,22.331063582593174,316.9077512430939,954.6640456889448,0.3152153243871374,0.003591014866933531,0.0011920637959494506,0.3307652909134694,0.2637983390617514,2.2525910063611763
clausius,4.74,472.44629664102473,1.7259869725268282,249.8168525024713,0.3335602404809619,2.0847515030060118,313.02132984189836,1006.9078290724784,22.84308776568082,323.0552276995622,968.5064000246177,0.3208389272304568,0.003734546378965549,0.001245696188255054,0.33231454429270685,0.2696622961666827,2.26087685505728
clausius,4.74,472.44629664102473,1.7259869725268282,249.8168525024713,0.335163126252505,2.094769539078156,314.63653608838945,1008.4688779824587,23.365045784567428,329.316107088878,982.5547063335902,0.32655058998717673,0.003883289288900291,0.0013015353782106886,0.3338615908742943,0.2756345588501363,2.269198240033064
clausius,4.74,472.44629664102473,1.7259869725268282,249.8168525024713,0.33676601202404804,2.1047875751503002,316.25426264914097,1010.0525938596742,23.897121319527002,335.6918557502168,996.8103780207056,0.33235086746072373,0.004036310731249446,0.0013592922682527451,0.3354067197557953,0.2816782616551795,2.277556927963467
clausius,4.74,472.44629664102473,1.7259869725268282,249.8168525024713,0.33836889779559115,2.1148056112224447,317.87454612662515,1011.6593126670374,24.439500445165606,342.1838817258143,1011.2746294209575,0.3382402330916274,0.004194543571501326,0.001419303085044486,0.33694959471054664,0.28782291711166375,2.2859523295549304
clausius,4.74,472.44629664102473,1.7259869725268282,249.8168525024713,0.33997178356713426,2.124823647294589,319.49742366354496,1013.2893723921596,24.992371538239638,348.793526665377,1025.94845667979,0.34421907124314355,0.004357910650650502,0.0014815666565278617,0.3384902169106064,0.29406202463934006,2.2943851333432135
clausius,4.74,472.44629664102473,1.7259869725268282,249.8168525024713,0.3415746693386773,2.134841683366733,321.1229329458123,1014.9431126927554,25.555925169783563,355.52205691962786,1040.8326167978266,0.35028766880972156,0.004527344834185284,0.0015464263147190072,0.3400282430239583,0.30042295737996844,2.302854724061711
clausius,4.74,472.44629664102473,1.7259869725268282,249.8168525024713,0.3431775551102204,2.1448597194388777,322.751112204922,1016.6208745139096,26.130353984775695,362.3706541882322,1055.9276059643453,0.3564462065187254,0.0047017884107240435,0.001613548251437846,0.3415640068587826,0.3068663690637286,2.311363061142307
clausius,4.74,472.44629664102473,1.7259869725268282,249.8168525024713,0.34478044088176346,2.1548777555110217,324.3820002196848,1018.3229996742958,26.71585256805878,369.3404054500171,1071.233636413488,0.36269474966994586,0.004881895081850914,0.0016831819386590708,0.3430972589431044,0.31341031293540966,2.319909893438808
clausius,4.74,472.44629664102473,1.7259869725268282,249.8168525024713,0.34638332665330657,2.164895791583166,326.01563631725827,1020.0498303907881,27.312617285644023,376.43229222345377,1086.7506119895404,0.3690332383852659,0.005068068857363392,0.0017554945505215541,0.344627832102785,0.3200637773627186,2.328495282472781
clausius,4.74,472.44629664102473,1.7259869725268282,249.8168525024713,0.34798621242484973,2.1749138276553106,327.6520603733983,1021.8017087992799,27.92084612090241,383.64717930202244,1102.4781028784982,0.37546147750413,0.005260434583154797,0.001830558706300731,0.346155653718549,0.32682647597610004,2.337119651941499
clausius,4.74,472.44629664102473,1.7259869725268282,249.8168525024713,0.3495890981963927,2.1849318637274546,329.2913128119119,1023.5789764045298,28.54073848213443,390.98580233996597,1118.415317746314,0.3819791255515627,0.005459194264123876,0.0019084747996739857,0.34768062339671874,0.333700457827512,2.3457833213915618
clausius,4.74,472.44629664102473,1.7259869725268282,249.8168525024713,0.3511919839679359,2.194949899799599,330.9334346031794,1025.3819734990952,29.172494994925273,398.44875509387685,1134.561075660131,0.38858568357134127,0.005664674751062696,0.0019893883643587818,0.3492025956035771,0.34069135223694075,2.3544864378647166
clausius,4.74,472.44629664102473,1.7259869725268282,249.8168525024713,0.3527948697394789,2.204967935871743,332.5784672617064,1027.2110385287813,29.81631727100978,406.0364758359928,1150.9137764271634,0.39528048337324806,0.005876549193179191,0.0020732164071252924,0.3507216533323536,0.34778507364488487,2.363230029514273
clausius,4.74,472.44629664102473,1.7259869725268282,249.8168525024713,0.35439775551102204,2.2149859719438876,334.2264528426177,1029.0665074231679,30.472407659719522,413.7492331117996,1167.4713698883222,0.4020626753734777,0.006095836722352277,0.0021603508523633124,0.3522374046586587,0.3550075292787848,2.372013294684437
clausius,4.74,472.44629664102473,1.7259869725268282,249.8168525024713,0.35600064128256514,2.225004008016032,335.8774339370652,1030.948712851264,31.140968967419894,421.5871101405279,1184.2313222292917,0.40893121537981947,0.006322210487789887,0.0022507109879765586,0.35374993029458857,0.3623444383503398,2.38083725367013
clausius,4.74,472.44629664102473,1.7259869725268282,249.8168525024713,0.3576035270541082,2.235022044088176,337.53145366636573,1032.8579834409036,31.822204158095076,429.5499891696174,1201.1905830688945,0.4158848516023449,0.006556160765680122,0.0023445062137409742,0.3552590208403672,0.36980538098615334,2.389701805340802
clausius,4.74,472.44629664102473,1.7259869725268282,249.8168525024713,0.3592064128256513,2.2450400801603205,339.1885556748369,1034.7946429409906,32.51631602719698,437.6375350385519,1218.345551227586,0.4229221111879184,0.006797360705230913,0.0024416555556080357,0.35676475727004325,0.3773766506270766,2.398607975669788
clausius,4.74,472.44629664102473,1.7259869725268282,249.8168525024713,0.36080929859719435,2.2550581162324645,340.8487841212813,1036.7590093223305,33.22350684663081,445.8491774126371,1235.6920377220679,0.43004128577967504,0.00704719486861596,0.002542693437623072,0.35826660515957126,0.38509203683402815,2.4075543902452776
clausius,4.74,472.44629664102473,1.7259869725268282,249.8168525024713,0.36241218436873746,2.265076152304609,342.51218366895597,1038.751393817786,33.94397798061851,454.18409267740606,1253.2252288054835,0.4372404170820081,0.007305134400144447,0.0026474697150635556,0.3597647146536739,0.39293180843072323,2.416542338655429
clausius,4.74,472.44629664102473,1.7259869725268282,249.8168525024713,0.36401507014028056,2.2750941883767535,344.178799473952,1040.7720998996767,34.67792947107591,462.6411851490635,1270.9396481051606,0.4445172821155169,0.007571506150608439,0.002756142342481297,0.3612589277977993,0.40090001608457015,2.425571907116856
clausius,4.74,472.44629664102473,1.7259869725268282,249.8168525024713,0.3656179559118236,2.2851122244488975,345.84867717188183,1042.8214221977278,35.42555959311221,471.21906771826775,1288.8291182064156,0.451869378292193,0.007846714129805437,0.0028688995807638873,0.36274905633105975,0.409002421276969,2.4346430564198847
clausius,4.74,472.44629664102473,1.7259869725268282,249.8168525024713,0.3672208416833667,2.295130260521042,347.5218628627992,1044.899645353199,36.187064378453954,479.9160415885134,1306.886720776914,0.45929390800615233,0.008131210034420824,0.002985949792744252,0.36423489189062247,0.41724560091501184,2.443755659627773
clausius,4.74,472.44629664102473,1.7259869725268282,249.8168525024713,0.36882372745490977,2.305148296593186,349.1984030941991,1047.0070427992534,36.962637102563804,488.7300758107385,1325.104757178313,0.4667877634367017,0.00842486901856128,0.003107291594745159,0.3657164358601646,0.42562113911140587,2.4529104130799344
clausius,4.74,472.44629664102473,1.7259869725268282,249.8168525024713,0.37042661322645287,2.3151663326653305,350.87834484201665,1049.1438754807946,37.75246773960947,497.6587863887384,1343.4747089418888,0.47434751135603276,0.008728344783810946,0.0032332111973398647,0.367193402029113,0.43414040363365314,2.462106866743962
clausius,4.74,472.44629664102473,1.7259869725268282,249.8168525024713,0.372029498997996,2.325184368737475,352.5617354895373,1051.3103905067194,38.55674238206501,506.699414750496,1361.9871975615176,0.4819693777650887,0.009042368190759374,0.0033640277077636254,0.36866547129023236,0.4428158962458385,2.4713444229643704
clausius,4.74,472.44629664102473,1.7259869725268282,249.8168525024713,0.373632384769539,2.335202404809619,354.2486228040644,1053.506819730727,39.375642622900045,515.8488063347672,1380.6319456300582,0.4896492330886064,0.00936620837881701,0.0034995187728258373,0.3701328659967132,0.4516241312593265,2.480624638655087
clausius,4.74,472.44629664102473,1.7259869725268282,249.8168525024713,0.37523527054108213,2.3452204408817634,355.93905491127686,1055.733378269268,40.20934490284253,525.1033888874954,1399.3977381985073,0.4973825775484444,0.009700923059365481,0.0036401284886792284,0.3715951420524029,0.46058535331427447,2.489946396179313
clausius,4.74,472.44629664102473,1.7259869725268282,249.8168525024713,0.3768381563126252,2.3552384769539074,357.6330802671389,1057.9902629498026,41.05801981957427,534.4591510488466,1418.2723858925233,0.5051645272790233,0.010046675657800822,0.0037859707319565926,0.3730521855806686,0.4696976678346737,2.4993098847819977
clausius,4.74,472.44629664102473,1.7259869725268282,249.8168525024713,0.3784410420841683,2.365256513026052,359.3307476272699,1060.2776507051929,41.9218314041571,543.9116212224515,1437.2426897119717,0.5129898011720748,0.010403466174123034,0.003937098580222517,0.3745039435039458,0.47895548011273403,2.5087155301043413
clausius,4.74,472.44629664102473,1.7259869725268282,249.8168525024713,0.38004392785571145,2.3752745490981964,361.0321060137174,1062.595696889262,42.80093635465471,553.4558463934264,1456.294406586475,0.5208527081501109,0.01077251574510978,0.004094029196659016,0.37594989865905243,0.48838107989179325,2.518161858990865
clausius,4.74,472.44629664102473,1.7259869725268282,249.8168525024713,0.38164681362725444,2.3852925851703404,362.7372046789362,1064.9445335470548,43.695483239060025,563.0863724239271,1475.4122196704106,0.5287471362930349,0.011153295515070242,0.004256619694769706,0.37739019393248474,0.4979563881478605,2.527650060862448
clausius,4.74,472.44629664102473,1.7259869725268282,249.8168525024713,0.3832496993987976,2.395310621242485,364.4460930669861,1067.3242676282075,44.60561166256622,572.7972247587526,1494.5797104532567,0.5366665428039168,0.01154719004617812,0.004425457114098552,0.3788242422846991,0.5077062894770404,2.5371783296822685
clausius,4.74,472.44629664102473,1.7259869725268282,249.8168525024713,0.3848525851703406,2.405328657314629,366.1588207718025,1069.734979152489,45.531451402173275,582.5818905264263,1513.7793351928976,0.5446039457249348,0.011953343631950534,0.004600275198185591,0.38025230997215503,0.5176057441885199,2.5467483329244667
clausius,4.74,472.44629664102473,1.7259869725268282,249.8168525024713,0.38645547094188376,2.4153466933867733,367.87543749250773,1072.176719327806,46.47312150824348,592.4333019362749,1532.9924052889567,0.5525519172881286,0.01237293882966243,0.0047815899023523145,0.3816738810395314,0.5276744750091005,2.556358508033885
clausius,4.74,472.44629664102473,1.7259869725268282,249.8168525024713,0.38805835671342687,2.425364729458918,369.5959929856473,1074.6495086363414,47.43072937866299,602.3438218785434,1552.1990738196162,0.5605025797135269,0.012806504495004626,0.00496967108957461,0.38308868562385223,0.5379172710955952,2.56600827134152
clausius,4.74,472.44629664102473,1.7259869725268282,249.8168525024713,0.3896612424849699,2.435382765531062,371.3205370143617,1077.1533348962685,48.40436980814718,612.3052312789681,1571.3783269132446,0.5684476029941773,0.013253713777185056,0.005164458577958093,0.3844967839070118,0.5483209190858254,2.575698388257002
clausius,4.74,472.44629664102473,1.7259869725268282,249.8168525024713,0.391264128256513,2.4454008016032063,373.0491192944169,1079.688151301001,49.39412401325535,622.3087191275456,1590.5079821668692,0.5763782054824599,0.013715749233478665,0.005366480667221967,0.38589764758929107,0.558903568494323,2.585427148026124
clausius,4.74,472.44629664102473,1.7259869725268282,249.8168525024713,0.39286701402805607,2.4554188376753503,374.7817894371088,1082.253874453599,50.40005863977137,632.3448750387756,1609.5646935469558,0.5842851570829715,0.014192447438489422,0.005575744446909473,0.3872912695811466,0.5696553006016093,2.595194984872817
clausius,4.74,472.44629664102473,1.7259869725268282,249.8168525024713,0.3944698997995992,2.4654368737474948,376.51859688898793,1084.8503824078414,51.42222475699009,642.4036854946833,1628.5239655067237,0.5921587860520073,0.014684866103598957,0.005792737660457211,0.38867716213914194,0.58059075881876,2.605000283842874
clausius,4.74,472.44629664102473,1.7259869725268282,249.8168525024713,0.3960727855711423,2.4754549098196392,378.25959086848025,1087.4775127301855,52.46065684454169,652.4745333250821,1647.3601749340214,0.5999889889097577,0.01519263979851249,0.0060173911651758396,0.3900553944059664,0.5916960370939264,2.614843745555612
clausius,4.74,472.44629664102473,1.7259869725268282,249.8168525024713,0.39767567134268533,2.4854729458917832,380.004820299426,1090.1350605928878,53.51537177604962,662.5462011303252,1666.0466024822413,0.6077652440331464,0.0157166242297129,0.006250119091791792,0.39142555225089354,0.6029813074439183,2.624723994938865
clausius,4.74,472.44629664102473,1.7259869725268282,249.8168525024713,0.39927855711422844,2.4954909819639277,381.75433374160605,1092.8227769169898,54.58636780737402,672.6068789871349,1684.5554738736214,0.6154766291426096,0.016257146247992266,0.006491129896693345,0.39278742721753507,0.6144461150889365,2.634640489243635
clausius,4.74,472.44629664102473,1.7259869725268282,249.8168525024713,0.4008814428857715,2.5055090180360717,383.50817931832614,1095.540366588043,55.67362357909559,682.6441771086037,1702.8580125698625,0.6231118431853264,0.016815138718838878,0.006740877071932532,0.39414056581383894,0.6261011862075657,2.644591593232441
clausius,4.74,472.44629664102473,1.7259869725268282,249.8168525024713,0.4024843286573146,2.515527054108216,385.2664046412357,1098.2874867530397,56.77709713729081,692.645143069389,1720.9245025267173,0.6306592321443217,0.01738999562755652,0.0069992007155107215,0.39548512794180385,0.6379284401936607,2.654578271468063
clausius,4.74,472.44629664102473,1.7259869725268282,249.8168525024713,0.4040872144288577,2.5255450901803607,387.02905673249944,1101.0637452216058,57.89672498270471,702.5962844044515,1738.7243627530024,0.6381068193858688,0.01798301526992826,0.007266706547456922,0.3968205078814008,0.649945032365344,2.664598146833839
clausius,4.74,472.44629664102473,1.7259869725268282,249.8168525024713,0.40569010020040075,2.5355631262525047,388.7961819444981,1103.868698999033,59.03242116050569,712.4835969230419,1756.2262341898233,0.6454423407141704,0.018594447337740745,0.007543583203619118,0.3981465169967816,0.662148457833575,2.6746505926862434
clausius,4.74,472.44629664102473,1.7259869725268282,249.8168525024713,0.40729298597194386,2.545581162324649,390.5678258773126,1106.7018529580243,60.18407639464431,722.292598522982,1773.398078042858,0.6526532838021529,0.01922473442029418,0.007830099486559224,0.39946288648538464,0.6745396447806575,2.6847345890481344
clausius,4.74,472.44629664102473,1.7259869725268282,249.8168525024713,0.4088958717434869,2.555599198396793,392.3440332942153,1109.5626586870778,61.351557283658394,732.0083689686365,1790.2072863867115,0.6597269322624886,0.019873799358583154,0.00812631451358301,0.40076955722990387,0.6871104537052793,2.694849992763224
clausius,4.74,472.44629664102473,1.7259869725268282,249.8168525024713,0.41049875751503,2.5656172344689376,394.1248480354632,1112.4505135156137,62.53470555965333,741.6155957201283,1806.6208049191837,0.6666504142970306,0.02054269986398928,0.008432752770171775,0.4020660047448582,0.6998723694002914,2.704994562245316
clausius,4.74,472.44629664102473,1.7259869725268282,249.8168525024713,0.41210164328657317,2.575635270541082,395.9103129307268,1115.3647597637128,63.73333743183315,751.0986255400918,1822.605266870489,0.6734107555085479,0.021231637941411315,0.008749592885321159,0.403352050401252,0.7128218522113452,2.71516752381982
clausius,4.74,472.44629664102473,1.7259869725268282,249.8168525024713,0.41370452905811617,2.585653306613226,397.7004697104778,1118.3046842130823,64.9472430153807,760.4415223119149,1838.1271388138223,0.6799949361269241,0.021940738436742574,0.009076982862159895,0.40462754619595626,0.7259542229454574,2.72536819485659
clausius,4.74,472.44629664102473,1.7259869725268282,249.8168525024713,0.4153074148296593,2.5956713426853706,399.4953589167704,1121.2695178320607,66.17618586136138,769.6281302293401,1853.1528760328235,0.6863899517373769,0.022670895635968656,0.009415391058447149,0.4058920237712122,0.7392774669982897,2.7355944044194893
clausius,4.74,472.44629664102473,1.7259869725268282,249.8168525024713,0.4169103006012023,2.6056893787575146,401.29501981379235,1124.2584357726203,67.41990259760826,778.6421426684063,1867.649087934674,0.6925828776488591,0.023422109539089568,0.00976491872865612,0.4071453818725462,0.7527847582730471,2.745845568854065
clausius,4.74,472.44629664102473,1.7259869725268282,249.8168525024713,0.4185131863727455,2.615707414829659,403.09949029864464,1127.2705576518526,68.6781026884139,787.4671762487861,1881.5827120616332,0.6985609363284624,0.024194870422293395,0.010125872314309703,0.40838731405843576,0.766477304412694,2.7561201272805915
clausius,4.74,472.44629664102473,1.7259869725268282,249.8168525024713,0.4201160721442886,2.6257254509018035,404.90880681283824,1130.3049481423402,69.95046832597552,796.0868493232867,1894.9211946594398,0.7043115670967007,0.024989380290478896,0.010498440292955895,0.4096176318513327,0.78035170519997,2.76641699519112
clausius,4.74,472.44629664102473,1.7259869725268282,249.8168525024713,0.42171895791583164,2.6357434869739476,406.72300425497355,1133.360617863253,71.23665445316061,804.4848648693599,1907.6326775660916,0.7098224979672144,0.025806494850128953,0.010883088115656657,0.410835869800175,0.7944146748187064,2.7767337609874247
clausius,4.74,472.44629664102473,1.7259869725268282,249.8168525024713,0.42332184368737474,2.645761523046092,408.5421158951477,1136.4365246132065,72.53628893778756,812.6450965723815,1919.6861883945774,0.715081818449095,0.026645521820156712,0.011279631422920912,0.4120422122644538,0.8086491653825085,2.7870709355480137
clausius,4.74,472.44629664102473,1.7259869725268282,249.8168525024713,0.4249247294589178,2.655779559118236,410.36617329159805,1139.531574925863,73.84897289366882,820.5516776069182,1931.0518327605362,0.7200780528264894,0.02750784576273587,0.011688763918728178,0.4132359655401896,0.8230698601373563,2.797424930640702
clausius,4.74,472.44629664102473,1.7259869725268282,249.8168525024713,0.4265276152304609,2.6657975951903805,412.1952062101013,1142.644625963797,75.17428115813902,828.1890915261152,1941.7009871181003,0.7248002333425014,0.02839363010326247,0.012110667335680367,0.4144169478947805,0.8376726823235725,2.8077944441694984
clausius,4.74,472.44629664102473,1.7259869725268282,249.8168525024713,0.428130501002004,2.675815631262525,414.02924254670563,1145.7744877464834,76.5117629275108,835.5422636947908,1951.6064885339242,0.7292379718963202,0.029302019135253626,0.012545088132746443,0.41558541286925754,0.8524390206420953,2.818180159851858
clausius,4.74,472.44629664102473,1.7259869725268282,249.8168525024713,0.42973338677354705,2.685833667334669,415.86830825428916,1148.9199257103678,77.86094255283928,842.5966528840651,1960.7428205900162,0.733381529929594,0.030234560846279068,0.012992800230082384,0.4167405865434647,0.867385428649118,2.828577900182348
clausius,4.74,472.44629664102473,1.7259869725268282,249.8168525024713,0.43133627254509016,2.6958517034068135,417.71242727347965,1152.0796635893266,79.22132049414193,849.3383418231447,1969.0862927238707,0.7372218854875144,0.03119072638064798,0.01345369165500251,0.4178825808900877,0.8824983649885381,2.8389875728434957
clausius,4.74,472.44629664102473,1.7259869725268282,249.8168525024713,0.4329391583166332,2.7058697394789575,419.5616214684446,1155.2523866069596,80.59237443245422,855.7541255247239,1976.615210442253,0.7407507964888272,0.032170881168655144,0.013928034215461984,0.41901112410117125,0.8977773452568671,2.849407227519719
clausius,4.74,472.44629664102473,1.7259869725268282,249.8168525024713,0.4345420440881763,2.715887775551102,421.41591056803696,1158.4367449601075,81.97356053378155,861.8315963421669,1983.3100342467344,0.7439608594009554,0.03317502521030056,0.014415943267560787,0.4201261008206155,0.9132168793057235,2.859835596472368
clausius,4.74,472.44629664102473,1.7259869725268282,249.8168525024713,0.4361449298597194,2.7259058116232464,423.2753121127326,1161.6313575767388,83.36431486042477,867.5592247762376,1989.1535253092984,0.7468455625940053,0.03420385078667107,0.014917836102284962,0.42122709375743445,0.9288210345881959,2.8702699076512146
clausius,4.74,472.44629664102473,1.7259869725268282,249.8168525024713,0.43774781563126247,2.7359238476953904,425.1398414077749,1164.8348161143972,84.76405491754576,872.9264351473987,1994.1308762182598,0.7493993337692866,0.035256829042075874,0.01543359989925357,0.4223142157320089,0.9445774186333031,2.8807098722330435
clausius,4.74,472.44629664102473,1.7259869725268282,249.8168525024713,0.4393507014028056,2.745941883767535,427.00951148291057,1168.0456891842146,86.17218133069758,877.9236748163534,1998.2298241774176,0.7516175804985095,0.03633445025270307,0.01596356620361044,0.42338713519919513,0.9604875916844797,2.8911530128691076
clausius,4.74,472.44629664102473,1.7259869725268282,249.8168525024713,0.4409535871743486,2.755959919839679,428.88433305903396,1171.2625267564226,87.58807963710211,882.542476191568,2001.440745378537,0.7534967234336378,0.03743626272186725,0.01650765433760871,0.4244459328367399,0.9765408363671599,2.901598794138268
clausius,4.74,472.44629664102473,1.7259869725268282,249.8168525024713,0.44255647294589173,2.7659779559118234,430.76431452198796,1174.483864721827,89.01112218116367,886.7755110427149,2003.7567299374575,0.7550342219922663,0.038562554720857796,0.017066108205045772,0.42549036474084595,0.9927363850329034,2.912045056738838
clausius,4.74,472.44629664102473,1.7259869725268282,249.8168525024713,0.44415935871743484,2.775995991983968,432.6494619037935,1177.7082295627515,90.44067009504374,890.6166354535269,2005.173634132787,0.7562285913414961,0.03971332624967469,0.017639045519591782,0.42652031319784306,1.0090698538328513,2.9224902023524795
clausius,4.74,472.44629664102473,1.7259869725268282,249.8168525024713,0.4457622444889779,2.786014028056112,434.53977887135954,1180.9341431027974,91.87607535181121,894.0609264010944,2005.6901127327337,0.7570794117714561,0.040888615887820653,0.018226601192202617,0.4275356432967753,1.0255375317749005,2.9329324991951915
clausius,4.74,472.44629664102473,1.7259869725268282,249.8168525024713,0.44736513026052105,2.7960320641282563,436.4352667228784,1184.1601272913122,93.31668287211471,897.1047077471399,2005.3076269594706,0.7575873288346632,0.042088260209899656,0.018828820011240463,0.42853631024928057,1.0421333979589171,2.9433706153199415
clausius,4.74,472.44629664102473,1.7259869725268282,249.8168525024713,0.44896801603206404,2.8060501002004004,438.3359243918326,1187.3847089813867,94.7618326663503,899.7455668088188,2004.0304313003924,0.7577540455112288,0.04331185520611419,0.01944563770255711,0.4295223783295069,1.0588488089929178,2.9538037251078886
clausius,4.74,472.44629664102473,1.7259869725268282,249.8168525024713,0.4505709018036072,2.816068136272545,440.24174845864354,1190.6064246682963,96.21086199731928,901.9823603404687,2001.8655370994657,0.7575823056655868,0.04455943945596698,0.020077186819538278,0.4304937149840689,1.0756808085469962,2.9642299863586796
clausius,4.74,472.44629664102473,1.7259869725268282,249.8168525024713,0.4521737875751503,2.8260861723446893,442.1527331698124,1193.8238251347952,97.66310753884187,903.8152105970881,1998.8226549883234,0.7570758696284503,0.04583133981025009,0.020723730511644552,0.43145005706350575,1.0926299527170695,2.974646853219075
clausius,4.74,472.44629664102473,1.7259869725268282,249.8168525024713,0.45377667334669336,2.8361042084168333,444.0688704643882,1197.0354799822078,99.11790751990037,905.245491647865,1994.9141170512341,0.7562394822760978,0.047126210286292526,0.021384774931150544,0.4323918984155428,1.1096773245347513,2.9850555628857403
clausius,4.74,472.44629664102473,1.7259869725268282,249.8168525024713,0.45537955911823647,2.8461222444889778,445.99015000760676,1200.2399819944521,100.57460382910688,906.2758052002318,1990.1547775993233,0.7550788332298873,0.04844470458567844,0.022060728215839456,0.43331883090239703,1.1268278516903174,2.9954527750214153
clausius,4.74,472.44629664102473,1.7259869725268282,249.8168525024713,0.4569824448897795,2.856140280561122,447.91655923131765,1203.4359513142826,102.03254406854086,906.9099479642152,1984.5618975209313,0.7536005110814341,0.04978633243221973,0.022751479916971094,0.43423096497280844,1.144073245706743,3.005837737344678
clausius,4.74,472.44629664102473,1.7259869725268282,249.8168525024713,0.4585853306613226,2.8661583166332663,449.84808338093933,1206.622039395842,103.49108353864233,907.1528700057196,1978.155011407628,0.7518119513712287,0.05115052639072285,0.023456881058390347,0.4351284496029323,1.1614047418480669,3.016209879635238
clausius,4.74,472.44629664102473,1.7259869725268282,249.8168525024713,0.4601882164328657,2.8761763527054107,451.7847055685403,1209.7969327030787,104.94958713804124,907.010625126527,1970.9557801309884,0.749721379355766,0.052537690470985304,0.02417722607334469,0.436010990359521,1.1788247088449315,3.026566333503906
clausius,4.74,472.44629664102473,1.7259869725268282,249.8168525024713,0.4617911022044088,2.8861943887775547,453.7264068316409,1212.9593561412582,106.40743116998073,906.4903138747388,1962.9878305309721,0.7473377481983586,0.05394660353622944,0.024912061507179648,0.4368790406972291,1.196317654117868,3.03690805693321
clausius,4.74,472.44629664102473,1.7259869725268282,249.8168525024713,0.4633939879759519,2.896212424849699,455.67316619723306,1216.1080761843323,107.86400503558741,905.6000208361771,1954.2765860897914,0.7446706740716607,0.05537690015616045,0.025661322605109303,0.4377326653708426,1.2138780297501666,3.0472340049695634
clausius,4.74,472.44629664102473,1.7259869725268282,249.8168525024713,0.46499687374749493,2.9062304609218432,457.6249607506346,1219.2419037053933,109.31871281431756,904.348745555912,1944.8490874091258,0.7417303677043163,0.05682910918646918,0.026425358109563216,0.43857151563793173,1.2315100562492498,3.0575409602861696
clausius,4.74,472.44629664102473,1.7259869725268282,249.8168525024713,0.46659975951903804,2.9162484969939877,459.5817657085742,1222.3596964779922,110.77097471382132,902.7463296392657,1934.7338081995565,0.7385275645461524,0.05830184606498191,0.027203627353436535,0.4393961321656015,1.24919760166372,3.067830322966132
clausius,4.74,472.44629664102473,1.7259869725268282,249.8168525024713,0.46820264529058114,2.926266533066132,461.54355449605197,1225.4603613542831,112.22022838877484,900.8033800548482,1923.9604669379464,0.7350734535871487,0.059794783940906586,0.027996076015711222,0.4402065692748699,1.2669362677012053,3.0781009635351584
clausius,4.74,472.44629664102473,1.7259869725268282,249.8168525024713,0.4698055310621242,2.936284569138276,463.51029882641814,1228.5428561149079,113.665930123225,898.5311900773999,1912.559837356584,0.731379606014622,0.061307884234740484,0.028802783111197484,0.4410027479509267,1.284724805740161,3.0883510396744245
clausius,4.74,472.44629664102473,1.7259869725268282,249.8168525024713,0.4714084168336673,2.9463026052104206,465.4819687841644,1231.606190980776,115.10755586862655,895.941658488835,1900.5635591036992,0.7274579041985504,0.06284065667029551,0.02962361447373204,0.4417848023599353,1.3025574157973594,3.098579822428375
clausius,4.74,472.44629664102473,1.7259869725268282,249.8168525024713,0.47301130260521035,2.9563206412825647,467.45853290990215,1234.6494298105051,116.54460214554513,893.0472079686261,1888.0039505398258,0.7233204717113032,0.06439224554108877,0.030458259941064946,0.4425530426641454,1.320424868902749,3.1087875212352785
clausius,4.74,472.44629664102473,1.7259869725268282,249.8168525024713,0.47461418837675345,2.966338677354709,469.4399582869863,1237.6716909712252,117.97658680020572,889.8607040075091,1874.9138264301716,0.718979605414759,0.06596248742172425,0.03130673243097346,0.44330745594577997,1.3383252114035105,3.11897263688292
clausius,4.74,472.44629664102473,1.7259869725268282,249.8168525024713,0.47621707414829656,2.9763567134268536,471.42621062931715,1240.6721479047417,119.40304962316162,886.3953744947906,1861.3263207332259,0.7144477096481477,0.0675502860213176,0.03216859956695244,0.4440484745813441,1.3562473877876546,3.129136050277071
clausius,4.74,472.44629664102473,1.7259869725268282,249.8168525024713,0.4778199599198396,2.9863747494989976,473.4172543698022,1243.6500294021096,120.8235528334211,882.6647314813378,1847.2747175095324,0.7097372336377323,0.0691560453496663,0.03304413881719216,0.44477582110264746,1.3741953970305216,3.139274853621105
clausius,4.74,472.44629664102473,1.7259869725268282,249.8168525024713,0.4794228456913827,2.996392785571142,475.41305274906875,1246.6046195924982,122.23768142799037,878.6824948107104,1832.7922891191167,0.7048606117775678,0.07077838084459664,0.03393277275794498,0.44549007293343773,1.3921558421415272,3.149390729369695
clausius,4.74,472.44629664102473,1.7259869725268282,249.8168525024713,0.48102573146292577,3.006410821643286,477.4135679039379,1249.5352576780037,123.64504340933928,874.462519136238,1817.9121446928993,0.6998302078816416,0.07241761935690072,0.0348347383219569,0.4461909931409689,1.4101321699439988,3.1594809931522816
clausius,4.74,472.44629664102473,1.7259869725268282,249.8168525024713,0.4826286172344689,3.0164288577154306,479.4187609552876,1252.4413374127312,125.0452698875078,870.0187243445972,1802.6670886818297,0.6946582633098528,0.07407184746871404,0.035749193319827954,0.44687942391464097,1.428106561324534,3.1695488044796196
clausius,4.74,472.44629664102473,1.7259869725268282,249.8168525024713,0.48423150300601203,3.026446893787575,481.4285920949066,1255.3223063701453,126.43801507568236,865.3650300870016,1787.089490698125,0.6893568493889564,0.07574179604062611,0.036676563737127195,0.44755493926888484,1.4460865718186375,3.1795904761429403
clausius,4.74,472.44629664102473,1.7259869725268282,249.8168525024713,0.4858343887775551,3.036464929859719,483.44302067103166,1258.177665001433,127.82295617851099,860.5152941504938,1771.2111658371937,0.6839378237965412,0.07742677279155014,0.037616588834201395,0.4482177999433537,1.4640662976914656,3.1896060477393497
clausius,4.74,472.44629664102473,1.7259869725268282,249.8168525024713,0.4874372745490982,3.0464829659318635,485.46200527222294,1261.0069655055302,129.1997931812213,855.4832555401773,1755.0632670255645,0.6784127914767062,0.07912568143060172,0.038568806503372695,0.4488684680457255,1.4820363646312762,3.199596684687546
clausius,4.74,472.44629664102473,1.7259869725268282,249.8168525024713,0.48904016032064124,3.0565010020040075,487.4855038092982,1263.8098105447139,130.5682485542879,850.2824823735208,1738.6761893256978,0.6727930700324609,0.08083807026109552,0.039533062840497415,0.44950709748014384,1.4999935850744333,3.2095618952439193
clausius,4.74,472.44629664102473,1.7259869725268282,249.8168525024713,0.49064304609218434,3.066519038076152,489.5134735951019,1266.5858518100224,131.9280668742315,844.9263244223429,1722.0794855891916,0.6670896593506833,0.08256341042734067,0.04050916318782964,0.4501338829043547,1.5179341875837233,3.219501429331526
clausius,4.74,472.44629664102473,1.7259869725268282,249.8168525024713,0.49224593186372745,3.0765370741482965,491.54587142188956,1269.3347884711286,133.2790143761285,839.4278703573675,1705.301793311221,0.6613132153798686,0.0843014999244385,0.04149707038781518,0.45074886147591225,1.5358574290926903,3.229414187584168
clausius,4.74,472.44629664102473,1.7259869725268282,249.8168525024713,0.4938488176352705,3.0865551102204405,493.5826536361398,1272.05636551774,134.62087844021556,833.7999097971365,1688.370772637822,0.6554740280378781,0.08605168505080482,0.04249652291786264,0.45135229471740784,1.5537586075788494,3.2393003252656727
clausius,4.74,472.44629664102473,1.7259869725268282,249.8168525024713,0.4954517034068136,3.096573146292585,495.62377621062063,1274.7503720232237,135.95346702675494,828.0549004951683,1671.3130559473634,0.6495820034011197,0.08781323494585005,0.04350721683558414,0.4519444865712295,1.571632508494521,3.2491602591031876
clausius,4.74,472.44629664102473,1.7259869725268282,249.8168525024713,0.49705458917835665,3.106591182364729,497.6691948136652,1277.41663933005,137.2766080581298,822.2049391862577,1654.1542057691943,0.6436466489253411,0.08958513047769531,0.04452870022608032,0.45252588895227636,1.589471605828616,3.2589952577391186
clausius,4.74,472.44629664102473,1.7259869725268282,249.8168525024713,0.49865747494989976,3.1166092184368734,499.71886487546067,1280.0550391989927,138.590148768404,816.2617376936298,1636.9186840639254,0.6376770628584953,0.09136793908153412,0.04556130579377407,0.4530961691561257,1.607282191822303,3.2688022504047987
clausius,4.74,472.44629664102473,1.7259869725268282,249.8168525024713,0.5002603607214429,3.126627254509018,501.7727416513575,1282.6654819125706,139.89395501516844,810.2366027594935,1619.6298295372096,0.6316819265700963,0.09316072789187818,0.046604619340263165,0.4536557413811797,1.625057604127921,3.2785823375169065
clausius,4.74,472.44629664102473,1.7259869725268282,249.8168525024713,0.501863246492986,3.1366452905811624,503.8307802821192,1285.247914364841,141.1879105693592,804.1404199951297,1602.3098435967424,0.6256695000299061,0.09496231435145253,0.047658095374907436,0.4542051511180785,1.6427893029051766,3.2883373901413564
clausius,4.74,472.44629664102473,1.7259869725268282,249.8168525024713,0.5034661322645291,3.146663326653307,505.89293585110005,1287.802318140559,142.47191638442183,797.9836415213281,1584.9797839074006,0.6196476200427455,0.09677302531104923,0.04872194076089133,0.45474419150363776,1.6604815914253908,3.2980650968984606
clausius,4.74,472.44629664102473,1.7259869725268282,249.8168525024713,0.5050690180360721,3.1566813627254504,507.9591634383489,1290.3287075937942,143.74588984980267,791.7762770326282,1567.6595648479856,0.6136237009785925,0.09859220706908414,0.04979586921039141,0.45527314882568065,1.6781305140986977,3.307765925764815
clausius,4.74,472.44629664102473,1.7259869725268282,249.8168525024713,0.5066719038076152,3.166699398797595,510.02941817164674,1292.8271279528417,145.00976404235087,785.5278881415879,1550.3679644329661,0.607604737831771,0.10041900391907443,0.05087948789414181,0.45579241591347336,1.6957305789709687,3.317440974082607
clausius,4.74,472.44629664102473,1.7259869725268282,249.8168525024713,0.5082747895791583,3.1767174348697393,512.1036552745098,1295.297653436827,146.26348696847094,779.2475856521,1533.1226368659795,0.6015973113087283,0.10225354070691334,0.05197289688653027,0.456301892692628,1.7132844147151474,3.327088589298748
clausius,4.74,472.44629664102473,1.7259869725268282,249.8168525024713,0.5098776753507014,3.186735470941884,514.181830111217,1297.7403854148347,147.50702081282225,772.944029340936,1515.9401297758207,0.5956075945759038,0.10409463487532597,0.053075530446711254,0.4568021449039901,1.7307840243465038,3.336710897496491
clausius,4.74,472.44629664102473,1.7259869725268282,249.8168525024713,0.5114805611222445,3.196753507014028,516.2638982288902,1300.1554505932452,148.7403411866875,766.6254304432181,1498.835906414816,0.5896413618028645,0.10594212299891628,0.054187336517967546,0.45729322460427696,1.7482297863392657,3.346307153762544
clausius,4.74,472.44629664102473,1.7259869725268282,249.8168525024713,0.5130834468937875,3.206771543086172,518.3498153967362,1302.542999260287,149.96343639110398,760.2995558734344,1481.8243708236853,0.5837039977223077,0.10779563964738947,0.05530815835040321,0.4577752885433843,1.7656204480009638,3.3558772262942043
clausius,4.74,472.44629664102473,1.7259869725268282,249.8168525024713,0.5146863326653306,3.2167895791583163,520.439537642479,1304.903203576318,151.17630668945742,753.9737347383475,1464.9188969791646,0.5778005086292601,0.1096548579699535,0.056437856707493066,0.4582484759578375,1.7829550801118057,3.365420906880807
clausius,4.74,472.44629664102473,1.7259869725268282,249.8168525024713,0.5162892184368737,3.2268076152304603,522.5330212861124,1307.2362559148032,152.37896359248634,747.6548661400491,1448.131859897563,0.571935534037679,0.11151924911091754,0.057576185964142636,0.45871303247273104,1.800231189239279,3.374938615622243
clausius,4.74,472.44629664102473,1.7259869725268282,249.8168525024713,0.5178921042084168,3.236825651302605,524.6302229710411,1309.5423672652237,153.5714291620169,741.3494284944303,1431.4746690868392,0.5661133591596763,0.11338828421459075,0.05872289710447642,0.4591692071039404,1.8174463398782883,3.3844308181158196
clausius,4.74,472.44629664102473,1.7259869725268282,249.8168525024713,0.5194949899799599,3.2468436873747493,526.731099692691,1311.8217656976194,154.7537353338871,735.0634902504256,1414.9578040758036,0.5603379281174855,0.11526130957938904,0.05987767286502177,0.45961731711493814,1.8345971932603713,3.3938983955451527
clausius,4.74,472.44629664102473,1.7259869725268282,249.8168525024713,0.521097875751503,3.2568617234468937,528.8356088247198,1314.074694887338,155.92592325987653,728.8027214091703,1398.5908508226503,0.55461285743095,0.11713845005120571,0.06104059749050684,0.4600572782609962,1.8516864215971727,3.4033399609193977
clausius,4.74,472.44629664102473,1.7259869725268282,249.8168525024713,0.522700761523046,3.2668797595190373,530.9437081429035,1316.3014127054494,157.0880426720962,722.5724059797219,1382.3825392453796,0.5489414498876732,0.11901958078414743,0.06221162551202755,0.4604891360110185,1.8687147108537958,3.4127548849540754
clausius,4.74,472.44629664102473,1.7259869725268282,249.8168525024713,0.5243036472945891,3.2768977955911818,533.0553558468226,1318.5021898693624,158.24015126758695,716.3774549747906,1366.3407810937495,0.5433267085022965,0.12090311521114178,0.06338994427447955,0.4609137030201096,1.8856717366035942,3.422146955293983
clausius,4.74,472.44629664102473,1.7259869725268282,249.8168525024713,0.5259065330661322,3.2869158316633262,535.1705105794416,1320.6773086673109,159.38231412089397,710.2224198070472,1350.4727078903534,0.5377713504623846,0.12279011104357035,0.06457612159372948,0.4613304114724027,1.9025671590845028,3.4315120773664964
clausius,4.74,472.44629664102473,1.7259869725268282,249.8168525024713,0.5275094188376753,3.2969338677354707,537.2891314446495,1322.8270617345765,160.5146031137067,704.1115067359115,1334.7847101713646,0.5322778215715022,0.12467918371925948,0.06576944374490232,0.461739975092773,1.9193922727235235,3.440853521720925
clausius,4.74,472.44629664102473,1.7259869725268282,249.8168525024713,0.5291123046092184,3.306951903807615,539.4111780229578,1324.9517509058048,161.6370963948317,698.0485904689391,1319.282474416259,0.5268483097529532,0.12657066008900125,0.06697009365560147,0.46214221095361696,1.9361511737332828,3.450169437658491
clausius,4.74,472.44629664102473,1.7259869725268282,249.8168525024713,0.5307151903807614,3.3169699398797587,541.5366103853551,1327.0516861217657,162.7498778598682,692.0372286981909,1303.9710210700566,0.5214847589852593,0.12846368444631273,0.06817762874793892,0.4625375616328225,1.9528391963249985,3.459461588349282
clausius,4.74,472.44629664102473,1.7259869725268282,249.8168525024713,0.5323180761523046,3.326987975951904,543.6653891054735,1329.1271844011137,163.85303665665674,686.0806764828104,1288.8547415897106,0.5161888828509281,0.13035825679119392,0.06939205646565645,0.4629260196866482,1.9694579864205035,3.468729171065307
clausius,4.74,472.44629664102473,1.7259869725268282,249.8168525024713,0.5339209619238476,3.3370060120240477,545.7974752701708,1331.178568874367,164.9466667156421,680.1819001998973,1273.9374340146449,0.5109621775048957,0.1322540502728528,0.07061320974000647,0.4633077521838412,1.986006774165657,3.4779724063672237
clausius,4.74,472.44629664102473,1.7259869725268282,249.8168525024713,0.5355238476953907,3.347024048096192,547.9328304885702,1333.206167869421,166.0308663000892,674.3435920905102,1259.2223390097859,0.505805934852649,0.13415053603559854,0.0718408112281829,0.4636830364672079,2.0024833474569412,3.4871921716350176
clausius,4.74,472.44629664102473,1.7259869725268282,249.8168525024713,0.5371267334669338,3.3570420841683366,550.07141689973,1335.21031406555,167.1057375856576,668.5681837733887,1244.7121733413899,0.5007212547195515,0.13604771407943111,0.07307486425912822,0.4640518692078056,2.0188892927989714,3.4963877448311402
clausius,4.74,472.44629664102473,1.7259869725268282,249.8168525024713,0.538729619238477,3.367060120240481,552.2131971789609,1337.191343688773,168.1713862554792,662.857859987687,1230.4091631803574,0.4957090569844169,0.13794521897405576,0.07431517529366138,0.46441444394481557,2.0352235580676052,3.505559558391187
clausius,4.74,472.44629664102473,1.7259869725268282,249.8168525024713,0.5403325050100201,3.377078156312625,554.3581345429016,1339.1495957696716,169.2279211224809,657.2145721910331,1216.315076545035,0.49077009339893896,0.13984256044328436,0.07556148099133497,0.4647710240186851,2.051484224857006,3.514708468107152
clausius,4.74,472.44629664102473,1.7259869725268282,249.8168525024713,0.541935390781563,3.387096192384769,556.5061927534692,1341.085411447815,170.27545377095566,651.6400511896626,1202.4312533822283,0.4859049584963885,0.141740065337909,0.076813957698304,0.46512143308325904,2.067675104050644,3.523832804793482
clausius,4.74,472.44629664102473,1.7259869725268282,249.8168525024713,0.5435382765531062,3.3971142284569136,558.6573361206997,1342.9991333281523,171.31409822079945,646.1358201305495,1188.7586357819625,0.4811141005946359,0.14363707995634553,0.07807225088859276,0.4654660256645134,2.0837931002193644,3.5329339873481227
clausius,4.74,472.44629664102473,1.7259869725268282,249.8168525024713,0.5451411623246493,3.407132264529058,560.8115295046249,1344.8911048773953,172.3439706083201,640.7032063511404,1175.2977955636027,0.4763978317854582,0.14553287343800442,0.0793359597824398,0.4658052025422095,2.0998346457329045,3.542013723194459
clausius,4.74,472.44629664102473,1.7259869725268282,249.8168525024713,0.5467440480961924,3.417150300601202,562.9687383162043,1346.7616698743284,173.36518889167382,635.3433532300346,1162.0489613784591,0.4717563377708255,0.14742830148936853,0.08060554636024325,0.4661385017359491,2.1158071067318973,3.5510687377865926
clausius,4.74,472.44629664102473,1.7259869725268282,249.8168525024713,0.5483469338677355,3.4271683366733465,565.1289285173928,1348.61117189239,174.3778725695729,630.057231738328,1149.012044791157,0.4671896873390296,0.1493223835580616,0.08188047118188503,0.46646646268585046,2.131705158802497,3.5601015751354756
clausius,4.74,472.44629664102473,1.7259869725268282,249.8168525024713,0.5499498196392785,3.4371863727454905,567.2920666204228,1350.4399538246444,175.3821424191159,624.84565145011,1136.1866649214596,0.4626978413075349,0.1512147156342862,0.08316050558988049,0.466789314049398,2.1475274888339198,3.5691129964335424
clausius,4.74,472.44629664102473,1.7259869725268282,249.8168525024713,0.5515527054108216,3.4472044088176346,569.4581196863896,1352.248357456405,176.37812025603034,619.7092705626862,1123.5721708609851,0.45828066060909595,0.15310602857863195,0.08444604427725103,0.4671066611335706,2.1632804354731165,3.5781001609482708
clausius,4.74,472.44629664102473,1.7259869725268282,249.8168525024713,0.5531555911823647,3.457222444889779,571.6270553231179,1354.036723059606,177.36592870355025,614.6486063405287,1111.1676644662007,0.4539379145874696,0.15499526467971714,0.08573649726437602,0.46741909391798864,2.1789582103212544,3.5870659568608314
clausius,4.74,472.44629664102473,1.7259869725268282,249.8168525024713,0.5547584769539078,3.4672404809619235,573.7988416824537,1355.8053890301264,178.34569098179963,609.6640444862285,1098.9720208221038,0.44966928839422216,0.15688242393754173,0.08703185456442794,0.4677266223894798,2.1945621786702345,3.5960099220790265
clausius,4.74,472.44629664102473,1.7259869725268282,249.8168525024713,0.5563613627254509,3.477258517034068,575.9734474569822,1357.5546915555406,179.3175307111875,604.7558482523101,1086.9839078863938,0.4454743901031027,0.1587675063521058,0.08833210619057925,0.46802925653487165,2.2100936609886337,3.6049316082779184
clausius,4.74,472.44629664102473,1.7259869725268282,249.8168525024713,0.5579642484969939,3.4872765531062115,578.1508418762401,1359.2849643086997,180.28157172752674,599.9241670888387,1075.2018049630842,0.4413527573991418,0.16065018507261727,0.08963705978494588,0.46832718871204804,2.2255517835428535,3.6138316405417004
clausius,4.74,472.44629664102473,1.7259869725268282,249.8168525024713,0.559567134268537,3.497294589178356,580.3309947024441,1360.996538178505,181.23793791550145,595.169045277279,1063.624020834034,0.43730386417721956,0.16253046009907612,0.09094670378898682,0.46862043047955015,2.240937817513327,3.6227096073652127
clausius,4.74,472.44629664102473,1.7259869725268282,249.8168525024713,0.5611700200400802,3.5073126252505014,582.5138762258598,1362.689741018361,182.1867530498256,590.4904289261736,1052.248708660522,0.4333271258686443,0.16440760057089276,0.0922606165071094,0.46890940353297084,2.256248233918546,3.631567494455113
clausius,4.74,472.44629664102473,1.7259869725268282,249.8168525024713,0.5627729058116232,3.517330661322645,584.6994572597092,1364.364897422067,183.1281406498847,585.888174228429,1041.0738828719361,0.4294219056320269,0.16628233734865683,0.0935791941748522,0.469193711636771,2.2714890340970517,3.6404025464030276
clausius,4.74,472.44629664102473,1.7259869725268282,249.8168525024713,0.5643757915831663,3.5273486973947894,586.8877091347998,1366.0223285247864,184.0622238466566,581.3620541969738,1030.09743307054,0.4255875193671294,0.16815434358157622,0.0949022407669998,0.4694735508161665,2.2866592651048943,3.6492154628120983
clausius,4.74,472.44629664102473,1.7259869725268282,249.8168525024713,0.5659786773547094,3.537366733466934,589.0786036938481,1367.662351826851,184.9891252609442,576.9117649720525,1019.3171369431135,0.42182324036443963,0.17002268640416257,0.09622921517132246,0.469749462183387,2.3017540949983744,3.658008962454414
clausius,4.74,472.44629664102473,1.7259869725268282,249.8168525024713,0.5675815631262525,3.5473847695390783,591.2721132854906,1369.2852810345944,185.9089668898945,572.536932697481,1008.7306739562403,0.41812830432595305,0.17188829868190425,0.09756062924898738,0.4700209338772651,2.3167806811984644,3.666779654215404
clausius,4.74,472.44629664102473,1.7259869725268282,249.8168525024713,0.5691844488977956,3.557402805611223,593.4682107581197,1370.8914259208627,186.82187000335978,568.2371187707387,998.3356359631902,0.4145019131540919,0.17375008412391696,0.09889584587801731,0.4702886030197783,2.331733143115871,3.675530838986959
clausius,4.74,472.44629664102473,1.7259869725268282,249.8168525024713,0.5707873346693386,3.5674208416833664,595.6668694534562,1372.4810922067757,187.72795505131205,564.011825872001,988.1295389967567,0.41094323927271126,0.1756086101653941,0.10023517054129223,0.4705521641280464,2.3466162157191928,3.684260348689379
clausius,4.74,472.44629664102473,1.7259869725268282,249.8168525024713,0.5723902204408817,3.577438877755511,597.8680631999691,1374.0545814564223,188.6273415776759,559.8605030694736,978.1098332501957,0.4074514292409347,0.17746334795064495,0.10157828485364656,0.47081193558723516,2.3614276370657237,3.6929696535583862
clausius,4.74,472.44629664102473,1.7259869725268282,249.8168525024713,0.5739931062124248,3.5874569138276553,600.07176630615,1375.612190986198,189.52014814169706,555.7825504851133,968.2739121250489,0.40402560701840257,0.17931409547477076,0.10292505464923497,0.47106805156318987,2.3761672226146415,3.7016591634025104
clausius,4.74,472.44629664102473,1.7259869725268282,249.8168525024713,0.5755959919839679,3.5974749498997993,602.2779535536228,1377.1542137905144,190.40649224802985,551.777324228771,958.6191215941262,0.4006648773996378,0.18116158359836107,0.10427588142068518,0.47132011056328277,2.3908405908274357,3.7103261852592224
clausius,4.74,472.44629664102473,1.7259869725268282,249.8168525024713,0.577198877755511,3.607492985971944,604.4866001901771,1378.6809384789865,191.2864902828087,547.8441404888911,949.1427679472134,0.3973683288123891,0.1830042257543434,0.10562983372992321,0.47156904402558786,2.405438876267213,3.7189757833647685
clausius,4.74,472.44629664102473,1.7259869725268282,249.8168525024713,0.578801763527054,3.617511022044088,606.6976819226921,1380.1926492258522,192.16025745630782,543.9822796596322,939.8421254710046,0.39413503612321876,0.1848436085097903,0.10698780658217101,0.47181395694488304,2.4199729502394733,3.7276024176565117
clausius,4.74,472.44629664102473,1.7259869725268282,249.8168525024713,0.5804046492985971,3.6275290581162323,608.9111749099911,1381.6896257367848,193.0279077552774,540.1909902296198,930.7144435910802,0.39096406325086464,0.18667812007114118,0.10834884881161211,0.47205580048698503,2.4344338249106907,3.7362112852142655
clausius,4.74,472.44629664102473,1.7259869725268282,249.8168525024713,0.5820075350701402,3.6375470941883763,611.1270557556478,1383.172143216126,193.88955389525267,536.46949222367,921.7569531277938,0.387854465443673,0.18850895559561315,0.10971363258484933,0.4722939024852909,2.448829833356721,3.7447981616853654
clausius,4.74,472.44629664102473,1.7259869725268282,249.8168525024713,0.5836104208416834,3.6475651302605208,613.3453015007678,1384.6404723438122,194.74530727823162,532.8169803152061,912.9668718848048,0.3848052913066269,0.1903350318926572,0.1110815080637889,0.47252891277789444,2.463155275873005,3.75336651062833
clausius,4.74,472.44629664102473,1.7259869725268282,249.8168525024713,0.5852133066132265,3.6575831663326652,615.5658896167112,1386.0948792738413,195.5952779627945,529.232627286381,904.3414107399241,0.3818155850656051,0.19215691165143672,0.11245278165612291,0.4727605249571035,2.4774145229312725,3.761914251375416
clausius,4.74,472.44629664102473,1.7259869725268282,249.8168525024713,0.5868161923847695,3.667601202404809,617.7887979978432,1387.535625626674,196.43957463062054,525.7155865727822,895.8777780761643,0.3788843881650572,0.19397410710767043,0.1138271469541586,0.4729890454306108,2.4916055176163927,3.7704428697521783
clausius,4.74,472.44629664102473,1.7259869725268282,249.8168525024713,0.5884190781563126,3.6776192384769533,620.0140049542665,1388.962968494137,197.27830456030892,522.2649950576675,887.573184564435,0.37601074103788973,0.19578685544355523,0.11520472099522,0.47321435716109256,2.505730587480012,3.778951402479378
clausius,4.74,472.44629664102473,1.7259869725268282,249.8168525024713,0.5900219639278557,3.6876372745490977,622.2414892045692,1390.3771604538283,198.11157360683387,518.8799755697305,879.424847365811,0.37319368465486347,0.19759467358721855,0.11658519737161428,0.4734367665562414,2.519787699504709,3.787441350765755
clausius,4.74,472.44629664102473,1.7259869725268282,249.8168525024713,0.5916248496993988,3.697655310621242,624.4712298686019,1391.778449585209,198.9394861821097,515.5596391479231,871.4299938717518,0.3704322619031607,0.19939792169590037,0.11796876545370955,0.4736560842456892,2.533779873436345,3.795911348651919
clausius,4.74,472.44629664102473,1.7259869725268282,249.8168525024713,0.5932277354709419,3.7076733466933867,626.7032064602898,1393.1670794911943,199.76214523893702,512.3030870883185,863.5858650162737,0.3677255188052673,0.20119631759358897,0.11935523587113721,0.47387249959980465,2.547706256403253,3.804362234092944
clausius,4.74,472.44629664102473,1.7259869725268282,249.8168525024713,0.5948306212424849,3.7176913827655302,628.9373988804631,1394.543289332393,200.57965226266253,509.1094133243439,855.8897190950155,0.36507250597295465,0.2029900596860145,0.12074470330908109,0.47408591793340377,2.561568843453931,3.8127932066768344
clausius,4.74,472.44629664102473,1.7259869725268282,249.8168525024713,0.5964335070140281,3.7277094188376756,631.1737874097826,1395.9073138571594,201.39210726057456,505.97770563663096,848.3388335604196,0.36247227922211944,0.20477835425602248,0.12213667198948051,0.47429683502454756,2.5753637448359297,3.821206892129941
clausius,4.74,472.44629664102473,1.7259869725268282,249.8168525024713,0.5980363927855711,3.737727454909819,633.4123527016718,1397.2593834323225,202.19960875198547,502.9070478533052,840.9305084441993,0.3599239008994381,0.20656223244238703,0.12353173237557981,0.4745046604099913,2.589097832437205,3.829599635116622
clausius,4.74,472.44629664102473,1.7259869725268282,249.8168525024713,0.5996392785571142,3.7477454909819636,635.6530757753443,1398.5997240953798,203.00225377138815,499.8965212091906,833.6620683222583,0.3574264406011704,0.20834058706020986,0.12492919931894989,0.47471007923816433,2.6027653638400277,3.837975169653877
clausius,4.74,472.44629664102473,1.7259869725268282,249.8168525024713,0.6012421643286573,3.757763527054108,637.8959380088976,1399.9285575904419,203.80013786227505,496.9452055384251,826.5308639711099,0.3549789757798552,0.21011409221671218,0.12632945156032713,0.47491271276833014,2.616371050001156,3.846331081281462
clausius,4.74,472.44629664102473,1.7259869725268282,249.8168525024713,0.6028450501002004,3.7677815631262526,640.1409211324451,1401.2461014143055,204.5933550773724,494.0521811972634,819.5342752091035,0.3525805928727343,0.21188266660800542,0.12773241676666708,0.4751126333335333,2.6299151404203847,3.8546675724752264
clausius,4.74,472.44629664102473,1.7259869725268282,249.8168525024713,0.6044479358717435,3.777799599198397,642.3880072213714,1402.5525688702864,205.38199798388462,491.21652981826537,812.6697117590878,0.35023038759532943,0.21364584253899854,0.12913778853027721,0.47531014734146626,2.643395640653976,3.8629862031034508
clausius,4.74,472.44629664102473,1.7259869725268282,249.8168525024713,0.6060508216432865,3.7878176352705406,644.6371786896465,1403.8481691186134,206.16615766711266,488.43733547557173,805.9346147756887,0.34792746553370535,0.21540378219475254,0.1305456391842013,0.4755051824590852,2.656814205652982,3.871286350918066
clausius,4.74,472.44629664102473,1.7259869725268282,249.8168525024713,0.6076537074148296,3.797835671342685,646.8884182832192,1405.1331072300459,206.94592373643752,485.7136858648621,799.3264583725773,0.3456709427495839,0.21715640797582147,0.1319558963953952,0.4756978110194344,2.6701710833242034,3.879568235382618
clausius,4.74,472.44629664102473,1.7259869725268282,249.8168525024713,0.6092565931863727,3.8078537074148295,649.1417090735102,1406.4075842404677,207.72138433231362,483.0446731260573,792.8427505392511,0.3434599461342682,0.21890376182283006,0.1333685601638586,0.47588803302251415,2.6834671944992863,3.887831664671173
clausius,4.74,472.44629664102473,1.7259869725268282,249.8168525024713,0.6108594789579158,3.8178717434869736,651.3970344509929,1407.6717972093552,208.49262613606675,480.42939464559845,786.4810340099459,0.3412936137514637,0.22064569364168451,0.13478351345226733,0.47607596550564846,2.696702346304283,3.8960771273048582
clausius,4.74,472.44629664102473,1.7259869725268282,249.8168525024713,0.6124623647294589,3.827889779559118,653.6543781188628,1408.925939275681,209.25973437859477,477.86695384800385,780.2388871013985,0.3391710951774171,0.22238259169327554,0.13620096798312925,0.47626139674632967,2.709879397879677,3.9043032242405245
clausius,4.74,472.44629664102473,1.7259869725268282,249.8168525024713,0.6140652505010019,3.837907815631262,655.913724086796,1410.1701997200971,210.0227928533733,475.3564610357218,774.1139246161368,0.33709155187797524,0.2241136880259909,0.1376204279783835,0.47644482252261844,2.722994622104535,3.9125126347893056
clausius,4.74,472.44629664102473,1.7259869725268282,249.8168525024713,0.615668136272545,3.8479258517034065,658.1750566648101,1411.4047640221977,210.78188392692755,472.8970340119159,768.1037983790882,0.3350541574369225,0.22583998701489294,0.1390424839012749,0.4766256523712701,2.736054327835596,3.920701793367354
clausius,4.74,472.44629664102473,1.7259869725268282,249.8168525024713,0.6172710220440881,3.8579438877755505,660.4383604572337,1412.6298139223807,211.53708855258424,470.487798419451,762.2061973060623,0.33305809758684785,0.22756022646405313,0.14046633356605023,0.4768046884780379,2.7490519984159003,3.9288751482739244
clausius,4.74,472.44629664102473,1.7259869725268282,249.8168525024713,0.6188739078156312,3.867961923847695,662.703620356749,1413.8455274840976,212.28848628498702,468.1278885106562,756.4188481672363,0.33110257055003595,0.22927513767472785,0.1418924004177257,0.47698150739790557,2.7619923610294257,3.9370301060011426
clausius,4.74,472.44629664102473,1.7259869725268282,249.8168525024713,0.6204767935871743,3.8779799599198395,664.9708215385631,1415.0520791575304,213.03615529596584,465.8164472305076,750.7395152322686,0.3291867868975094,0.2309846898921696,0.1433206397520212,0.47715615383515314,2.7748758211476705,3.9451667703794824
clausius,4.74,472.44629664102473,1.7259869725268282,249.8168525024713,0.6220796793587173,3.887997995991983,667.2399494546347,1416.249639834046,213.78017238522762,463.5526271959082,745.1660013613855,0.3273099700489432,0.2326885038500907,0.1447507898655241,0.47732888949319324,2.7877008349009995,3.9532864936569716
clausius,4.74,472.44629664102473,1.7259869725268282,249.8168525024713,0.6236825651302604,3.8980160320641275,669.5109898280489,1417.4383769152248,214.5206130005115,461.33559060139487,739.6961473582987,0.3254713560143622,0.23438692742368278,0.14618304012860267,0.47749952500165777,2.8004699044693075,3.9613880454249286
clausius,4.74,472.44629664102473,1.7259869725268282,249.8168525024713,0.6252854509018037,3.908034068136273,671.783928647459,1418.6184543724326,215.25755125242722,459.16450974145687,734.3278323192029,0.32367019357899285,0.23607969921256108,0.14761720117088845,0.4776682497309152,2.8131821272458515,3.969472371144134
clausius,4.74,472.44629664102473,1.7259869725268282,249.8168525024713,0.6268883366733466,3.9180521042084164,674.0587521616459,1419.7900328099386,215.9910599319728,457.03856710064883,729.0589732869737,0.3219057441867749,0.23776697795399027,0.14905334532542525,0.4778349913479214,2.825838921453987,3.97753892132526
clausius,4.74,472.44629664102473,1.7259869725268282,249.8168525024713,0.6284912224448898,3.928070140280561,676.3354468741638,1420.9532695225691,216.72121052513853,454.95695576326096,723.8875254191073,0.3201772820552526,0.2394486905859135,0.15049140025916893,0.4779998221857208,2.8384404093541353,3.9855879792552376
clausius,4.74,472.44629664102473,1.7259869725268282,249.8168525024713,0.6300941082164327,3.9380881763527045,678.6139995380812,1422.108318565704,217.44807323574662,452.9188797267149,718.8114820003055,0.3184840942239304,0.2411249943841342,0.1519314383051634,0.4781626699112693,2.8509879677865846,3.9936190055949514
clausius,4.74,472.44629664102473,1.7259869725268282,249.8168525024713,0.631696993987976,3.94810621242485,680.8943971508539,1423.2553308055553,218.17171699637765,450.92355357601605,713.8288734433952,0.316825480162295,0.24279551623593093,0.1533731977599964,0.4783237962279796,2.8634800569844874,4.001633372798764
clausius,4.74,472.44629664102473,1.7259869725268282,249.8168525024713,0.6332998797595191,3.9581242484969943,683.1766269492357,1424.3944539869342,218.8922094908155,448.970203354181,708.9377681939037,0.3152007522196512,0.2444602294542921,0.15481663391938763,0.47848324584013147,2.8759170362577553,4.00963121593309
clausius,4.74,472.44629664102473,1.7259869725268282,249.8168525024713,0.6349027655310621,3.968142284569138,685.4606764043507,1425.5258327977613,219.6096171749183,447.05806603712426,704.1362714228914,0.3136092350986867,0.24611939757751122,0.15626188617280085,0.4786408793582612,2.8883008303409055,4.017611624872583
clausius,4.74,472.44629664102473,1.7259869725268282,249.8168525024713,0.6365056513026052,3.9781603206412823,687.7465332168117,1426.6496089144853,220.32400528590972,445.18639003475903,699.422525351798,0.3120502660590179,0.247773176138389,0.1577090268532804,0.4787966244493248,2.900632752257613,4.025574077971868
clausius,4.74,472.44629664102473,1.7259869725268282,249.8168525024713,0.6381085370741483,3.988178356713427,690.0341853119759,1427.7659210749082,221.0354378694576,443.35443481296096,694.7947081946705,0.3105231945017829,0.24942116059917158,0.15915777190527355,0.4789507651688747,2.9129110746052853,4.033520085951682
clausius,4.74,472.44629664102473,1.7259869725268282,249.8168525024713,0.6397114228456914,3.9981963927855713,692.3236208352456,1428.874905128115,221.74397779276308,441.56147149557773,690.2510346483049,0.3090273822507833,0.2510636905383037,0.1606083106991486,0.4791031121465428,2.925138087490149,4.041448468016132
clausius,4.74,472.44629664102473,1.7259869725268282,249.8168525024713,0.6413143086172345,4.008214428857715,694.6148281475066,1429.9766940963063,222.44968676562473,439.80678254160284,685.7897549329427,0.3075622031864966,0.25270021628488837,0.1620602644941688,0.4792540441230657,2.9373112819391807,4.049361276418744
clausius,4.74,472.44629664102473,1.7259869725268282,249.8168525024713,0.6429171943887776,4.01823246492986,696.9077958206373,1431.0714182295528,223.1526253574758,438.0896618167474,681.40915446077,0.3061270431623386,0.2543313718441199,0.16351401203107052,0.47940318235770707,2.949434502733658,4.057256262947177
clausius,4.74,472.44629664102473,1.7259869725268282,249.8168525024713,0.6445200801603207,4.028250501002004,699.2025126331193,1432.159205067092,223.8528530190639,436.4094144309658,677.1075531462285,0.3047212997597718,0.25595672187765856,0.16496924690216141,0.4795508332581593,2.961505845283349,4.065135073796109
clausius,4.74,472.44629664102473,1.7259869725268282,249.8168525024713,0.6461229659318637,4.038268537074148,701.4989675657049,1433.2401794838117,224.55042809509223,434.7653572678508,672.8833057973961,0.30334438253359153,0.2575764907299636,0.16642608614476526,0.4796968797870984,2.973526930185172,4.0729969548769445
clausius,4.74,472.44629664102473,1.7259869725268282,249.8168525024713,0.6477258517034069,4.048286573146293,703.797149797234,1434.3144637565754,225.2454078500091,433.15681819767013,668.7348004692767,0.301995712337168,0.2591907198352127,0.16788452975888227,0.47984132194452467,2.9854983863417703,4.080841820152898
clausius,4.74,472.44629664102473,1.7259869725268282,249.8168525024713,0.64932873747495,4.058304609218437,706.0970487004882,1435.3821776087252,225.93784848022972,431.58313631191857,664.660458414669,0.30067472136996604,0.2607989783346879,0.16934427133681973,0.4799844661381303,2.9974183343548435,4.088671319150954
clausius,4.74,472.44629664102473,1.7259869725268282,249.8168525024713,0.650931623246493,4.068322645290581,708.3986538381272,1436.4434382627687,226.6278051320304,430.0436622808945,660.658734224757,0.299380853311557,0.26240207197916054,0.17080580665663808,0.4801258165898549,3.0092914337242584,4.096482567992723
clausius,4.74,472.44629664102473,1.7259869725268282,249.8168525024713,0.652534509018036,4.078340681362725,710.7019549587607,1437.4983604988001,227.31533192355562,428.53775758037403,656.7281142345366,0.29811356266985584,0.26399898884910483,0.17226845056990858,0.4802660584481274,3.0211127290045603,4.104279359792988
clausius,4.74,472.44629664102473,1.7259869725268282,249.8168525024713,0.6541373947895792,4.08835871743487,713.0069419930359,1438.547056706231,228.00048196299508,427.0647951398523,652.8671171248803,0.296872315124457,0.26559082175839477,0.17373288822505983,0.4804045065645194,3.032888356278823,4.1120577517185835
clausius,4.74,472.44629664102473,1.7259869725268282,249.8168525024713,0.6557402805611223,4.098376753507014,715.3136050498722,1439.5896369273994,228.68330736178495,425.62415854528047,649.0742923113864,0.29565658686854335,0.26717656314134675,0.17519843447366312,0.4805418460874592,3.0446133928306764,4.119821536228006
clausius,4.74,472.44629664102473,1.7259869725268282,249.8168525024713,0.6573431663326653,4.108394789579158,717.6219344127237,1440.6262089122238,229.3638592554613,424.21524246029406,645.3482202104602,0.2944658647995909,0.268756833728227,0.1766654680564544,0.48067769827621093,3.05629146251084,4.127568507932149
clausius,4.74,472.44629664102473,1.7259869725268282,249.8168525024713,0.6589460521042085,4.118412825651303,719.9319205359641,1441.6568781678081,230.04218782159103,422.8374520113193,641.6875109291192,0.2932996459939209,0.27033138605843726,0.1781337996030659,0.4808122525011426,3.0679216286815247,4.1352996661869215
clausius,4.74,472.44629664102473,1.7259869725268282,249.8168525024713,0.6605489378757515,4.128430861723447,722.2435540412945,1442.681748001498,230.71834229382762,421.49020341168466,638.0908048495969,0.2921574380458905,0.2719005822847729,0.1796036408360051,0.4809452970397464,3.0795061268765274,4.143013756463084
clausius,4.74,472.44629664102473,1.7259869725268282,249.8168525024713,0.6621518236472946,4.138448897795591,724.5568257142945,1443.7009195729547,231.39237098221372,420.1729230354498,634.5567708641718,0.29103875833211806,0.2734638218057801,0.18107456831025612,0.4810772553370385,3.091042179804951,4.1507130957109295
clausius,4.74,472.44629664102473,1.7259869725268282,249.8168525024713,0.6637547094188377,4.148466933867736,726.8717265009909,1444.7144919375082,232.0643212881737,418.88504785984327,631.084106697496,0.2899431342299862,0.27502210470668476,0.18254721719334271,0.481207492225495,3.1025353062831353,4.158394059994074
clausius,4.74,472.44629664102473,1.7259869725268282,249.8168525024713,0.6653575951903808,4.15848496993988,729.1882475045293,1445.7225620930722,232.73423972219325,417.6260251302136,627.6715380557382,0.28887010279869163,0.2765741939754644,0.1840207405952329,0.48133685459514797,3.113979435920501,4.166061342191389
clausius,4.74,472.44629664102473,1.7259869725268282,249.8168525024713,0.6669604809619238,4.168503006012024,731.5063799819131,1446.725225019481,233.40217191682746,416.395312192313,624.3178180388841,0.2878192105807141,0.278120944633384,0.18549567899826638,0.4814648019636575,3.1253793127350584,4.173711856856232
clausius,4.74,472.44629664102473,1.7259869725268282,249.8168525024713,0.668563366733467,4.178521042084168,733.8261153408008,1447.7225737332567,234.06816265034513,415.1923766213523,621.0217270053852,0.28679001360785,0.2796617617129572,0.18697160895742726,0.4815917577760397,3.1367321933640753,4.181347920980511
clausius,4.74,472.44629664102473,1.7259869725268282,249.8168525024713,0.67016625250501,4.188539078156313,736.1474451364044,1448.7146993179258,234.73225585441241,414.0166954992753,617.7820711677513,0.2857820768258925,0.28119731964020733,0.1884489539177312,0.48171729858727885,3.1480418546998905,4.18896711543403
clausius,4.74,472.44629664102473,1.7259869725268282,249.8168525024713,0.6717691382765532,4.198557114228457,738.4703610683991,1449.7016909749452,235.39449463590176,412.86775611547307,614.5976833271911,0.2847949745011428,0.2827273076161193,0.18992747980453042,0.48184165847202276,3.159307004587023,4.196570701034732
clausius,4.74,472.44629664102473,1.7259869725268282,249.8168525024713,0.6733720240480962,4.208575150300601,740.7948549779629,1450.6836360584284,236.05492128815274,411.74505516889366,611.4674213722375,0.28382828959705036,0.2842516579974653,0.1914071142847804,0.48196490976331574,3.1705275990558235,4.204159034391401
clausius,4.74,472.44629664102473,1.7259869725268282,249.8168525024713,0.6749749098196394,4.218593186372746,743.1209188448464,1451.6606201205486,236.71357730974262,410.64809873307945,608.3901679290702,0.2828816136783944,0.28577069150672785,0.1928880467288496,0.48208686309078974,3.1817055658879427,4.211731015640136
clausius,4.74,472.44629664102473,1.7259869725268282,249.8168525024713,0.6765777955911824,4.22861122244489,745.4485447845153,1452.6327269472513,237.3705034170639,409.57640205167263,605.3648297662379,0.28195454670253023,0.28728399305390756,0.19436997072904533,0.48220782486213704,3.192839081271103,4.219288309130095
clausius,4.74,472.44629664102473,1.7259869725268282,249.8168525024713,0.6781806813627255,4.238629258517034,747.7777250453264,1453.60003859977,238.02573956114963,408.5294899900315,602.3903381752763,0.2810466972631354,0.2887922276654051,0.19585330973038376,0.48232737163234174,3.2039318006472293,4.226828518823482
clausius,4.74,472.44629664102473,1.7259869725268282,249.8168525024713,0.6797835671342687,4.248647294589179,750.1084520058297,1454.5626354454387,238.67932493749345,407.50689598243946,599.4656471328764,0.28015768180216344,0.29029435752921,0.19733733388015712,0.48244623325411157,3.214978747355432,4.234355662697872
clausius,4.74,472.44629664102473,1.7259869725268282,249.8168525024713,0.6813864529058117,4.258665330661323,752.4407181720558,1455.5205962039524,239.33129800670758,406.50816276770735,596.5897341136296,0.27928712505195363,0.2917914968564189,0.1988227730310726,0.4825636798747391,3.2259858273042408,4.241865649211055
clausius,4.74,472.44629664102473,1.7259869725268282,249.8168525024713,0.6829893386773547,4.268683366733467,754.7745161749135,1456.4739979827157,239.98169650806426,405.53284177741057,593.7615989185813,0.27843465955389,0.2932830607956838,0.20030920373811448,0.4826801349392402,3.236950351795605,4.2493607947391565
clausius,4.74,472.44629664102473,1.7259869725268282,249.8168525024713,0.6845922244488978,4.278701402805611,757.1098387676426,1457.4229163025923,240.63055746674877,404.5804927628577,590.980262868963,0.27759992534579997,0.2947690885091937,0.20179662600128295,0.4827955984476148,3.247872783177602,4.256841064531107
clausius,4.74,472.44629664102473,1.7259869725268282,249.8168525024713,0.686195110220441,4.288719438877756,759.4466788232878,1458.367425143848,241.27791721519577,403.65068412753817,588.244769039326,0.2767825701316138,0.29624951338144645,0.20328496748753366,0.48291014273290733,3.2587530481231064,4.264306825693655
clausius,4.74,472.44629664102473,1.7259869725268282,249.8168525024713,0.687797995991984,4.2987374749499,761.7850293322582,1459.3075969739145,241.92381140227803,402.7429925334918,585.554181431761,0.2759822489574081,0.297724755078619,0.2047744899002784,0.4830235060917056,3.26959350044267,4.27175660053855
clausius,4.74,472.44629664102473,1.7259869725268282,249.8168525024713,0.689400881763527,4.308755511022044,764.1248833999312,1460.2435027822912,242.56827500764166,401.85700279313517,582.9075845756998,0.2751986240838959,0.29919474483240466,0.20626512090647323,0.4831357608570538,3.2803940376276017,4.279190762258589
clausius,4.74,472.44629664102473,1.7259869725268282,249.8168525024713,0.6910037675350702,4.318773547094189,766.4662342443091,1461.175212109844,243.21134235244847,400.99230775898894,580.3040831302524,0.27443136486005776,0.3006587693682498,0.2077563423759184,0.4832474251591518,3.2911513503840055,4.286612141513032
clausius,4.74,472.44629664102473,1.7259869725268282,249.8168525024713,0.6926066533066133,4.328791583166333,768.8090751937282,1462.1027930916614,243.85304711973913,400.1485081028882,577.7428013324968,0.2736801475201082,0.30211819729524847,0.20924907353168914,0.48335757977492416,3.301872488221592,4.294015644172453
clausius,4.74,472.44629664102473,1.7259869725268282,249.8168525024713,0.6942095390781563,4.338809619238477,771.153399684613,1463.0263124694322,244.49342235400627,399.3252123081954,575.2228827602412,0.27294465513349314,0.30357159993129934,0.21074230046552578,0.4834672386126305,3.312550584648937,4.301406832474812
clausius,4.74,472.44629664102473,1.7259869725268282,249.8168525024713,0.6958124248496995,4.348827655310622,773.4992012592899,1463.9458356405105,245.13250048635336,398.5220364068429,572.7434897313403,0.27222457737480443,0.30502017179274293,0.2122368253631804,0.4835755994865191,3.32319179477951,4.30878126758114
clausius,4.74,472.44629664102473,1.7259869725268282,249.8168525024713,0.6974153106212425,4.358845691382766,775.8464735638387,1464.8614266761176,245.77031333856235,397.73860390206187,570.3038029775471,0.2715196104279714,0.30646323530839104,0.21373215244659247,0.48368315817465,3.3337929860758337,4.316141655617032
clausius,4.74,472.44629664102473,1.7259869725268282,249.8168525024713,0.6990181963927856,4.36886372745491,778.1952103459903,1465.7731483535263,246.40689213706673,396.974545834125,567.9030215274408,0.27082945698660027,0.3079008283710304,0.2152282817157623,0.4837899146770233,3.3443545720078776,4.323487974261558
clausius,4.74,472.44629664102473,1.7259869725268282,249.8168525024713,0.7006210821643286,4.378881763527054,780.5454054531034,1466.6810621865077,247.04226752593456,396.2294999363651,565.5403612925119,0.2701538256351873,0.3093332588159619,0.21672540254105757,0.48389567962327107,3.3548782875075247,4.330819165340153
clausius,4.74,472.44629664102473,1.7259869725268282,249.8168525024713,0.7022239679358718,4.388899799599199,782.897052830122,1467.5852284498376,247.67646957599595,395.5031113984498,563.2150559614162,0.2694924313296658,0.31076045898986326,0.21822344258943455,0.4840005253464373,3.36536401046768,4.3381356086168
clausius,4.74,472.44629664102473,1.7259869725268282,249.8168525024713,0.7038268537074148,4.398917835671343,785.2501465176342,1468.4857062096835,248.30952779823838,394.7950322166722,560.9263558744392,0.26884499491362424,0.3121824011107606,0.2197223571566128,0.484104496550802,3.3758118131962496,4.345437532620377
clausius,4.74,472.44629664102473,1.7259869725268282,249.8168525024713,0.7054297394789579,4.408935871743487,787.6046806499551,1469.3825533475874,248.9414711529596,394.10492105932025,558.6735276434655,0.2682112429887368,0.3135991843925814,0.22122219094687237,0.4842075485320856,3.3862223862801444,4.352724678022224
clausius,4.74,472.44629664102473,1.7259869725268282,249.8168525024713,0.707032625250501,4.418953907815632,789.9606494532424,1470.2758265836073,249.57232805851584,393.43244333765415,556.4558540679242,0.2675909079263377,0.31501051285526593,0.2227227098855654,0.4843099153649356,3.396594486013184,4.359998308675105
clausius,4.74,472.44629664102473,1.7259869725268282,249.8168525024713,0.7086355110220441,4.428971943887776,792.3180472436583,1471.1655815077543,250.20212640613192,392.7772711185763,554.2726338284758,0.2669837277704869,0.316417021063925,0.2242243374177074,0.4844111736043367,3.4069314062664233,4.367256101315617
clausius,4.74,472.44629664102473,1.7259869725268282,249.8168525024713,0.7102383967935871,4.43898997995992,794.6768684255845,1472.0518726063847,250.8308935713718,392.13908277511905,552.1231808157006,0.2663894459648393,0.31781831023873575,0.22572676713560658,0.48451162965798056,3.4172313937995913,4.3744997167840705
clausius,4.74,472.44629664102473,1.7259869725268282,249.8168525024713,0.7118412825651304,4.449008016032065,797.037107489858,1472.9347532790136,251.45865641902878,391.51756298598076,550.0068239582025,0.26580781131981124,0.3192142512205992,0.22722988200193908,0.4846114005631913,3.427494014453499,4.381729780369961
clausius,4.74,472.44629664102473,1.7259869725268282,249.8168525024713,0.7134441683366733,4.459026052104209,799.3987590120583,1473.8142758653491,252.08544131541214,390.9124026030892,547.9229068680511,0.26523857788903915,0.32060504410218865,0.22873379905402846,0.4847103692826449,3.437720429700737,4.388945644393062
clausius,4.74,472.44629664102473,1.7259869725268282,249.8168525024713,0.7150470541082165,4.469044088176353,801.7618176508339,1474.6904916702367,252.71127413936608,390.3232983058173,545.8707871926217,0.2646815047025471,0.32199088718202595,0.23023863532919872,0.4848084187790177,3.447911782432695,4.396146665076698
clausius,4.74,472.44629664102473,1.7259869725268282,249.8168525024713,0.7166499398797594,4.479062124248497,804.1262781462374,1475.56345098255,253.3361802891775,389.74995302446916,543.8498370485623,0.26413635602382396,0.3233714870494294,0.231744156752802,0.4849057831269574,3.4580668338081386,4.403334105760615
clausius,4.74,472.44629664102473,1.7259869725268282,249.8168525024713,0.7182528256513027,4.489080160320642,806.4921353181412,1476.4332030995556,253.96018469351816,389.1920753078581,541.8594419798399,0.2636029008903391,0.3247470417546269,0.2332504803621623,0.4850023452891403,3.4681867190680604,4.4105073243261295
clausius,4.74,472.44629664102473,1.7259869725268282,249.8168525024713,0.7198557114228458,4.499098196392786,808.8593840646598,1477.2997963513085,254.58331182263657,388.6493792471853,539.8990007025051,0.2630809130327415,0.3261171593479102,0.23475729974958745,0.4850984116732583,3.478269727688608,4.417667972926813
clausius,4.74,472.44629664102473,1.7259869725268282,249.8168525024713,0.7214585971943888,4.50911623246493,811.2280193605936,1478.163278114038,255.20558569181935,388.12158484535996,537.9679254702748,0.26257017109811936,0.3274827254803674,0.23626522773046096,0.48519336946392777,3.488320290942028,4.424812730867335
clausius,4.74,472.44629664102473,1.7259869725268282,249.8168525024713,0.723061482965932,4.519134268537075,813.5980362559474,1479.0236948388283,255.8270298759678,387.60841739873854,536.065641069421,0.26207045820248126,0.3288431847931397,0.23777384085976758,0.4852876421061644,3.4983359045180196,4.431943885945188
clausius,4.74,472.44629664102473,1.7259869725268282,249.8168525024713,0.724664368737475,4.529152304609219,815.9694298744568,1479.8810920659644,256.4476675140503,387.10960728716327,534.191584390431,0.2615815617636854,0.33019873267912236,0.23928325617483046,0.4853811125626445,3.5083176706235175,4.439060803048133
clausius,4.74,472.44629664102473,1.7259869725268282,249.8168525024713,0.7262672545090181,4.539170340681363,818.3421954121179,1480.7355144503422,257.0675213217305,386.6248907677281,532.3452053873749,0.26110327401125755,0.33154914091241344,0.24079328430528207,0.485473970203736,3.518264660016464,4.446164501099934
clausius,4.74,472.44629664102473,1.7259869725268282,249.8168525024713,0.7278701402805612,4.5491883767535075,820.7163281358191,1481.58700577199,257.686613593296,386.1540087340945,530.525965229525,0.26063539112432116,0.33289441273904313,0.24230390289898235,0.48556623738157884,3.5281770517758915,4.453255097039375
clausius,4.74,472.44629664102473,1.7259869725268282,249.8168525024713,0.7294730260521043,4.5592064128256515,823.091823381936,1482.4356089664498,258.30496621821396,385.6967073746365,528.7333370803586,0.2601777136502699,0.33423516249870455,0.2438155354009468,0.4856574906511575,3.5380579307344693,4.460330312293425
clausius,4.74,472.44629664102473,1.7259869725268282,249.8168525024713,0.7310759118236473,4.5692244488977956,825.4686765549937,1483.2813661348696,258.9226006830812,385.2527377097891,526.9668053332348,0.25973004617032275,0.33557055112332945,0.24532754664365192,0.48574836517999537,3.5479034546905592,4.4673935624358085
clausius,4.74,472.44629664102473,1.7259869725268282,249.8168525024713,0.7326787975951904,4.57924248496994,827.8468831263581,1484.1243185631272,259.53953808025517,384.82185526134714,525.2258650371969,0.2592921970538944,0.3369011917395407,0.24684036007211335,0.48583843752307704,3.5577166939185103,4.474442571958358
clausius,4.74,472.44629664102473,1.7259869725268282,249.8168525024713,0.7342816833667335,4.5892605210420845,830.2264386329057,1484.9645067392769,260.1557991154616,384.40382098339035,523.5100230484732,0.2588639790640344,0.3382272748312798,0.24835409272365494,0.48592759064307856,3.5674986960401034,4.481476717494105
clausius,4.74,472.44629664102473,1.7259869725268282,249.8168525024713,0.7358845691382766,4.5992785571142285,832.6073386758,1485.8019703735615,260.7714041173507,383.9984000602003,521.8187962683655,0.2584452085251005,0.3395480957136167,0.24986820411593713,0.48601636502233947,3.577246268046041,4.488498897962966
clausius,4.74,472.44629664102473,1.7259869725268282,249.8168525024713,0.7374874549098196,4.6092965931863725,834.9895789192387,1486.636748413449,261.38637304360554,383.6053623419274,520.1517121248319,0.2580357055960807,0.34086400609261447,0.2513829283236075,0.4861045265862121,3.5869612233389274,4.495507860091015
clausius,4.74,472.44629664102473,1.7259869725268282,249.8168525024713,0.7390903406813628,4.619314629258517,837.3731550892415,1487.4688790610708,262.00072548893,383.2244822578661,518.5083083409991,0.2576352941916791,0.34217555035864233,0.25289864408740176,0.48619169659396105,3.596646271061714,4.502501584275818
clausius,4.74,472.44629664102473,1.7259869725268282,249.8168525024713,0.7406932264529058,4.6293326653306615,839.7580629724835,1488.29839978654,262.61448069010544,382.8555383232472,516.8881321578949,0.2572438016315535,0.3434818318472479,0.2544146662588925,0.48627856019401333,3.606297320139822,4.509483735515377
clausius,4.74,472.44629664102473,1.7259869725268282,249.8168525024713,0.7422961122244489,4.6393507014028055,842.14429841512,1489.1253473436768,263.22765753297347,382.49831345545033,515.2907406576769,0.25686105883413796,0.3447835525491112,0.25593149061613923,0.4863646216083097,3.6159178162254113,4.516451671216203
clausius,4.74,472.44629664102473,1.7259869725268282,249.8168525024713,0.7438989979959921,4.64936873747495,844.5318573216581,1489.949757790324,263.84027456293495,382.15259480641447,513.7157004323232,0.2564869001845857,0.34608058461614577,0.257449000121818,0.48644999787417414,3.6255072890969817,4.5234060228273405
clausius,4.74,472.44629664102473,1.7259869725268282,249.8168525024713,0.7455018837675351,4.659386773547094,846.9207356538451,1490.771666497309,264.4523499871665,381.818173646699,512.162587325881,0.2561211634400138,0.3473724502565373,0.25896681603519295,0.4865350677323422,3.635063630836919,4.530348811354308
clausius,4.74,472.44629664102473,1.7259869725268282,249.8168525024713,0.7471047695390781,4.669404809619238,849.310929429594,1491.5911081657584,265.06390168312316,381.4948450718738,510.630985942219,0.25576368951475326,0.34866025644933374,0.26048574054201534,0.4866190289970628,3.644592159007378,4.53727577748972
clausius,4.74,472.44629664102473,1.7259869725268282,249.8168525024713,0.7487076553106212,4.6794228456913824,851.7024347218986,1492.4081168416828,265.6749472051773,381.18240848540603,509.12049019622003,0.255414322787312,0.3499428015204553,0.2620048544192102,0.48670280089141105,3.654087374193324,4.544191814208376
clausius,4.74,472.44629664102473,1.7259869725268282,249.8168525024713,0.7503105410821644,4.689440881763527,854.0952476578165,1493.2227259274907,266.28550378902366,380.88066688281054,507.63070226025434,0.25507291060429904,0.3512209359368482,0.2635247704821608,0.48678577060000366,3.6635533805905593,4.55109367440873
clausius,4.74,472.44629664102473,1.7259869725268282,249.8168525024713,0.7519134268537074,4.699458917835671,856.489364417441,1494.034968197107,266.8955883589156,380.58942707696286,506.16123277581863,0.2547393034155222,0.35249428040170183,0.26504518232317525,0.4868682445305322,3.672988529552807,4.557982992247405
clausius,4.74,472.44629664102473,1.7259869725268282,249.8168525024713,0.7535163126252504,4.709476953907815,858.8847812329,1494.844875814214,267.5052175373769,380.308499727618,504.71170080263215,0.2544133547773451,0.3537630208042356,0.2665662069795774,0.48695010564567304,3.6823938097699216,4.5648591561216465
clausius,4.74,472.44629664102473,1.7259869725268282,249.8168525024713,0.7551191983967936,4.71949498997996,861.2814943873897,1495.652480333243,268.11440764202496,380.03769903316964,503.28173332108906,0.25409492113334664,0.3550270314716209,0.26808772741404363,0.48703147098275,3.6917687563110717,4.571722794309523
clausius,4.74,472.44629664102473,1.7259869725268282,249.8168525024713,0.7567220841683368,4.729513026052104,863.6795002142213,1496.4578127253167,268.723174701271,379.7768425960845,501.8709649705442,0.253783861707697,0.35628659271025753,0.2696099329969414,0.48711215117139534,3.7011147888805835,4.57857291606439
clausius,4.74,472.44629664102473,1.7259869725268282,249.8168525024713,0.7583249699398797,4.739531062124248,866.0787950958681,1497.2609033824847,269.33153445381186,379.525751876282,500.47903856623753,0.2534800387954362,0.3575416373493835,0.27113275139522663,0.4871922185446531,3.7104317090130836,4.585409915112191
clausius,4.74,472.44629664102473,1.7259869725268282,249.8168525024713,0.759927855711423,4.749549098196393,868.4793754630801,1498.0617821329317,269.9395023564315,379.2842512874895,499.1056038239502,0.25318331714428144,0.35879179076276296,0.272655876201208,0.48727197951021495,3.71971789652746,4.592235416709929
clausius,4.74,472.44629664102473,1.7259869725268282,249.8168525024713,0.761530741482966,4.759567134268537,870.8812377939593,1498.860478247545,270.5470935854065,379.0521688980059,497.7503182075869,0.25289356441047167,0.3600375811772184,0.27417968615562066,0.4873510553273453,3.7289759093055945,4.599047435730449
clausius,4.74,472.44629664102473,1.7259869725268282,249.8168525024713,0.7631336272545091,4.769585170340681,873.2843786130998,1499.657020458808,271.15432304731985,378.82933598879566,496.41284626873625,0.2526106508492828,0.361278941300633,0.2757041089254209,0.48742951832908815,3.738205543608543,4.605846366349687
clausius,4.74,472.44629664102473,1.7259869725268282,249.8168525024713,0.7647365130260521,4.779603206412825,875.6887944907214,1500.4514369685528,271.76120538153873,378.61558712371846,495.09285966422823,0.252334449349895,0.36251574594796476,0.2772290274732847,0.48750748555276735,3.7474063293634043,4.6126328362865525
clausius,4.74,472.44629664102473,1.7259869725268282,249.8168525024713,0.7663393987975953,4.78962124248497,878.0944820418317,1501.2437554649146,272.367754969795,378.4107600175329,493.7900369095839,0.2520648353340489,0.3637480237040984,0.2787544417992122,0.48758495699838306,3.756578505581099,4.619406857477489
clausius,4.74,472.44629664102473,1.7259869725268282,249.8168525024713,0.7679422845691383,4.799639278557114,880.5014379254106,1502.0340031212013,272.97398593201285,378.2146952107478,492.5040628840342,0.2518016865296152,0.36497580291526366,0.2802803519032031,0.48766193266593516,3.765722308108108,4.626168442365361
clausius,4.74,472.44629664102473,1.7259869725268282,249.8168525024713,0.7695451703406814,4.809657314629258,882.9096588435881,1502.822206615244,273.57991213789853,378.0272365779056,491.23462942474333,0.2515448832961576,0.3661992637778807,0.2818068748225813,0.48773829551810005,3.7748386674423013,4.632916991544563
clausius,4.74,472.44629664102473,1.7259869725268282,249.8168525024713,0.7711480561122245,4.819675350701403,885.3191415408704,1503.6083921384816,274.1855472107469,377.848230704022,489.981434445883,0.25129430819858206,0.36741812967945275,0.2833337764826992,0.4878142796295253,3.7839264154010794,4.6396537437645655
clausius,4.74,472.44629664102473,1.7259869725268282,249.8168525024713,0.7727509418837676,4.829693386773547,887.7298828033573,1504.3925854038737,274.7909045304424,377.67752720974937,488.7441822963928,0.251049846213086,0.3686330061096956,0.2848615026807119,0.48788943920305566,3.7929884256380277,4.646376383522823
clausius,4.74,472.44629664102473,1.7259869725268282,249.8168525024713,0.7743538276553106,4.839711422845691,890.1418794579862,1505.1748116574424,275.39599723931553,377.5149785936265,487.5225834896633,0.25081138461114766,0.36984321986429347,0.2863895129342802,0.48796431472103036,3.802021712485322,4.653087749380824
clausius,4.74,472.44629664102473,1.7259869725268282,249.8168525024713,0.7759567134268538,4.849729458917836,892.5551283717999,1505.9550956876744,276.00083824643104,377.36043995360296,486.3163542809855,0.25057881276419225,0.3710488286440803,0.2879178295955444,0.4880388838313094,3.8110266409340783,4.659787736100062
clausius,4.74,472.44629664102473,1.7259869725268282,249.8168525024713,0.7775595991983968,4.85974749498998,894.9696264512119,1506.7334618358516,276.60544023268574,377.2137691614824,485.1252168327165,0.2503520222494251,0.37225034801658474,0.28944683140523936,0.48811276779315743,3.8200056606055712,4.666474384736639
clausius,4.74,472.44629664102473,1.7259869725268282,249.8168525024713,0.7791624849699399,4.869765531062124,897.3853706412956,1507.5099340025165,277.2098156529753,377.07482676241045,483.94889902451865,0.25013090677370026,0.37344746734203915,0.2909762566599537,0.4881862283099862,3.8289574464822955,4.67314907451307
clausius,4.74,472.44629664102473,1.7259869725268282,249.8168525024713,0.7807653707414829,4.879783567134268,899.8023579250794,1508.284535658402,277.8139767418984,376.94347621494484,482.78713470215314,0.24991536232279943,0.37464015646290527,0.2925060606554074,0.4882593100860755,3.837881954925535,4.679812052376332
clausius,4.74,472.44629664102473,1.7259869725268282,249.8168525024713,0.7823682565130261,4.889801603206413,902.2205853228885,1509.0572898548205,278.4179355190996,376.8195831509802,481.6396626704221,0.24970528666094066,0.3758287417957794,0.2940364774662482,0.4883317790467779,3.8467807612932243,4.686462118552434
clausius,4.74,472.44629664102473,1.7259869725268282,249.8168525024713,0.7839711422845692,4.899819639278557,904.6400498916584,1509.8282192280494,279.0217037900326,376.70301581806933,480.50622720667957,0.2495005796160516,0.3770130992243407,0.295567390055152,0.48840375222941723,3.8556533888875912,4.69309989823474
clausius,4.74,472.44629664102473,1.7259869725268282,249.8168525024713,0.7855740280561122,4.909837675350701,907.060749014542,1510.5974209544277,279.6253517358024,376.58468036089005,479.37516632613426,0.24929519615024617,0.3781932546284455,0.29709879842211884,0.48847522963399337,3.86450004230768,4.6997254085725615
clausius,4.74,472.44629664102473,1.7259869725268282,249.8168525024713,0.7871769138276554,4.919855711422846,909.4826795326683,1511.364822608362,280.22881719586394,376.47138220022265,478.25511087415777,0.2490936513597665,0.3793689931081533,0.2986305131967812,0.48854640063087423,3.8733198349454767,4.706339646255305
clausius,4.74,472.44629664102473,1.7259869725268282,249.8168525024713,0.7887797995991984,4.92987374749499,911.9058385928952,1512.1304447707018,280.83211060118583,376.36305457755907,477.1459091229262,0.24889589114425273,0.3805405816706102,0.3001627237495063,0.4886170758496921,3.8821140619961874,4.712941647864038
clausius,4.74,472.44629664102473,1.7259869725268282,249.8168525024713,0.7903826853707415,4.939891783567134,914.3302233763411,1512.8943076919597,281.435242219339,376.25963188024,476.0474120251628,0.2487018623622518,0.3817078059704863,0.3016952407099269,0.4886874446608146,3.8908818387723922,4.719532408695486
clausius,4.74,472.44629664102473,1.7259869725268282,249.8168525024713,0.7919855711422846,4.949909819639279,916.7558310977889,1513.656431289902,282.0382221505364,376.1610497029617,474.9594732646742,0.24851151286848244,0.3828713184998482,0.3032285598561018,0.4887570112861828,3.899626193052944,4.726109388785047
clausius,4.74,472.44629664102473,1.7259869725268282,249.8168525024713,0.7935884569138277,4.959927855711423,919.1826590051141,1514.4168351671804,282.6410603395311,376.06724354345585,473.88194758519694,0.24832479064585994,0.3840303695417044,0.3047620683726482,0.48882638854117955,3.9083438221707048,4.732675767259483
clausius,4.74,472.44629664102473,1.7259869725268282,249.8168525024713,0.7951913426853707,4.969945891783567,921.6107043786828,1515.1755386022926,283.24376656650406,375.97815033429873,472.81469270605487,0.24814164481636772,0.3851851332567642,0.3062958832968897,0.488895459388481,3.9170355946846427,4.739230956274777
clausius,4.74,472.44629664102473,1.7259869725268282,249.8168525024713,0.7967942284569138,4.979963927855711,924.0399645308028,1515.932560564028,283.8463504565259,375.89370706490877,471.7575675627964,0.2479620247255928,0.38633587318440255,0.30783019399919415,0.4889640344577197,3.9257027762370216,4.745773999222928
clausius,4.74,472.44629664102473,1.7259869725268282,249.8168525024713,0.7983971142284569,4.989981963927856,926.4704368051415,1516.6879197203784,284.4488214847703,375.81385526815137,470.71043791450165,0.2477858828976746,0.38748261355944513,0.30936500047956134,0.4890321137488956,3.934345551973218,4.752304915841636
clausius,4.74,472.44629664102473,1.7259869725268282,249.8168525024713,0.8,5.0,928.9021185762391,1517.4416344410097,285.0511889765686,375.738533914956,469.673167393695,0.24761317034336505,0.3886255247191438,0.3109004197753151,0.48909958022468497,3.9429647607913623,4.758823126103735
