model_key,K0_MeV,branch_mode,directory,parameter_value,status,y,Tc_MeV,nc_fm3,Pc_MeV_fm3,dPdn,d2Pdn2,source
dieterici_vdw,250,target_l,/home/dajuarez4/QMM/Paper/empirical_asymmetric_lambda300/runs/681f9e1862ace758/dieterici_vdw_K0_250_target_l,1.6667633215586348,ok,0.1,1.325311539030406,0.01027239119957453,0.002190800433631221,1.3530843112619095e-12,1.0408340855860843e-09,computed fixed-y
dieterici_vdw,250,target_l,/home/dajuarez4/QMM/Paper/empirical_asymmetric_lambda300/runs/681f9e1862ace758/dieterici_vdw_K0_250_target_l,1.6667633215586348,ok,0.2,6.926483702317255,0.039349030225972456,0.06252004691291019,3.774758283725532e-11,1.3877787807814457e-08,computed fixed-y
dieterici_vdw,250,target_l,/home/dajuarez4/QMM/Paper/empirical_asymmetric_lambda300/runs/681f9e1862ace758/dieterici_vdw_K0_250_target_l,1.6667633215586348,ok,0.3,10.461623958938764,0.05171294941424627,0.13219885569947687,4.9960036108132044e-12,4.9960036108132044e-08,computed fixed-y
dieterici_vdw,250,target_l,/home/dajuarez4/QMM/Paper/empirical_asymmetric_lambda300/runs/681f9e1862ace758/dieterici_vdw_K0_250_target_l,1.6667633215586348,ok,0.4,12.396239403326012,0.05696369622341311,0.1766869101607469,1.3877787807814457e-11,-1.1102230246251565e-08,computed fixed-y
dieterici_vdw,250,target_l,/home/dajuarez4/QMM/Paper/empirical_asymmetric_lambda300/runs/681f9e1862ace758/dieterici_vdw_K0_250_target_l,1.6667633215586348,ok,0.5,13.01220818640859,0.058434332422509304,0.19149549566927093,-6.106226635438361e-12,7.771561172376096e-08,computed fixed-y
dieterici_vdw,250,equal_b,/home/dajuarez4/QMM/Paper/empirical_asymmetric_lambda300/runs/681f9e1862ace758/dieterici_vdw_K0_250_equal_b,1.6667633215586348,ok,0.1,2.668608721851002,0.016172071194723397,0.008484270454018616,1.407207683712386e-10,-3.747002708109903e-08,computed fixed-y
dieterici_vdw,250,equal_b,/home/dajuarez4/QMM/Paper/empirical_asymmetric_lambda300/runs/681f9e1862ace758/dieterici_vdw_K0_250_equal_b,1.6667633215586348,ok,0.2,7.170289084632308,0.03693021268091237,0.061786186837961665,9.020562075079397e-12,-2.0816681711721685e-08,computed fixed-y
dieterici_vdw,250,equal_b,/home/dajuarez4/QMM/Paper/empirical_asymmetric_lambda300/runs/681f9e1862ace758/dieterici_vdw_K0_250_equal_b,1.6667633215586348,ok,0.3,10.414222518200843,0.049418770321392885,0.12625201521682983,5.551115123125783e-13,2.7755575615628914e-08,computed fixed-y
dieterici_vdw,250,equal_b,/home/dajuarez4/QMM/Paper/empirical_asymmetric_lambda300/runs/681f9e1862ace758/dieterici_vdw_K0_250_equal_b,1.6667633215586348,ok,0.4,12.362870344914144,0.056249901155625955,0.17412490363833544,2.528532938583794e-10,8.326672684688674e-09,computed fixed-y
dieterici_vdw,250,equal_b,/home/dajuarez4/QMM/Paper/empirical_asymmetric_lambda300/runs/681f9e1862ace758/dieterici_vdw_K0_250_equal_b,1.6667633215586348,ok,0.5,13.01220818640859,0.058434332422509304,0.19149549566927093,-6.106226635438361e-12,7.771561172376096e-08,computed fixed-y
dieterici_vdw,255,target_l,/home/dajuarez4/QMM/Paper/empirical_asymmetric_lambda300/runs/681f9e1862ace758/dieterici_vdw_K0_255_target_l,,missing,0.1,,,,,,
dieterici_vdw,255,target_l,/home/dajuarez4/QMM/Paper/empirical_asymmetric_lambda300/runs/681f9e1862ace758/dieterici_vdw_K0_255_target_l,,missing,0.2,,,,,,
dieterici_vdw,255,target_l,/home/dajuarez4/QMM/Paper/empirical_asymmetric_lambda300/runs/681f9e1862ace758/dieterici_vdw_K0_255_target_l,,missing,0.3,,,,,,
dieterici_vdw,255,target_l,/home/dajuarez4/QMM/Paper/empirical_asymmetric_lambda300/runs/681f9e1862ace758/dieterici_vdw_K0_255_target_l,,missing,0.4,,,,,,
dieterici_vdw,255,target_l,/home/dajuarez4/QMM/Paper/empirical_asymmetric_lambda300/runs/681f9e1862ace758/dieterici_vdw_K0_255_target_l,,missing,0.5,,,,,,
dieterici_vdw,255,equal_b,/home/dajuarez4/QMM/Paper/empirical_asymmetric_lambda300/runs/681f9e1862ace758/dieterici_vdw_K0_255_equal_b,,missing,0.1,,,,,,
dieterici_vdw,255,equal_b,/home/dajuarez4/QMM/Paper/empirical_asymmetric_lambda300/runs/681f9e1862ace758/dieterici_vdw_K0_255_equal_b,,missing,0.2,,,,,,
dieterici_vdw,255,equal_b,/home/dajuarez4/QMM/Paper/empirical_asymmetric_lambda300/runs/681f9e1862ace758/dieterici_vdw_K0_255_equal_b,,missing,0.3,,,,,,
dieterici_vdw,255,equal_b,/home/dajuarez4/QMM/Paper/empirical_asymmetric_lambda300/runs/681f9e1862ace758/dieterici_vdw_K0_255_equal_b,,missing,0.4,,,,,,
dieterici_vdw,255,equal_b,/home/dajuarez4/QMM/Paper/empirical_asymmetric_lambda300/runs/681f9e1862ace758/dieterici_vdw_K0_255_equal_b,,missing,0.5,,,,,,
dieterici_vdw,260,target_l,/home/dajuarez4/QMM/Paper/empirical_asymmetric_lambda300/runs/681f9e1862ace758/dieterici_vdw_K0_260_target_l,,missing,0.1,,,,,,
dieterici_vdw,260,target_l,/home/dajuarez4/QMM/Paper/empirical_asymmetric_lambda300/runs/681f9e1862ace758/dieterici_vdw_K0_260_target_l,,missing,0.2,,,,,,
dieterici_vdw,260,target_l,/home/dajuarez4/QMM/Paper/empirical_asymmetric_lambda300/runs/681f9e1862ace758/dieterici_vdw_K0_260_target_l,,missing,0.3,,,,,,
dieterici_vdw,260,target_l,/home/dajuarez4/QMM/Paper/empirical_asymmetric_lambda300/runs/681f9e1862ace758/dieterici_vdw_K0_260_target_l,,missing,0.4,,,,,,
dieterici_vdw,260,target_l,/home/dajuarez4/QMM/Paper/empirical_asymmetric_lambda300/runs/681f9e1862ace758/dieterici_vdw_K0_260_target_l,,missing,0.5,,,,,,
dieterici_vdw,260,equal_b,/home/dajuarez4/QMM/Paper/empirical_asymmetric_lambda300/runs/681f9e1862ace758/dieterici_vdw_K0_260_equal_b,,missing,0.1,,,,,,
dieterici_vdw,260,equal_b,/home/dajuarez4/QMM/Paper/empirical_asymmetric_lambda300/runs/681f9e1862ace758/dieterici_vdw_K0_260_equal_b,,missing,0.2,,,,,,
dieterici_vdw,260,equal_b,/home/dajuarez4/QMM/Paper/empirical_asymmetric_lambda300/runs/681f9e1862ace758/dieterici_vdw_K0_260_equal_b,,missing,0.3,,,,,,
dieterici_vdw,260,equal_b,/home/dajuarez4/QMM/Paper/empirical_asymmetric_lambda300/runs/681f9e1862ace758/dieterici_vdw_K0_260_equal_b,,missing,0.4,,,,,,
dieterici_vdw,260,equal_b,/home/dajuarez4/QMM/Paper/empirical_asymmetric_lambda300/runs/681f9e1862ace758/dieterici_vdw_K0_260_equal_b,,missing,0.5,,,,,,
dieterici_vdw,265,target_l,/home/dajuarez4/QMM/Paper/empirical_asymmetric_lambda300/runs/681f9e1862ace758/dieterici_vdw_K0_265_target_l,,missing,0.1,,,,,,
dieterici_vdw,265,target_l,/home/dajuarez4/QMM/Paper/empirical_asymmetric_lambda300/runs/681f9e1862ace758/dieterici_vdw_K0_265_target_l,,missing,0.2,,,,,,
dieterici_vdw,265,target_l,/home/dajuarez4/QMM/Paper/empirical_asymmetric_lambda300/runs/681f9e1862ace758/dieterici_vdw_K0_265_target_l,,missing,0.3,,,,,,
dieterici_vdw,265,target_l,/home/dajuarez4/QMM/Paper/empirical_asymmetric_lambda300/runs/681f9e1862ace758/dieterici_vdw_K0_265_target_l,,missing,0.4,,,,,,
dieterici_vdw,265,target_l,/home/dajuarez4/QMM/Paper/empirical_asymmetric_lambda300/runs/681f9e1862ace758/dieterici_vdw_K0_265_target_l,,missing,0.5,,,,,,
dieterici_vdw,265,equal_b,/home/dajuarez4/QMM/Paper/empirical_asymmetric_lambda300/runs/681f9e1862ace758/dieterici_vdw_K0_265_equal_b,,missing,0.1,,,,,,
dieterici_vdw,265,equal_b,/home/dajuarez4/QMM/Paper/empirical_asymmetric_lambda300/runs/681f9e1862ace758/dieterici_vdw_K0_265_equal_b,,missing,0.2,,,,,,
dieterici_vdw,265,equal_b,/home/dajuarez4/QMM/Paper/empirical_asymmetric_lambda300/runs/681f9e1862ace758/dieterici_vdw_K0_265_equal_b,,missing,0.3,,,,,,
dieterici_vdw,265,equal_b,/home/dajuarez4/QMM/Paper/empirical_asymmetric_lambda300/runs/681f9e1862ace758/dieterici_vdw_K0_265_equal_b,,missing,0.4,,,,,,
dieterici_vdw,265,equal_b,/home/dajuarez4/QMM/Paper/empirical_asymmetric_lambda300/runs/681f9e1862ace758/dieterici_vdw_K0_265_equal_b,,missing,0.5,,,,,,
dieterici_vdw,270,target_l,/home/dajuarez4/QMM/Paper/empirical_asymmetric_lambda300/runs/681f9e1862ace758/dieterici_vdw_K0_270_target_l,,missing,0.1,,,,,,
dieterici_vdw,270,target_l,/home/dajuarez4/QMM/Paper/empirical_asymmetric_lambda300/runs/681f9e1862ace758/dieterici_vdw_K0_270_target_l,,missing,0.2,,,,,,
dieterici_vdw,270,target_l,/home/dajuarez4/QMM/Paper/empirical_asymmetric_lambda300/runs/681f9e1862ace758/dieterici_vdw_K0_270_target_l,,missing,0.3,,,,,,
dieterici_vdw,270,target_l,/home/dajuarez4/QMM/Paper/empirical_asymmetric_lambda300/runs/681f9e1862ace758/dieterici_vdw_K0_270_target_l,,missing,0.4,,,,,,
dieterici_vdw,270,target_l,/home/dajuarez4/QMM/Paper/empirical_asymmetric_lambda300/runs/681f9e1862ace758/dieterici_vdw_K0_270_target_l,,missing,0.5,,,,,,
dieterici_vdw,270,equal_b,/home/dajuarez4/QMM/Paper/empirical_asymmetric_lambda300/runs/681f9e1862ace758/dieterici_vdw_K0_270_equal_b,,missing,0.1,,,,,,
dieterici_vdw,270,equal_b,/home/dajuarez4/QMM/Paper/empirical_asymmetric_lambda300/runs/681f9e1862ace758/dieterici_vdw_K0_270_equal_b,,missing,0.2,,,,,,
dieterici_vdw,270,equal_b,/home/dajuarez4/QMM/Paper/empirical_asymmetric_lambda300/runs/681f9e1862ace758/dieterici_vdw_K0_270_equal_b,,missing,0.3,,,,,,
dieterici_vdw,270,equal_b,/home/dajuarez4/QMM/Paper/empirical_asymmetric_lambda300/runs/681f9e1862ace758/dieterici_vdw_K0_270_equal_b,,missing,0.4,,,,,,
dieterici_vdw,270,equal_b,/home/dajuarez4/QMM/Paper/empirical_asymmetric_lambda300/runs/681f9e1862ace758/dieterici_vdw_K0_270_equal_b,,missing,0.5,,,,,,
dieterici_vdw,275,target_l,/home/dajuarez4/QMM/Paper/empirical_asymmetric_lambda300/runs/681f9e1862ace758/dieterici_vdw_K0_275_target_l,,missing,0.1,,,,,,
dieterici_vdw,275,target_l,/home/dajuarez4/QMM/Paper/empirical_asymmetric_lambda300/runs/681f9e1862ace758/dieterici_vdw_K0_275_target_l,,missing,0.2,,,,,,
dieterici_vdw,275,target_l,/home/dajuarez4/QMM/Paper/empirical_asymmetric_lambda300/runs/681f9e1862ace758/dieterici_vdw_K0_275_target_l,,missing,0.3,,,,,,
dieterici_vdw,275,target_l,/home/dajuarez4/QMM/Paper/empirical_asymmetric_lambda300/runs/681f9e1862ace758/dieterici_vdw_K0_275_target_l,,missing,0.4,,,,,,
dieterici_vdw,275,target_l,/home/dajuarez4/QMM/Paper/empirical_asymmetric_lambda300/runs/681f9e1862ace758/dieterici_vdw_K0_275_target_l,,missing,0.5,,,,,,
dieterici_vdw,275,equal_b,/home/dajuarez4/QMM/Paper/empirical_asymmetric_lambda300/runs/681f9e1862ace758/dieterici_vdw_K0_275_equal_b,,missing,0.1,,,,,,
dieterici_vdw,275,equal_b,/home/dajuarez4/QMM/Paper/empirical_asymmetric_lambda300/runs/681f9e1862ace758/dieterici_vdw_K0_275_equal_b,,missing,0.2,,,,,,
dieterici_vdw,275,equal_b,/home/dajuarez4/QMM/Paper/empirical_asymmetric_lambda300/runs/681f9e1862ace758/dieterici_vdw_K0_275_equal_b,,missing,0.3,,,,,,
dieterici_vdw,275,equal_b,/home/dajuarez4/QMM/Paper/empirical_asymmetric_lambda300/runs/681f9e1862ace758/dieterici_vdw_K0_275_equal_b,,missing,0.4,,,,,,
dieterici_vdw,275,equal_b,/home/dajuarez4/QMM/Paper/empirical_asymmetric_lambda300/runs/681f9e1862ace758/dieterici_vdw_K0_275_equal_b,,missing,0.5,,,,,,
dieterici_vdw,280,target_l,/home/dajuarez4/QMM/Paper/empirical_asymmetric_lambda300/runs/681f9e1862ace758/dieterici_vdw_K0_280_target_l,,missing,0.1,,,,,,
dieterici_vdw,280,target_l,/home/dajuarez4/QMM/Paper/empirical_asymmetric_lambda300/runs/681f9e1862ace758/dieterici_vdw_K0_280_target_l,,missing,0.2,,,,,,
dieterici_vdw,280,target_l,/home/dajuarez4/QMM/Paper/empirical_asymmetric_lambda300/runs/681f9e1862ace758/dieterici_vdw_K0_280_target_l,,missing,0.3,,,,,,
dieterici_vdw,280,target_l,/home/dajuarez4/QMM/Paper/empirical_asymmetric_lambda300/runs/681f9e1862ace758/dieterici_vdw_K0_280_target_l,,missing,0.4,,,,,,
dieterici_vdw,280,target_l,/home/dajuarez4/QMM/Paper/empirical_asymmetric_lambda300/runs/681f9e1862ace758/dieterici_vdw_K0_280_target_l,,missing,0.5,,,,,,
dieterici_vdw,280,equal_b,/home/dajuarez4/QMM/Paper/empirical_asymmetric_lambda300/runs/681f9e1862ace758/dieterici_vdw_K0_280_equal_b,,missing,0.1,,,,,,
dieterici_vdw,280,equal_b,/home/dajuarez4/QMM/Paper/empirical_asymmetric_lambda300/runs/681f9e1862ace758/dieterici_vdw_K0_280_equal_b,,missing,0.2,,,,,,
dieterici_vdw,280,equal_b,/home/dajuarez4/QMM/Paper/empirical_asymmetric_lambda300/runs/681f9e1862ace758/dieterici_vdw_K0_280_equal_b,,missing,0.3,,,,,,
dieterici_vdw,280,equal_b,/home/dajuarez4/QMM/Paper/empirical_asymmetric_lambda300/runs/681f9e1862ace758/dieterici_vdw_K0_280_equal_b,,missing,0.4,,,,,,
dieterici_vdw,280,equal_b,/home/dajuarez4/QMM/Paper/empirical_asymmetric_lambda300/runs/681f9e1862ace758/dieterici_vdw_K0_280_equal_b,,missing,0.5,,,,,,
dieterici_vdw,285,target_l,/home/dajuarez4/QMM/Paper/empirical_asymmetric_lambda300/runs/681f9e1862ace758/dieterici_vdw_K0_285_target_l,,missing,0.1,,,,,,
dieterici_vdw,285,target_l,/home/dajuarez4/QMM/Paper/empirical_asymmetric_lambda300/runs/681f9e1862ace758/dieterici_vdw_K0_285_target_l,,missing,0.2,,,,,,
dieterici_vdw,285,target_l,/home/dajuarez4/QMM/Paper/empirical_asymmetric_lambda300/runs/681f9e1862ace758/dieterici_vdw_K0_285_target_l,,missing,0.3,,,,,,
dieterici_vdw,285,target_l,/home/dajuarez4/QMM/Paper/empirical_asymmetric_lambda300/runs/681f9e1862ace758/dieterici_vdw_K0_285_target_l,,missing,0.4,,,,,,
dieterici_vdw,285,target_l,/home/dajuarez4/QMM/Paper/empirical_asymmetric_lambda300/runs/681f9e1862ace758/dieterici_vdw_K0_285_target_l,,missing,0.5,,,,,,
dieterici_vdw,285,equal_b,/home/dajuarez4/QMM/Paper/empirical_asymmetric_lambda300/runs/681f9e1862ace758/dieterici_vdw_K0_285_equal_b,,missing,0.1,,,,,,
dieterici_vdw,285,equal_b,/home/dajuarez4/QMM/Paper/empirical_asymmetric_lambda300/runs/681f9e1862ace758/dieterici_vdw_K0_285_equal_b,,missing,0.2,,,,,,
dieterici_vdw,285,equal_b,/home/dajuarez4/QMM/Paper/empirical_asymmetric_lambda300/runs/681f9e1862ace758/dieterici_vdw_K0_285_equal_b,,missing,0.3,,,,,,
dieterici_vdw,285,equal_b,/home/dajuarez4/QMM/Paper/empirical_asymmetric_lambda300/runs/681f9e1862ace758/dieterici_vdw_K0_285_equal_b,,missing,0.4,,,,,,
dieterici_vdw,285,equal_b,/home/dajuarez4/QMM/Paper/empirical_asymmetric_lambda300/runs/681f9e1862ace758/dieterici_vdw_K0_285_equal_b,,missing,0.5,,,,,,
dieterici_vdw,290,target_l,/home/dajuarez4/QMM/Paper/empirical_asymmetric_lambda300/runs/681f9e1862ace758/dieterici_vdw_K0_290_target_l,,missing,0.1,,,,,,
dieterici_vdw,290,target_l,/home/dajuarez4/QMM/Paper/empirical_asymmetric_lambda300/runs/681f9e1862ace758/dieterici_vdw_K0_290_target_l,,missing,0.2,,,,,,
dieterici_vdw,290,target_l,/home/dajuarez4/QMM/Paper/empirical_asymmetric_lambda300/runs/681f9e1862ace758/dieterici_vdw_K0_290_target_l,,missing,0.3,,,,,,
dieterici_vdw,290,target_l,/home/dajuarez4/QMM/Paper/empirical_asymmetric_lambda300/runs/681f9e1862ace758/dieterici_vdw_K0_290_target_l,,missing,0.4,,,,,,
dieterici_vdw,290,target_l,/home/dajuarez4/QMM/Paper/empirical_asymmetric_lambda300/runs/681f9e1862ace758/dieterici_vdw_K0_290_target_l,,missing,0.5,,,,,,
dieterici_vdw,290,equal_b,/home/dajuarez4/QMM/Paper/empirical_asymmetric_lambda300/runs/681f9e1862ace758/dieterici_vdw_K0_290_equal_b,,missing,0.1,,,,,,
dieterici_vdw,290,equal_b,/home/dajuarez4/QMM/Paper/empirical_asymmetric_lambda300/runs/681f9e1862ace758/dieterici_vdw_K0_290_equal_b,,missing,0.2,,,,,,
dieterici_vdw,290,equal_b,/home/dajuarez4/QMM/Paper/empirical_asymmetric_lambda300/runs/681f9e1862ace758/dieterici_vdw_K0_290_equal_b,,missing,0.3,,,,,,
dieterici_vdw,290,equal_b,/home/dajuarez4/QMM/Paper/empirical_asymmetric_lambda300/runs/681f9e1862ace758/dieterici_vdw_K0_290_equal_b,,missing,0.4,,,,,,
dieterici_vdw,290,equal_b,/home/dajuarez4/QMM/Paper/empirical_asymmetric_lambda300/runs/681f9e1862ace758/dieterici_vdw_K0_290_equal_b,,missing,0.5,,,,,,
dieterici_vdw,295,target_l,/home/dajuarez4/QMM/Paper/empirical_asymmetric_lambda300/runs/681f9e1862ace758/dieterici_vdw_K0_295_target_l,,missing,0.1,,,,,,
dieterici_vdw,295,target_l,/home/dajuarez4/QMM/Paper/empirical_asymmetric_lambda300/runs/681f9e1862ace758/dieterici_vdw_K0_295_target_l,,missing,0.2,,,,,,
dieterici_vdw,295,target_l,/home/dajuarez4/QMM/Paper/empirical_asymmetric_lambda300/runs/681f9e1862ace758/dieterici_vdw_K0_295_target_l,,missing,0.3,,,,,,
dieterici_vdw,295,target_l,/home/dajuarez4/QMM/Paper/empirical_asymmetric_lambda300/runs/681f9e1862ace758/dieterici_vdw_K0_295_target_l,,missing,0.4,,,,,,
dieterici_vdw,295,target_l,/home/dajuarez4/QMM/Paper/empirical_asymmetric_lambda300/runs/681f9e1862ace758/dieterici_vdw_K0_295_target_l,,missing,0.5,,,,,,
dieterici_vdw,295,equal_b,/home/dajuarez4/QMM/Paper/empirical_asymmetric_lambda300/runs/681f9e1862ace758/dieterici_vdw_K0_295_equal_b,,missing,0.1,,,,,,
dieterici_vdw,295,equal_b,/home/dajuarez4/QMM/Paper/empirical_asymmetric_lambda300/runs/681f9e1862ace758/dieterici_vdw_K0_295_equal_b,,missing,0.2,,,,,,
dieterici_vdw,295,equal_b,/home/dajuarez4/QMM/Paper/empirical_asymmetric_lambda300/runs/681f9e1862ace758/dieterici_vdw_K0_295_equal_b,,missing,0.3,,,,,,
dieterici_vdw,295,equal_b,/home/dajuarez4/QMM/Paper/empirical_asymmetric_lambda300/runs/681f9e1862ace758/dieterici_vdw_K0_295_equal_b,,missing,0.4,,,,,,
dieterici_vdw,295,equal_b,/home/dajuarez4/QMM/Paper/empirical_asymmetric_lambda300/runs/681f9e1862ace758/dieterici_vdw_K0_295_equal_b,,missing,0.5,,,,,,
dieterici_vdw,300,target_l,/home/dajuarez4/QMM/Paper/empirical_asymmetric_lambda300/runs/681f9e1862ace758/dieterici_vdw_K0_300_target_l,1.7103654766082763,ok,0.1,1.261449463047937,0.014528269560283295,0.003092843187608947,2.0166680825273176e-09,5.84601811404184e-08,computed fixed-y
dieterici_vdw,300,target_l,/home/dajuarez4/QMM/Paper/empirical_asymmetric_lambda300/runs/681f9e1862ace758/dieterici_vdw_K0_300_target_l,1.7103654766082763,ok,0.2,7.80473708513121,0.04455132492979002,0.08637656374834246,-3.885780586188048e-12,2.7755575615628914e-08,computed fixed-y
dieterici_vdw,300,target_l,/home/dajuarez4/QMM/Paper/empirical_asymmetric_lambda300/runs/681f9e1862ace758/dieterici_vdw_K0_300_target_l,1.7103654766082763,ok,0.3,11.407871564681447,0.05521830793185037,0.1648782315970614,4.238276396506535e-10,-1.249000902703301e-07,computed fixed-y
dieterici_vdw,300,target_l,/home/dajuarez4/QMM/Paper/empirical_asymmetric_lambda300/runs/681f9e1862ace758/dieterici_vdw_K0_300_target_l,1.7103654766082763,ok,0.4,13.3324344236917,0.0595129302560286,0.21176737128738599,-1.0824674490095276e-10,1.6653345369377348e-08,computed fixed-y
dieterici_vdw,300,target_l,/home/dajuarez4/QMM/Paper/empirical_asymmetric_lambda300/runs/681f9e1862ace758/dieterici_vdw_K0_300_target_l,1.7103654766082763,ok,0.5,13.940417145616546,0.06068853080331175,0.22700708063920016,-1.582067810090848e-11,-4.163336342344337e-08,computed fixed-y
dieterici_vdw,300,equal_b,/home/dajuarez4/QMM/Paper/empirical_asymmetric_lambda300/runs/681f9e1862ace758/dieterici_vdw_K0_300_equal_b,1.7103654766082763,ok,0.1,3.1829940623707533,0.02108631635623032,0.014615218704169791,-1.8735013540549517e-12,4.7878367936959876e-08,computed fixed-y
dieterici_vdw,300,equal_b,/home/dajuarez4/QMM/Paper/empirical_asymmetric_lambda300/runs/681f9e1862ace758/dieterici_vdw_K0_300_equal_b,1.7103654766082763,ok,0.2,8.029920469425756,0.04117280686712456,0.08331080451075273,-1.2490009027033011e-12,1.1518563880485999e-07,computed fixed-y
dieterici_vdw,300,equal_b,/home/dajuarez4/QMM/Paper/empirical_asymmetric_lambda300/runs/681f9e1862ace758/dieterici_vdw_K0_300_equal_b,1.7103654766082763,ok,0.3,11.334698060007625,0.05257950128867154,0.15647931707185136,-2.7755575615628914e-12,-1.1657341758564144e-07,computed fixed-y
dieterici_vdw,300,equal_b,/home/dajuarez4/QMM/Paper/empirical_asymmetric_lambda300/runs/681f9e1862ace758/dieterici_vdw_K0_300_equal_b,1.7103654766082763,ok,0.4,13.291545647135738,0.05873076635019193,0.20845551252072347,-7.2164496600635175e-12,5.551115123125783e-08,computed fixed-y
dieterici_vdw,300,equal_b,/home/dajuarez4/QMM/Paper/empirical_asymmetric_lambda300/runs/681f9e1862ace758/dieterici_vdw_K0_300_equal_b,1.7103654766082763,ok,0.5,13.940417145616546,0.06068853080331175,0.22700708063920016,-1.582067810090848e-11,-4.163336342344337e-08,computed fixed-y
dieterici_vdw,305,target_l,/home/dajuarez4/QMM/Paper/empirical_asymmetric_lambda300/runs/681f9e1862ace758/dieterici_vdw_K0_305_target_l,,missing,0.1,,,,,,
dieterici_vdw,305,target_l,/home/dajuarez4/QMM/Paper/empirical_asymmetric_lambda300/runs/681f9e1862ace758/dieterici_vdw_K0_305_target_l,,missing,0.2,,,,,,
dieterici_vdw,305,target_l,/home/dajuarez4/QMM/Paper/empirical_asymmetric_lambda300/runs/681f9e1862ace758/dieterici_vdw_K0_305_target_l,,missing,0.3,,,,,,
dieterici_vdw,305,target_l,/home/dajuarez4/QMM/Paper/empirical_asymmetric_lambda300/runs/681f9e1862ace758/dieterici_vdw_K0_305_target_l,,missing,0.4,,,,,,
dieterici_vdw,305,target_l,/home/dajuarez4/QMM/Paper/empirical_asymmetric_lambda300/runs/681f9e1862ace758/dieterici_vdw_K0_305_target_l,,missing,0.5,,,,,,
dieterici_vdw,305,equal_b,/home/dajuarez4/QMM/Paper/empirical_asymmetric_lambda300/runs/681f9e1862ace758/dieterici_vdw_K0_305_equal_b,,missing,0.1,,,,,,
dieterici_vdw,305,equal_b,/home/dajuarez4/QMM/Paper/empirical_asymmetric_lambda300/runs/681f9e1862ace758/dieterici_vdw_K0_305_equal_b,,missing,0.2,,,,,,
dieterici_vdw,305,equal_b,/home/dajuarez4/QMM/Paper/empirical_asymmetric_lambda300/runs/681f9e1862ace758/dieterici_vdw_K0_305_equal_b,,missing,0.3,,,,,,
dieterici_vdw,305,equal_b,/home/dajuarez4/QMM/Paper/empirical_asymmetric_lambda300/runs/681f9e1862ace758/dieterici_vdw_K0_305_equal_b,,missing,0.4,,,,,,
dieterici_vdw,305,equal_b,/home/dajuarez4/QMM/Paper/empirical_asymmetric_lambda300/runs/681f9e1862ace758/dieterici_vdw_K0_305_equal_b,,missing,0.5,,,,,,
dieterici_vdw,310,target_l,/home/dajuarez4/QMM/Paper/empirical_asymmetric_lambda300/runs/681f9e1862ace758/dieterici_vdw_K0_310_target_l,,missing,0.1,,,,,,
dieterici_vdw,310,target_l,/home/dajuarez4/QMM/Paper/empirical_asymmetric_lambda300/runs/681f9e1862ace758/dieterici_vdw_K0_310_target_l,,missing,0.2,,,,,,
dieterici_vdw,310,target_l,/home/dajuarez4/QMM/Paper/empirical_asymmetric_lambda300/runs/681f9e1862ace758/dieterici_vdw_K0_310_target_l,,missing,0.3,,,,,,
dieterici_vdw,310,target_l,/home/dajuarez4/QMM/Paper/empirical_asymmetric_lambda300/runs/681f9e1862ace758/dieterici_vdw_K0_310_target_l,,missing,0.4,,,,,,
dieterici_vdw,310,target_l,/home/dajuarez4/QMM/Paper/empirical_asymmetric_lambda300/runs/681f9e1862ace758/dieterici_vdw_K0_310_target_l,,missing,0.5,,,,,,
dieterici_vdw,310,equal_b,/home/dajuarez4/QMM/Paper/empirical_asymmetric_lambda300/runs/681f9e1862ace758/dieterici_vdw_K0_310_equal_b,,missing,0.1,,,,,,
dieterici_vdw,310,equal_b,/home/dajuarez4/QMM/Paper/empirical_asymmetric_lambda300/runs/681f9e1862ace758/dieterici_vdw_K0_310_equal_b,,missing,0.2,,,,,,
dieterici_vdw,310,equal_b,/home/dajuarez4/QMM/Paper/empirical_asymmetric_lambda300/runs/681f9e1862ace758/dieterici_vdw_K0_310_equal_b,,missing,0.3,,,,,,
dieterici_vdw,310,equal_b,/home/dajuarez4/QMM/Paper/empirical_asymmetric_lambda300/runs/681f9e1862ace758/dieterici_vdw_K0_310_equal_b,,missing,0.4,,,,,,
dieterici_vdw,310,equal_b,/home/dajuarez4/QMM/Paper/empirical_asymmetric_lambda300/runs/681f9e1862ace758/dieterici_vdw_K0_310_equal_b,,missing,0.5,,,,,,
dieterici_vdw,315,target_l,/home/dajuarez4/QMM/Paper/empirical_asymmetric_lambda300/runs/681f9e1862ace758/dieterici_vdw_K0_315_target_l,1.7226733598339532,ok,0.1,1.2951597234417618,0.01619702168806051,0.0036929860592115615,3.5388358909926865e-12,2.7755575615628914e-08,computed fixed-y
dieterici_vdw,315,target_l,/home/dajuarez4/QMM/Paper/empirical_asymmetric_lambda300/runs/681f9e1862ace758/dieterici_vdw_K0_315_target_l,1.7226733598339532,ok,0.2,8.059190367284021,0.04593127859301938,0.09392920261989568,4.9960036108132044e-12,2.220446049250313e-07,computed fixed-y
dieterici_vdw,315,target_l,/home/dajuarez4/QMM/Paper/empirical_asymmetric_lambda300/runs/681f9e1862ace758/dieterici_vdw_K0_315_target_l,1.7226733598339532,ok,0.3,11.673210834316158,0.05613295072723171,0.174668207460711,8.604228440844963e-12,-1.1934897514720433e-07,computed fixed-y
dieterici_vdw,315,target_l,/home/dajuarez4/QMM/Paper/empirical_asymmetric_lambda300/runs/681f9e1862ace758/dieterici_vdw_K0_315_target_l,1.7226733598339532,ok,0.4,13.593585924673926,0.06018830450836461,0.22214993809877104,1.6653345369377348e-12,-2.220446049250313e-08,computed fixed-y
dieterici_vdw,315,target_l,/home/dajuarez4/QMM/Paper/empirical_asymmetric_lambda300/runs/681f9e1862ace758/dieterici_vdw_K0_315_target_l,1.7226733598339532,ok,0.5,14.199228706767318,0.061291987265240155,0.23749774754104203,1.0547118733938987e-11,9.43689570931383e-08,computed fixed-y
dieterici_vdw,315,equal_b,/home/dajuarez4/QMM/Paper/empirical_asymmetric_lambda300/runs/681f9e1862ace758/dieterici_vdw_K0_315_equal_b,1.7226733598339532,ok,0.1,3.355919770179838,0.022534230094736908,0.016961586608591095,2.7131075164277263e-11,-5.4817261840867104e-08,computed fixed-y
dieterici_vdw,315,equal_b,/home/dajuarez4/QMM/Paper/empirical_asymmetric_lambda300/runs/681f9e1862ace758/dieterici_vdw_K0_315_equal_b,1.7226733598339532,ok,0.2,8.275810745545307,0.042298138815878,0.09002523854253852,7.91033905045424e-12,7.077671781985373e-08,computed fixed-y
dieterici_vdw,315,equal_b,/home/dajuarez4/QMM/Paper/empirical_asymmetric_lambda300/runs/681f9e1862ace758/dieterici_vdw_K0_315_equal_b,1.7226733598339532,ok,0.3,11.592773992919279,0.05341279562984268,0.1655383846345735,6.938893903907228e-12,-1.915134717478395e-07,computed fixed-y
dieterici_vdw,315,equal_b,/home/dajuarez4/QMM/Paper/empirical_asymmetric_lambda300/runs/681f9e1862ace758/dieterici_vdw_K0_315_equal_b,1.7226733598339532,ok,0.4,13.55070783209344,0.05939099112918409,0.21862378421243778,8.326672684688674e-12,3.3306690738754696e-08,computed fixed-y
dieterici_vdw,315,equal_b,/home/dajuarez4/QMM/Paper/empirical_asymmetric_lambda300/runs/681f9e1862ace758/dieterici_vdw_K0_315_equal_b,1.7226733598339532,ok,0.5,14.199228706767318,0.061291987265240155,0.23749774754104203,1.0547118733938987e-11,9.43689570931383e-08,computed fixed-y
dieterici_cs,250,target_l,/home/dajuarez4/QMM/Paper/empirical_asymmetric_lambda300/runs/a67ab23e290dd89e/dieterici_cs_K0_250_target_l,1.697808099667231,ok,0.1,1.541717555252138,0.013746737971152917,0.003742968403719578,-7.806255641895632e-13,4.2500725161431774e-08,computed fixed-y
dieterici_cs,250,target_l,/home/dajuarez4/QMM/Paper/empirical_asymmetric_lambda300/runs/a67ab23e290dd89e/dieterici_cs_K0_250_target_l,1.697808099667231,ok,0.2,7.392094481299731,0.04100320119667459,0.07319325518499731,2.6367796834847468e-12,-5.134781488891349e-08,computed fixed-y
dieterici_cs,250,target_l,/home/dajuarez4/QMM/Paper/empirical_asymmetric_lambda300/runs/a67ab23e290dd89e/dieterici_cs_K0_250_target_l,1.697808099667231,ok,0.3,10.82137346635529,0.05202599469615216,0.14284305769833672,-1.0269562977782698e-11,-3.608224830031759e-08,computed fixed-y
dieterici_cs,250,target_l,/home/dajuarez4/QMM/Paper/empirical_asymmetric_lambda300/runs/a67ab23e290dd89e/dieterici_cs_K0_250_target_l,1.697808099667231,ok,0.4,12.67596253322179,0.056745382040498484,0.18587055530230578,-3.3306690738754696e-12,-1.6653345369377348e-08,computed fixed-y
dieterici_cs,250,target_l,/home/dajuarez4/QMM/Paper/empirical_asymmetric_lambda300/runs/a67ab23e290dd89e/dieterici_cs_K0_250_target_l,1.697808099667231,ok,0.5,13.264158266697786,0.058075431186863015,0.20005065973811287,9.43689570931383e-12,1.1102230246251565e-08,computed fixed-y
dieterici_cs,250,equal_b,/home/dajuarez4/QMM/Paper/empirical_asymmetric_lambda300/runs/a67ab23e290dd89e/dieterici_cs_K0_250_equal_b,1.697808099667231,ok,0.1,3.2646197415771985,0.019386643263891026,0.013698593582666937,5.620504062164855e-12,1.1102230246251565e-08,computed fixed-y
dieterici_cs,250,equal_b,/home/dajuarez4/QMM/Paper/empirical_asymmetric_lambda300/runs/a67ab23e290dd89e/dieterici_cs_K0_250_equal_b,1.697808099667231,ok,0.2,7.631962147715143,0.03771663669083167,0.07061253288270947,9.71445146547012e-13,1.457167719820518e-07,computed fixed-y
dieterici_cs,250,equal_b,/home/dajuarez4/QMM/Paper/empirical_asymmetric_lambda300/runs/a67ab23e290dd89e/dieterici_cs_K0_250_equal_b,1.697808099667231,ok,0.3,10.748000955917828,0.04928062536255112,0.13489104056872947,1.1379786002407855e-11,3.0531133177191805e-08,computed fixed-y
dieterici_cs,250,equal_b,/home/dajuarez4/QMM/Paper/empirical_asymmetric_lambda300/runs/a67ab23e290dd89e/dieterici_cs_K0_250_equal_b,1.697808099667231,ok,0.4,12.63290256005364,0.05590372380299404,0.18262062747490426,2.883804306463844e-10,1.249000902703301e-07,computed fixed-y
dieterici_cs,250,equal_b,/home/dajuarez4/QMM/Paper/empirical_asymmetric_lambda300/runs/a67ab23e290dd89e/dieterici_cs_K0_250_equal_b,1.697808099667231,ok,0.5,13.264158266697786,0.058075431186863015,0.20005065973811287,9.43689570931383e-12,1.1102230246251565e-08,computed fixed-y
dieterici_cs,255,target_l,/home/dajuarez4/QMM/Paper/empirical_asymmetric_lambda300/runs/a67ab23e290dd89e/dieterici_cs_K0_255_target_l,,missing,0.1,,,,,,
dieterici_cs,255,target_l,/home/dajuarez4/QMM/Paper/empirical_asymmetric_lambda300/runs/a67ab23e290dd89e/dieterici_cs_K0_255_target_l,,missing,0.2,,,,,,
dieterici_cs,255,target_l,/home/dajuarez4/QMM/Paper/empirical_asymmetric_lambda300/runs/a67ab23e290dd89e/dieterici_cs_K0_255_target_l,,missing,0.3,,,,,,
dieterici_cs,255,target_l,/home/dajuarez4/QMM/Paper/empirical_asymmetric_lambda300/runs/a67ab23e290dd89e/dieterici_cs_K0_255_target_l,,missing,0.4,,,,,,
dieterici_cs,255,target_l,/home/dajuarez4/QMM/Paper/empirical_asymmetric_lambda300/runs/a67ab23e290dd89e/dieterici_cs_K0_255_target_l,,missing,0.5,,,,,,
dieterici_cs,255,equal_b,/home/dajuarez4/QMM/Paper/empirical_asymmetric_lambda300/runs/a67ab23e290dd89e/dieterici_cs_K0_255_equal_b,,missing,0.1,,,,,,
dieterici_cs,255,equal_b,/home/dajuarez4/QMM/Paper/empirical_asymmetric_lambda300/runs/a67ab23e290dd89e/dieterici_cs_K0_255_equal_b,,missing,0.2,,,,,,
dieterici_cs,255,equal_b,/home/dajuarez4/QMM/Paper/empirical_asymmetric_lambda300/runs/a67ab23e290dd89e/dieterici_cs_K0_255_equal_b,,missing,0.3,,,,,,
dieterici_cs,255,equal_b,/home/dajuarez4/QMM/Paper/empirical_asymmetric_lambda300/runs/a67ab23e290dd89e/dieterici_cs_K0_255_equal_b,,missing,0.4,,,,,,
dieterici_cs,255,equal_b,/home/dajuarez4/QMM/Paper/empirical_asymmetric_lambda300/runs/a67ab23e290dd89e/dieterici_cs_K0_255_equal_b,,missing,0.5,,,,,,
dieterici_cs,260,target_l,/home/dajuarez4/QMM/Paper/empirical_asymmetric_lambda300/runs/a67ab23e290dd89e/dieterici_cs_K0_260_target_l,,missing,0.1,,,,,,
dieterici_cs,260,target_l,/home/dajuarez4/QMM/Paper/empirical_asymmetric_lambda300/runs/a67ab23e290dd89e/dieterici_cs_K0_260_target_l,,missing,0.2,,,,,,
dieterici_cs,260,target_l,/home/dajuarez4/QMM/Paper/empirical_asymmetric_lambda300/runs/a67ab23e290dd89e/dieterici_cs_K0_260_target_l,,missing,0.3,,,,,,
dieterici_cs,260,target_l,/home/dajuarez4/QMM/Paper/empirical_asymmetric_lambda300/runs/a67ab23e290dd89e/dieterici_cs_K0_260_target_l,,missing,0.4,,,,,,
dieterici_cs,260,target_l,/home/dajuarez4/QMM/Paper/empirical_asymmetric_lambda300/runs/a67ab23e290dd89e/dieterici_cs_K0_260_target_l,,missing,0.5,,,,,,
dieterici_cs,260,equal_b,/home/dajuarez4/QMM/Paper/empirical_asymmetric_lambda300/runs/a67ab23e290dd89e/dieterici_cs_K0_260_equal_b,,missing,0.1,,,,,,
dieterici_cs,260,equal_b,/home/dajuarez4/QMM/Paper/empirical_asymmetric_lambda300/runs/a67ab23e290dd89e/dieterici_cs_K0_260_equal_b,,missing,0.2,,,,,,
dieterici_cs,260,equal_b,/home/dajuarez4/QMM/Paper/empirical_asymmetric_lambda300/runs/a67ab23e290dd89e/dieterici_cs_K0_260_equal_b,,missing,0.3,,,,,,
dieterici_cs,260,equal_b,/home/dajuarez4/QMM/Paper/empirical_asymmetric_lambda300/runs/a67ab23e290dd89e/dieterici_cs_K0_260_equal_b,,missing,0.4,,,,,,
dieterici_cs,260,equal_b,/home/dajuarez4/QMM/Paper/empirical_asymmetric_lambda300/runs/a67ab23e290dd89e/dieterici_cs_K0_260_equal_b,,missing,0.5,,,,,,
dieterici_cs,265,target_l,/home/dajuarez4/QMM/Paper/empirical_asymmetric_lambda300/runs/a67ab23e290dd89e/dieterici_cs_K0_265_target_l,,missing,0.1,,,,,,
dieterici_cs,265,target_l,/home/dajuarez4/QMM/Paper/empirical_asymmetric_lambda300/runs/a67ab23e290dd89e/dieterici_cs_K0_265_target_l,,missing,0.2,,,,,,
dieterici_cs,265,target_l,/home/dajuarez4/QMM/Paper/empirical_asymmetric_lambda300/runs/a67ab23e290dd89e/dieterici_cs_K0_265_target_l,,missing,0.3,,,,,,
dieterici_cs,265,target_l,/home/dajuarez4/QMM/Paper/empirical_asymmetric_lambda300/runs/a67ab23e290dd89e/dieterici_cs_K0_265_target_l,,missing,0.4,,,,,,
dieterici_cs,265,target_l,/home/dajuarez4/QMM/Paper/empirical_asymmetric_lambda300/runs/a67ab23e290dd89e/dieterici_cs_K0_265_target_l,,missing,0.5,,,,,,
dieterici_cs,265,equal_b,/home/dajuarez4/QMM/Paper/empirical_asymmetric_lambda300/runs/a67ab23e290dd89e/dieterici_cs_K0_265_equal_b,,missing,0.1,,,,,,
dieterici_cs,265,equal_b,/home/dajuarez4/QMM/Paper/empirical_asymmetric_lambda300/runs/a67ab23e290dd89e/dieterici_cs_K0_265_equal_b,,missing,0.2,,,,,,
dieterici_cs,265,equal_b,/home/dajuarez4/QMM/Paper/empirical_asymmetric_lambda300/runs/a67ab23e290dd89e/dieterici_cs_K0_265_equal_b,,missing,0.3,,,,,,
dieterici_cs,265,equal_b,/home/dajuarez4/QMM/Paper/empirical_asymmetric_lambda300/runs/a67ab23e290dd89e/dieterici_cs_K0_265_equal_b,,missing,0.4,,,,,,
dieterici_cs,265,equal_b,/home/dajuarez4/QMM/Paper/empirical_asymmetric_lambda300/runs/a67ab23e290dd89e/dieterici_cs_K0_265_equal_b,,missing,0.5,,,,,,
dieterici_cs,270,target_l,/home/dajuarez4/QMM/Paper/empirical_asymmetric_lambda300/runs/a67ab23e290dd89e/dieterici_cs_K0_270_target_l,,missing,0.1,,,,,,
dieterici_cs,270,target_l,/home/dajuarez4/QMM/Paper/empirical_asymmetric_lambda300/runs/a67ab23e290dd89e/dieterici_cs_K0_270_target_l,,missing,0.2,,,,,,
dieterici_cs,270,target_l,/home/dajuarez4/QMM/Paper/empirical_asymmetric_lambda300/runs/a67ab23e290dd89e/dieterici_cs_K0_270_target_l,,missing,0.3,,,,,,
dieterici_cs,270,target_l,/home/dajuarez4/QMM/Paper/empirical_asymmetric_lambda300/runs/a67ab23e290dd89e/dieterici_cs_K0_270_target_l,,missing,0.4,,,,,,
dieterici_cs,270,target_l,/home/dajuarez4/QMM/Paper/empirical_asymmetric_lambda300/runs/a67ab23e290dd89e/dieterici_cs_K0_270_target_l,,missing,0.5,,,,,,
dieterici_cs,270,equal_b,/home/dajuarez4/QMM/Paper/empirical_asymmetric_lambda300/runs/a67ab23e290dd89e/dieterici_cs_K0_270_equal_b,,missing,0.1,,,,,,
dieterici_cs,270,equal_b,/home/dajuarez4/QMM/Paper/empirical_asymmetric_lambda300/runs/a67ab23e290dd89e/dieterici_cs_K0_270_equal_b,,missing,0.2,,,,,,
dieterici_cs,270,equal_b,/home/dajuarez4/QMM/Paper/empirical_asymmetric_lambda300/runs/a67ab23e290dd89e/dieterici_cs_K0_270_equal_b,,missing,0.3,,,,,,
dieterici_cs,270,equal_b,/home/dajuarez4/QMM/Paper/empirical_asymmetric_lambda300/runs/a67ab23e290dd89e/dieterici_cs_K0_270_equal_b,,missing,0.4,,,,,,
dieterici_cs,270,equal_b,/home/dajuarez4/QMM/Paper/empirical_asymmetric_lambda300/runs/a67ab23e290dd89e/dieterici_cs_K0_270_equal_b,,missing,0.5,,,,,,
dieterici_cs,275,target_l,/home/dajuarez4/QMM/Paper/empirical_asymmetric_lambda300/runs/a67ab23e290dd89e/dieterici_cs_K0_275_target_l,,missing,0.1,,,,,,
dieterici_cs,275,target_l,/home/dajuarez4/QMM/Paper/empirical_asymmetric_lambda300/runs/a67ab23e290dd89e/dieterici_cs_K0_275_target_l,,missing,0.2,,,,,,
dieterici_cs,275,target_l,/home/dajuarez4/QMM/Paper/empirical_asymmetric_lambda300/runs/a67ab23e290dd89e/dieterici_cs_K0_275_target_l,,missing,0.3,,,,,,
dieterici_cs,275,target_l,/home/dajuarez4/QMM/Paper/empirical_asymmetric_lambda300/runs/a67ab23e290dd89e/dieterici_cs_K0_275_target_l,,missing,0.4,,,,,,
dieterici_cs,275,target_l,/home/dajuarez4/QMM/Paper/empirical_asymmetric_lambda300/runs/a67ab23e290dd89e/dieterici_cs_K0_275_target_l,,missing,0.5,,,,,,
dieterici_cs,275,equal_b,/home/dajuarez4/QMM/Paper/empirical_asymmetric_lambda300/runs/a67ab23e290dd89e/dieterici_cs_K0_275_equal_b,,missing,0.1,,,,,,
dieterici_cs,275,equal_b,/home/dajuarez4/QMM/Paper/empirical_asymmetric_lambda300/runs/a67ab23e290dd89e/dieterici_cs_K0_275_equal_b,,missing,0.2,,,,,,
dieterici_cs,275,equal_b,/home/dajuarez4/QMM/Paper/empirical_asymmetric_lambda300/runs/a67ab23e290dd89e/dieterici_cs_K0_275_equal_b,,missing,0.3,,,,,,
dieterici_cs,275,equal_b,/home/dajuarez4/QMM/Paper/empirical_asymmetric_lambda300/runs/a67ab23e290dd89e/dieterici_cs_K0_275_equal_b,,missing,0.4,,,,,,
dieterici_cs,275,equal_b,/home/dajuarez4/QMM/Paper/empirical_asymmetric_lambda300/runs/a67ab23e290dd89e/dieterici_cs_K0_275_equal_b,,missing,0.5,,,,,,
dieterici_cs,280,target_l,/home/dajuarez4/QMM/Paper/empirical_asymmetric_lambda300/runs/a67ab23e290dd89e/dieterici_cs_K0_280_target_l,,missing,0.1,,,,,,
dieterici_cs,280,target_l,/home/dajuarez4/QMM/Paper/empirical_asymmetric_lambda300/runs/a67ab23e290dd89e/dieterici_cs_K0_280_target_l,,missing,0.2,,,,,,
dieterici_cs,280,target_l,/home/dajuarez4/QMM/Paper/empirical_asymmetric_lambda300/runs/a67ab23e290dd89e/dieterici_cs_K0_280_target_l,,missing,0.3,,,,,,
dieterici_cs,280,target_l,/home/dajuarez4/QMM/Paper/empirical_asymmetric_lambda300/runs/a67ab23e290dd89e/dieterici_cs_K0_280_target_l,,missing,0.4,,,,,,
dieterici_cs,280,target_l,/home/dajuarez4/QMM/Paper/empirical_asymmetric_lambda300/runs/a67ab23e290dd89e/dieterici_cs_K0_280_target_l,,missing,0.5,,,,,,
dieterici_cs,280,equal_b,/home/dajuarez4/QMM/Paper/empirical_asymmetric_lambda300/runs/a67ab23e290dd89e/dieterici_cs_K0_280_equal_b,,missing,0.1,,,,,,
dieterici_cs,280,equal_b,/home/dajuarez4/QMM/Paper/empirical_asymmetric_lambda300/runs/a67ab23e290dd89e/dieterici_cs_K0_280_equal_b,,missing,0.2,,,,,,
dieterici_cs,280,equal_b,/home/dajuarez4/QMM/Paper/empirical_asymmetric_lambda300/runs/a67ab23e290dd89e/dieterici_cs_K0_280_equal_b,,missing,0.3,,,,,,
dieterici_cs,280,equal_b,/home/dajuarez4/QMM/Paper/empirical_asymmetric_lambda300/runs/a67ab23e290dd89e/dieterici_cs_K0_280_equal_b,,missing,0.4,,,,,,
dieterici_cs,280,equal_b,/home/dajuarez4/QMM/Paper/empirical_asymmetric_lambda300/runs/a67ab23e290dd89e/dieterici_cs_K0_280_equal_b,,missing,0.5,,,,,,
dieterici_cs,285,target_l,/home/dajuarez4/QMM/Paper/empirical_asymmetric_lambda300/runs/a67ab23e290dd89e/dieterici_cs_K0_285_target_l,,missing,0.1,,,,,,
dieterici_cs,285,target_l,/home/dajuarez4/QMM/Paper/empirical_asymmetric_lambda300/runs/a67ab23e290dd89e/dieterici_cs_K0_285_target_l,,missing,0.2,,,,,,
dieterici_cs,285,target_l,/home/dajuarez4/QMM/Paper/empirical_asymmetric_lambda300/runs/a67ab23e290dd89e/dieterici_cs_K0_285_target_l,,missing,0.3,,,,,,
dieterici_cs,285,target_l,/home/dajuarez4/QMM/Paper/empirical_asymmetric_lambda300/runs/a67ab23e290dd89e/dieterici_cs_K0_285_target_l,,missing,0.4,,,,,,
dieterici_cs,285,target_l,/home/dajuarez4/QMM/Paper/empirical_asymmetric_lambda300/runs/a67ab23e290dd89e/dieterici_cs_K0_285_target_l,,missing,0.5,,,,,,
dieterici_cs,285,equal_b,/home/dajuarez4/QMM/Paper/empirical_asymmetric_lambda300/runs/a67ab23e290dd89e/dieterici_cs_K0_285_equal_b,,missing,0.1,,,,,,
dieterici_cs,285,equal_b,/home/dajuarez4/QMM/Paper/empirical_asymmetric_lambda300/runs/a67ab23e290dd89e/dieterici_cs_K0_285_equal_b,,missing,0.2,,,,,,
dieterici_cs,285,equal_b,/home/dajuarez4/QMM/Paper/empirical_asymmetric_lambda300/runs/a67ab23e290dd89e/dieterici_cs_K0_285_equal_b,,missing,0.3,,,,,,
dieterici_cs,285,equal_b,/home/dajuarez4/QMM/Paper/empirical_asymmetric_lambda300/runs/a67ab23e290dd89e/dieterici_cs_K0_285_equal_b,,missing,0.4,,,,,,
dieterici_cs,285,equal_b,/home/dajuarez4/QMM/Paper/empirical_asymmetric_lambda300/runs/a67ab23e290dd89e/dieterici_cs_K0_285_equal_b,,missing,0.5,,,,,,
dieterici_cs,290,target_l,/home/dajuarez4/QMM/Paper/empirical_asymmetric_lambda300/runs/a67ab23e290dd89e/dieterici_cs_K0_290_target_l,,missing,0.1,,,,,,
dieterici_cs,290,target_l,/home/dajuarez4/QMM/Paper/empirical_asymmetric_lambda300/runs/a67ab23e290dd89e/dieterici_cs_K0_290_target_l,,missing,0.2,,,,,,
dieterici_cs,290,target_l,/home/dajuarez4/QMM/Paper/empirical_asymmetric_lambda300/runs/a67ab23e290dd89e/dieterici_cs_K0_290_target_l,,missing,0.3,,,,,,
dieterici_cs,290,target_l,/home/dajuarez4/QMM/Paper/empirical_asymmetric_lambda300/runs/a67ab23e290dd89e/dieterici_cs_K0_290_target_l,,missing,0.4,,,,,,
dieterici_cs,290,target_l,/home/dajuarez4/QMM/Paper/empirical_asymmetric_lambda300/runs/a67ab23e290dd89e/dieterici_cs_K0_290_target_l,,missing,0.5,,,,,,
dieterici_cs,290,equal_b,/home/dajuarez4/QMM/Paper/empirical_asymmetric_lambda300/runs/a67ab23e290dd89e/dieterici_cs_K0_290_equal_b,,missing,0.1,,,,,,
dieterici_cs,290,equal_b,/home/dajuarez4/QMM/Paper/empirical_asymmetric_lambda300/runs/a67ab23e290dd89e/dieterici_cs_K0_290_equal_b,,missing,0.2,,,,,,
dieterici_cs,290,equal_b,/home/dajuarez4/QMM/Paper/empirical_asymmetric_lambda300/runs/a67ab23e290dd89e/dieterici_cs_K0_290_equal_b,,missing,0.3,,,,,,
dieterici_cs,290,equal_b,/home/dajuarez4/QMM/Paper/empirical_asymmetric_lambda300/runs/a67ab23e290dd89e/dieterici_cs_K0_290_equal_b,,missing,0.4,,,,,,
dieterici_cs,290,equal_b,/home/dajuarez4/QMM/Paper/empirical_asymmetric_lambda300/runs/a67ab23e290dd89e/dieterici_cs_K0_290_equal_b,,missing,0.5,,,,,,
dieterici_cs,295,target_l,/home/dajuarez4/QMM/Paper/empirical_asymmetric_lambda300/runs/a67ab23e290dd89e/dieterici_cs_K0_295_target_l,,missing,0.1,,,,,,
dieterici_cs,295,target_l,/home/dajuarez4/QMM/Paper/empirical_asymmetric_lambda300/runs/a67ab23e290dd89e/dieterici_cs_K0_295_target_l,,missing,0.2,,,,,,
dieterici_cs,295,target_l,/home/dajuarez4/QMM/Paper/empirical_asymmetric_lambda300/runs/a67ab23e290dd89e/dieterici_cs_K0_295_target_l,,missing,0.3,,,,,,
dieterici_cs,295,target_l,/home/dajuarez4/QMM/Paper/empirical_asymmetric_lambda300/runs/a67ab23e290dd89e/dieterici_cs_K0_295_target_l,,missing,0.4,,,,,,
dieterici_cs,295,target_l,/home/dajuarez4/QMM/Paper/empirical_asymmetric_lambda300/runs/a67ab23e290dd89e/dieterici_cs_K0_295_target_l,,missing,0.5,,,,,,
dieterici_cs,295,equal_b,/home/dajuarez4/QMM/Paper/empirical_asymmetric_lambda300/runs/a67ab23e290dd89e/dieterici_cs_K0_295_equal_b,,missing,0.1,,,,,,
dieterici_cs,295,equal_b,/home/dajuarez4/QMM/Paper/empirical_asymmetric_lambda300/runs/a67ab23e290dd89e/dieterici_cs_K0_295_equal_b,,missing,0.2,,,,,,
dieterici_cs,295,equal_b,/home/dajuarez4/QMM/Paper/empirical_asymmetric_lambda300/runs/a67ab23e290dd89e/dieterici_cs_K0_295_equal_b,,missing,0.3,,,,,,
dieterici_cs,295,equal_b,/home/dajuarez4/QMM/Paper/empirical_asymmetric_lambda300/runs/a67ab23e290dd89e/dieterici_cs_K0_295_equal_b,,missing,0.4,,,,,,
dieterici_cs,295,equal_b,/home/dajuarez4/QMM/Paper/empirical_asymmetric_lambda300/runs/a67ab23e290dd89e/dieterici_cs_K0_295_equal_b,,missing,0.5,,,,,,
dieterici_cs,300,target_l,/home/dajuarez4/QMM/Paper/empirical_asymmetric_lambda300/runs/a67ab23e290dd89e/dieterici_cs_K0_300_target_l,1.7497559572060901,ok,0.1,1.8504294350229549,0.020198118787607487,0.007693394877828663,4.8329396040713846e-11,5.655198531684391e-08,computed fixed-y
dieterici_cs,300,target_l,/home/dajuarez4/QMM/Paper/empirical_asymmetric_lambda300/runs/a67ab23e290dd89e/dieterici_cs_K0_300_target_l,1.7497559572060901,ok,0.2,8.378727731366176,0.04626111145659315,0.10185174923727192,-7.2164496600635175e-12,-3.3306690738754696e-08,computed fixed-y
dieterici_cs,300,target_l,/home/dajuarez4/QMM/Paper/empirical_asymmetric_lambda300/runs/a67ab23e290dd89e/dieterici_cs_K0_300_target_l,1.7497559572060901,ok,0.3,11.836182273440023,0.055579264865795744,0.17964113672428839,-3.6082248300317588e-12,9.159339953157541e-08,computed fixed-y
dieterici_cs,300,target_l,/home/dajuarez4/QMM/Paper/empirical_asymmetric_lambda300/runs/a67ab23e290dd89e/dieterici_cs_K0_300_target_l,1.7497559572060901,ok,0.4,13.66448517232946,0.05937455660930675,0.2247611523901749,-3.3029134982598407e-10,3.3861802251067274e-07,computed fixed-y
dieterici_cs,300,target_l,/home/dajuarez4/QMM/Paper/empirical_asymmetric_lambda300/runs/a67ab23e290dd89e/dieterici_cs_K0_300_target_l,1.7497559572060901,ok,0.5,14.239804586301737,0.06041933673003191,0.23928672611465474,-1.7208456881689926e-11,-9.43689570931383e-08,computed fixed-y
dieterici_cs,300,equal_b,/home/dajuarez4/QMM/Paper/empirical_asymmetric_lambda300/runs/a67ab23e290dd89e/dieterici_cs_K0_300_equal_b,1.7497559572060901,ok,0.1,4.010262695042515,0.02467084605126699,0.02397152591069665,-6.938893903907228e-14,-2.0122792321330962e-08,computed fixed-y
dieterici_cs,300,equal_b,/home/dajuarez4/QMM/Paper/empirical_asymmetric_lambda300/runs/a67ab23e290dd89e/dieterici_cs_K0_300_equal_b,1.7497559572060901,ok,0.2,8.581973367251448,0.04185021331275542,0.09555194113324011,4.135580766728708e-11,-8.881784197001252e-08,computed fixed-y
dieterici_cs,300,equal_b,/home/dajuarez4/QMM/Paper/empirical_asymmetric_lambda300/runs/a67ab23e290dd89e/dieterici_cs_K0_300_equal_b,1.7497559572060901,ok,0.3,11.72848405909717,0.05242469858158323,0.16839410508739894,6.467049118441537e-11,-3.608224830031759e-08,computed fixed-y
dieterici_cs,300,equal_b,/home/dajuarez4/QMM/Paper/empirical_asymmetric_lambda300/runs/a67ab23e290dd89e/dieterici_cs_K0_300_equal_b,1.7497559572060901,ok,0.4,13.611528093661418,0.05844742394725329,0.22051419931006977,9.159339953157541e-12,-1.7486012637846216e-07,computed fixed-y
dieterici_cs,300,equal_b,/home/dajuarez4/QMM/Paper/empirical_asymmetric_lambda300/runs/a67ab23e290dd89e/dieterici_cs_K0_300_equal_b,1.7497559572060901,ok,0.5,14.239804586301737,0.06041933673003191,0.23928672611465474,-1.7208456881689926e-11,-9.43689570931383e-08,computed fixed-y
dieterici_cs,305,target_l,/home/dajuarez4/QMM/Paper/empirical_asymmetric_lambda300/runs/a67ab23e290dd89e/dieterici_cs_K0_305_target_l,,missing,0.1,,,,,,
dieterici_cs,305,target_l,/home/dajuarez4/QMM/Paper/empirical_asymmetric_lambda300/runs/a67ab23e290dd89e/dieterici_cs_K0_305_target_l,,missing,0.2,,,,,,
dieterici_cs,305,target_l,/home/dajuarez4/QMM/Paper/empirical_asymmetric_lambda300/runs/a67ab23e290dd89e/dieterici_cs_K0_305_target_l,,missing,0.3,,,,,,
dieterici_cs,305,target_l,/home/dajuarez4/QMM/Paper/empirical_asymmetric_lambda300/runs/a67ab23e290dd89e/dieterici_cs_K0_305_target_l,,missing,0.4,,,,,,
dieterici_cs,305,target_l,/home/dajuarez4/QMM/Paper/empirical_asymmetric_lambda300/runs/a67ab23e290dd89e/dieterici_cs_K0_305_target_l,,missing,0.5,,,,,,
dieterici_cs,305,equal_b,/home/dajuarez4/QMM/Paper/empirical_asymmetric_lambda300/runs/a67ab23e290dd89e/dieterici_cs_K0_305_equal_b,,missing,0.1,,,,,,
dieterici_cs,305,equal_b,/home/dajuarez4/QMM/Paper/empirical_asymmetric_lambda300/runs/a67ab23e290dd89e/dieterici_cs_K0_305_equal_b,,missing,0.2,,,,,,
dieterici_cs,305,equal_b,/home/dajuarez4/QMM/Paper/empirical_asymmetric_lambda300/runs/a67ab23e290dd89e/dieterici_cs_K0_305_equal_b,,missing,0.3,,,,,,
dieterici_cs,305,equal_b,/home/dajuarez4/QMM/Paper/empirical_asymmetric_lambda300/runs/a67ab23e290dd89e/dieterici_cs_K0_305_equal_b,,missing,0.4,,,,,,
dieterici_cs,305,equal_b,/home/dajuarez4/QMM/Paper/empirical_asymmetric_lambda300/runs/a67ab23e290dd89e/dieterici_cs_K0_305_equal_b,,missing,0.5,,,,,,
dieterici_cs,310,target_l,/home/dajuarez4/QMM/Paper/empirical_asymmetric_lambda300/runs/a67ab23e290dd89e/dieterici_cs_K0_310_target_l,,missing,0.1,,,,,,
dieterici_cs,310,target_l,/home/dajuarez4/QMM/Paper/empirical_asymmetric_lambda300/runs/a67ab23e290dd89e/dieterici_cs_K0_310_target_l,,missing,0.2,,,,,,
dieterici_cs,310,target_l,/home/dajuarez4/QMM/Paper/empirical_asymmetric_lambda300/runs/a67ab23e290dd89e/dieterici_cs_K0_310_target_l,,missing,0.3,,,,,,
dieterici_cs,310,target_l,/home/dajuarez4/QMM/Paper/empirical_asymmetric_lambda300/runs/a67ab23e290dd89e/dieterici_cs_K0_310_target_l,,missing,0.4,,,,,,
dieterici_cs,310,target_l,/home/dajuarez4/QMM/Paper/empirical_asymmetric_lambda300/runs/a67ab23e290dd89e/dieterici_cs_K0_310_target_l,,missing,0.5,,,,,,
dieterici_cs,310,equal_b,/home/dajuarez4/QMM/Paper/empirical_asymmetric_lambda300/runs/a67ab23e290dd89e/dieterici_cs_K0_310_equal_b,,missing,0.1,,,,,,
dieterici_cs,310,equal_b,/home/dajuarez4/QMM/Paper/empirical_asymmetric_lambda300/runs/a67ab23e290dd89e/dieterici_cs_K0_310_equal_b,,missing,0.2,,,,,,
dieterici_cs,310,equal_b,/home/dajuarez4/QMM/Paper/empirical_asymmetric_lambda300/runs/a67ab23e290dd89e/dieterici_cs_K0_310_equal_b,,missing,0.3,,,,,,
dieterici_cs,310,equal_b,/home/dajuarez4/QMM/Paper/empirical_asymmetric_lambda300/runs/a67ab23e290dd89e/dieterici_cs_K0_310_equal_b,,missing,0.4,,,,,,
dieterici_cs,310,equal_b,/home/dajuarez4/QMM/Paper/empirical_asymmetric_lambda300/runs/a67ab23e290dd89e/dieterici_cs_K0_310_equal_b,,missing,0.5,,,,,,
dieterici_cs,315,target_l,/home/dajuarez4/QMM/Paper/empirical_asymmetric_lambda300/runs/a67ab23e290dd89e/dieterici_cs_K0_315_target_l,1.7645351870938983,ok,0.1,2.0185939898393865,0.022293066387017696,0.009749562245276122,1.6653345369377348e-12,5.551115123125783e-09,computed fixed-y
dieterici_cs,315,target_l,/home/dajuarez4/QMM/Paper/empirical_asymmetric_lambda300/runs/a67ab23e290dd89e/dieterici_cs_K0_315_target_l,1.7645351870938983,ok,0.2,8.663105047449447,0.047649988707699494,0.11092630990671315,1.099120794378905e-10,-5.551115123125783e-09,computed fixed-y
dieterici_cs,315,target_l,/home/dajuarez4/QMM/Paper/empirical_asymmetric_lambda300/runs/a67ab23e290dd89e/dieterici_cs_K0_315_target_l,1.7645351870938983,ok,0.3,12.12084566413861,0.056514824016957836,0.19076220227119534,1.1379786002407855e-11,9.159339953157541e-08,computed fixed-y
dieterici_cs,315,target_l,/home/dajuarez4/QMM/Paper/empirical_asymmetric_lambda300/runs/a67ab23e290dd89e/dieterici_cs_K0_315_target_l,1.7645351870938983,ok,0.4,13.94049679526295,0.06008125987987566,0.2363977258723624,6.661338147750939e-12,1.1102230246251565e-08,computed fixed-y
dieterici_cs,315,target_l,/home/dajuarez4/QMM/Paper/empirical_asymmetric_lambda300/runs/a67ab23e290dd89e/dieterici_cs_K0_315_target_l,1.7645351870938983,ok,0.5,14.512108377825486,0.061056940452139004,0.2510099634928247,7.771561172376096e-12,-1.1102230246251565e-07,computed fixed-y
dieterici_cs,315,equal_b,/home/dajuarez4/QMM/Paper/empirical_asymmetric_lambda300/runs/a67ab23e290dd89e/dieterici_cs_K0_315_equal_b,1.7645351870938983,ok,0.1,4.2441929178098565,0.026143590215914635,0.027701644442938295,-5.4817261840867104e-12,4.649058915617843e-08,computed fixed-y
dieterici_cs,315,equal_b,/home/dajuarez4/QMM/Paper/empirical_asymmetric_lambda300/runs/a67ab23e290dd89e/dieterici_cs_K0_315_equal_b,1.7645351870938983,ok,0.2,8.852575550442804,0.042945539406484774,0.10333850045170345,3.6082248300317588e-12,3.0531133177191805e-08,computed fixed-y
dieterici_cs,315,equal_b,/home/dajuarez4/QMM/Paper/empirical_asymmetric_lambda300/runs/a67ab23e290dd89e/dieterici_cs_K0_315_equal_b,1.7645351870938983,ok,0.3,12.003423510701904,0.053261710809233295,0.1785207219052456,-2.76445533131664e-10,2.7200464103316335e-07,computed fixed-y
dieterici_cs,315,equal_b,/home/dajuarez4/QMM/Paper/empirical_asymmetric_lambda300/runs/a67ab23e290dd89e/dieterici_cs_K0_315_equal_b,1.7645351870938983,ok,0.4,13.884867736603304,0.05913431667758553,0.23185959584296767,-4.440892098500626e-10,5.551115123125783e-08,computed fixed-y
dieterici_cs,315,equal_b,/home/dajuarez4/QMM/Paper/empirical_asymmetric_lambda300/runs/a67ab23e290dd89e/dieterici_cs_K0_315_equal_b,1.7645351870938983,ok,0.5,14.512108377825486,0.061056940452139004,0.2510099634928247,7.771561172376096e-12,-1.1102230246251565e-07,computed fixed-y
dieterici_tvm,250,target_l,/home/dajuarez4/QMM/Paper/empirical_asymmetric_lambda300/runs/bccac6b5e2391d02/dieterici_tvm_K0_250_target_l,1.7007690515518183,ok,0.1,1.5247757099077475,0.01420533772313722,0.00381953038721862,7.8236028766554e-12,-7.407269242420966e-08,computed fixed-y
dieterici_tvm,250,target_l,/home/dajuarez4/QMM/Paper/empirical_asymmetric_lambda300/runs/bccac6b5e2391d02/dieterici_tvm_K0_250_target_l,1.7007690515518183,ok,0.2,7.487244647520571,0.04146077488844894,0.07561561606961709,1.2212453270876722e-11,6.661338147750939e-08,computed fixed-y
dieterici_tvm,250,target_l,/home/dajuarez4/QMM/Paper/empirical_asymmetric_lambda300/runs/bccac6b5e2391d02/dieterici_tvm_K0_250_target_l,1.7007690515518183,ok,0.3,10.90182779420404,0.05202073351344411,0.14489909210387142,-1.1934897514720433e-11,5.2735593669694936e-08,computed fixed-y
dieterici_tvm,250,target_l,/home/dajuarez4/QMM/Paper/empirical_asymmetric_lambda300/runs/bccac6b5e2391d02/dieterici_tvm_K0_250_target_l,1.7007690515518183,ok,0.4,12.73784128010163,0.05648854997588176,0.187010583746118,3.552713678800501e-11,-1.9984014443252818e-07,computed fixed-y
dieterici_tvm,250,target_l,/home/dajuarez4/QMM/Paper/empirical_asymmetric_lambda300/runs/bccac6b5e2391d02/dieterici_tvm_K0_250_target_l,1.7007690515518183,ok,0.5,13.31904996320943,0.05774244109325547,0.20080321155944958,-3.885780586188048e-12,-2.1649348980190553e-07,computed fixed-y
dieterici_tvm,250,equal_b,/home/dajuarez4/QMM/Paper/empirical_asymmetric_lambda300/runs/bccac6b5e2391d02/dieterici_tvm_K0_250_equal_b,1.7007690515518183,ok,0.1,3.326898833306607,0.019974675756731584,0.01451043191535692,1.214306433183765e-12,-2.671474153004283e-08,computed fixed-y
dieterici_tvm,250,equal_b,/home/dajuarez4/QMM/Paper/empirical_asymmetric_lambda300/runs/bccac6b5e2391d02/dieterici_tvm_K0_250_equal_b,1.7007690515518183,ok,0.2,7.726877182399444,0.03804719713725341,0.07274228058919519,-4.163336342344337e-12,-8.604228440844963e-08,computed fixed-y
dieterici_tvm,250,equal_b,/home/dajuarez4/QMM/Paper/empirical_asymmetric_lambda300/runs/bccac6b5e2391d02/dieterici_tvm_K0_250_equal_b,1.7007690515518183,ok,0.3,10.827523319485877,0.0492476665358386,0.13676061802653794,1.6653345369377348e-11,-1.6653345369377348e-08,computed fixed-y
dieterici_tvm,250,equal_b,/home/dajuarez4/QMM/Paper/empirical_asymmetric_lambda300/runs/bccac6b5e2391d02/dieterici_tvm_K0_250_equal_b,1.7007690515518183,ok,0.4,12.694708776665813,0.055643995531149744,0.18372940924686987,9.242606680004428e-11,1.4155343563970746e-07,computed fixed-y
dieterici_tvm,250,equal_b,/home/dajuarez4/QMM/Paper/empirical_asymmetric_lambda300/runs/bccac6b5e2391d02/dieterici_tvm_K0_250_equal_b,1.7007690515518183,ok,0.5,13.31904996320943,0.05774244109325547,0.20080321155944958,-3.885780586188048e-12,-2.1649348980190553e-07,computed fixed-y
dieterici_tvm,255,target_l,/home/dajuarez4/QMM/Paper/empirical_asymmetric_lambda300/runs/bccac6b5e2391d02/dieterici_tvm_K0_255_target_l,,missing,0.1,,,,,,
dieterici_tvm,255,target_l,/home/dajuarez4/QMM/Paper/empirical_asymmetric_lambda300/runs/bccac6b5e2391d02/dieterici_tvm_K0_255_target_l,,missing,0.2,,,,,,
dieterici_tvm,255,target_l,/home/dajuarez4/QMM/Paper/empirical_asymmetric_lambda300/runs/bccac6b5e2391d02/dieterici_tvm_K0_255_target_l,,missing,0.3,,,,,,
dieterici_tvm,255,target_l,/home/dajuarez4/QMM/Paper/empirical_asymmetric_lambda300/runs/bccac6b5e2391d02/dieterici_tvm_K0_255_target_l,,missing,0.4,,,,,,
dieterici_tvm,255,target_l,/home/dajuarez4/QMM/Paper/empirical_asymmetric_lambda300/runs/bccac6b5e2391d02/dieterici_tvm_K0_255_target_l,,missing,0.5,,,,,,
dieterici_tvm,255,equal_b,/home/dajuarez4/QMM/Paper/empirical_asymmetric_lambda300/runs/bccac6b5e2391d02/dieterici_tvm_K0_255_equal_b,,missing,0.1,,,,,,
dieterici_tvm,255,equal_b,/home/dajuarez4/QMM/Paper/empirical_asymmetric_lambda300/runs/bccac6b5e2391d02/dieterici_tvm_K0_255_equal_b,,missing,0.2,,,,,,
dieterici_tvm,255,equal_b,/home/dajuarez4/QMM/Paper/empirical_asymmetric_lambda300/runs/bccac6b5e2391d02/dieterici_tvm_K0_255_equal_b,,missing,0.3,,,,,,
dieterici_tvm,255,equal_b,/home/dajuarez4/QMM/Paper/empirical_asymmetric_lambda300/runs/bccac6b5e2391d02/dieterici_tvm_K0_255_equal_b,,missing,0.4,,,,,,
dieterici_tvm,255,equal_b,/home/dajuarez4/QMM/Paper/empirical_asymmetric_lambda300/runs/bccac6b5e2391d02/dieterici_tvm_K0_255_equal_b,,missing,0.5,,,,,,
dieterici_tvm,260,target_l,/home/dajuarez4/QMM/Paper/empirical_asymmetric_lambda300/runs/bccac6b5e2391d02/dieterici_tvm_K0_260_target_l,,missing,0.1,,,,,,
dieterici_tvm,260,target_l,/home/dajuarez4/QMM/Paper/empirical_asymmetric_lambda300/runs/bccac6b5e2391d02/dieterici_tvm_K0_260_target_l,,missing,0.2,,,,,,
dieterici_tvm,260,target_l,/home/dajuarez4/QMM/Paper/empirical_asymmetric_lambda300/runs/bccac6b5e2391d02/dieterici_tvm_K0_260_target_l,,missing,0.3,,,,,,
dieterici_tvm,260,target_l,/home/dajuarez4/QMM/Paper/empirical_asymmetric_lambda300/runs/bccac6b5e2391d02/dieterici_tvm_K0_260_target_l,,missing,0.4,,,,,,
dieterici_tvm,260,target_l,/home/dajuarez4/QMM/Paper/empirical_asymmetric_lambda300/runs/bccac6b5e2391d02/dieterici_tvm_K0_260_target_l,,missing,0.5,,,,,,
dieterici_tvm,260,equal_b,/home/dajuarez4/QMM/Paper/empirical_asymmetric_lambda300/runs/bccac6b5e2391d02/dieterici_tvm_K0_260_equal_b,,missing,0.1,,,,,,
dieterici_tvm,260,equal_b,/home/dajuarez4/QMM/Paper/empirical_asymmetric_lambda300/runs/bccac6b5e2391d02/dieterici_tvm_K0_260_equal_b,,missing,0.2,,,,,,
dieterici_tvm,260,equal_b,/home/dajuarez4/QMM/Paper/empirical_asymmetric_lambda300/runs/bccac6b5e2391d02/dieterici_tvm_K0_260_equal_b,,missing,0.3,,,,,,
dieterici_tvm,260,equal_b,/home/dajuarez4/QMM/Paper/empirical_asymmetric_lambda300/runs/bccac6b5e2391d02/dieterici_tvm_K0_260_equal_b,,missing,0.4,,,,,,
dieterici_tvm,260,equal_b,/home/dajuarez4/QMM/Paper/empirical_asymmetric_lambda300/runs/bccac6b5e2391d02/dieterici_tvm_K0_260_equal_b,,missing,0.5,,,,,,
dieterici_tvm,265,target_l,/home/dajuarez4/QMM/Paper/empirical_asymmetric_lambda300/runs/bccac6b5e2391d02/dieterici_tvm_K0_265_target_l,,missing,0.1,,,,,,
dieterici_tvm,265,target_l,/home/dajuarez4/QMM/Paper/empirical_asymmetric_lambda300/runs/bccac6b5e2391d02/dieterici_tvm_K0_265_target_l,,missing,0.2,,,,,,
dieterici_tvm,265,target_l,/home/dajuarez4/QMM/Paper/empirical_asymmetric_lambda300/runs/bccac6b5e2391d02/dieterici_tvm_K0_265_target_l,,missing,0.3,,,,,,
dieterici_tvm,265,target_l,/home/dajuarez4/QMM/Paper/empirical_asymmetric_lambda300/runs/bccac6b5e2391d02/dieterici_tvm_K0_265_target_l,,missing,0.4,,,,,,
dieterici_tvm,265,target_l,/home/dajuarez4/QMM/Paper/empirical_asymmetric_lambda300/runs/bccac6b5e2391d02/dieterici_tvm_K0_265_target_l,,missing,0.5,,,,,,
dieterici_tvm,265,equal_b,/home/dajuarez4/QMM/Paper/empirical_asymmetric_lambda300/runs/bccac6b5e2391d02/dieterici_tvm_K0_265_equal_b,,missing,0.1,,,,,,
dieterici_tvm,265,equal_b,/home/dajuarez4/QMM/Paper/empirical_asymmetric_lambda300/runs/bccac6b5e2391d02/dieterici_tvm_K0_265_equal_b,,missing,0.2,,,,,,
dieterici_tvm,265,equal_b,/home/dajuarez4/QMM/Paper/empirical_asymmetric_lambda300/runs/bccac6b5e2391d02/dieterici_tvm_K0_265_equal_b,,missing,0.3,,,,,,
dieterici_tvm,265,equal_b,/home/dajuarez4/QMM/Paper/empirical_asymmetric_lambda300/runs/bccac6b5e2391d02/dieterici_tvm_K0_265_equal_b,,missing,0.4,,,,,,
dieterici_tvm,265,equal_b,/home/dajuarez4/QMM/Paper/empirical_asymmetric_lambda300/runs/bccac6b5e2391d02/dieterici_tvm_K0_265_equal_b,,missing,0.5,,,,,,
dieterici_tvm,270,target_l,/home/dajuarez4/QMM/Paper/empirical_asymmetric_lambda300/runs/bccac6b5e2391d02/dieterici_tvm_K0_270_target_l,,missing,0.1,,,,,,
dieterici_tvm,270,target_l,/home/dajuarez4/QMM/Paper/empirical_asymmetric_lambda300/runs/bccac6b5e2391d02/dieterici_tvm_K0_270_target_l,,missing,0.2,,,,,,
dieterici_tvm,270,target_l,/home/dajuarez4/QMM/Paper/empirical_asymmetric_lambda300/runs/bccac6b5e2391d02/dieterici_tvm_K0_270_target_l,,missing,0.3,,,,,,
dieterici_tvm,270,target_l,/home/dajuarez4/QMM/Paper/empirical_asymmetric_lambda300/runs/bccac6b5e2391d02/dieterici_tvm_K0_270_target_l,,missing,0.4,,,,,,
dieterici_tvm,270,target_l,/home/dajuarez4/QMM/Paper/empirical_asymmetric_lambda300/runs/bccac6b5e2391d02/dieterici_tvm_K0_270_target_l,,missing,0.5,,,,,,
dieterici_tvm,270,equal_b,/home/dajuarez4/QMM/Paper/empirical_asymmetric_lambda300/runs/bccac6b5e2391d02/dieterici_tvm_K0_270_equal_b,,missing,0.1,,,,,,
dieterici_tvm,270,equal_b,/home/dajuarez4/QMM/Paper/empirical_asymmetric_lambda300/runs/bccac6b5e2391d02/dieterici_tvm_K0_270_equal_b,,missing,0.2,,,,,,
dieterici_tvm,270,equal_b,/home/dajuarez4/QMM/Paper/empirical_asymmetric_lambda300/runs/bccac6b5e2391d02/dieterici_tvm_K0_270_equal_b,,missing,0.3,,,,,,
dieterici_tvm,270,equal_b,/home/dajuarez4/QMM/Paper/empirical_asymmetric_lambda300/runs/bccac6b5e2391d02/dieterici_tvm_K0_270_equal_b,,missing,0.4,,,,,,
dieterici_tvm,270,equal_b,/home/dajuarez4/QMM/Paper/empirical_asymmetric_lambda300/runs/bccac6b5e2391d02/dieterici_tvm_K0_270_equal_b,,missing,0.5,,,,,,
dieterici_tvm,275,target_l,/home/dajuarez4/QMM/Paper/empirical_asymmetric_lambda300/runs/bccac6b5e2391d02/dieterici_tvm_K0_275_target_l,,missing,0.1,,,,,,
dieterici_tvm,275,target_l,/home/dajuarez4/QMM/Paper/empirical_asymmetric_lambda300/runs/bccac6b5e2391d02/dieterici_tvm_K0_275_target_l,,missing,0.2,,,,,,
dieterici_tvm,275,target_l,/home/dajuarez4/QMM/Paper/empirical_asymmetric_lambda300/runs/bccac6b5e2391d02/dieterici_tvm_K0_275_target_l,,missing,0.3,,,,,,
dieterici_tvm,275,target_l,/home/dajuarez4/QMM/Paper/empirical_asymmetric_lambda300/runs/bccac6b5e2391d02/dieterici_tvm_K0_275_target_l,,missing,0.4,,,,,,
dieterici_tvm,275,target_l,/home/dajuarez4/QMM/Paper/empirical_asymmetric_lambda300/runs/bccac6b5e2391d02/dieterici_tvm_K0_275_target_l,,missing,0.5,,,,,,
dieterici_tvm,275,equal_b,/home/dajuarez4/QMM/Paper/empirical_asymmetric_lambda300/runs/bccac6b5e2391d02/dieterici_tvm_K0_275_equal_b,,missing,0.1,,,,,,
dieterici_tvm,275,equal_b,/home/dajuarez4/QMM/Paper/empirical_asymmetric_lambda300/runs/bccac6b5e2391d02/dieterici_tvm_K0_275_equal_b,,missing,0.2,,,,,,
dieterici_tvm,275,equal_b,/home/dajuarez4/QMM/Paper/empirical_asymmetric_lambda300/runs/bccac6b5e2391d02/dieterici_tvm_K0_275_equal_b,,missing,0.3,,,,,,
dieterici_tvm,275,equal_b,/home/dajuarez4/QMM/Paper/empirical_asymmetric_lambda300/runs/bccac6b5e2391d02/dieterici_tvm_K0_275_equal_b,,missing,0.4,,,,,,
dieterici_tvm,275,equal_b,/home/dajuarez4/QMM/Paper/empirical_asymmetric_lambda300/runs/bccac6b5e2391d02/dieterici_tvm_K0_275_equal_b,,missing,0.5,,,,,,
dieterici_tvm,280,target_l,/home/dajuarez4/QMM/Paper/empirical_asymmetric_lambda300/runs/bccac6b5e2391d02/dieterici_tvm_K0_280_target_l,,missing,0.1,,,,,,
dieterici_tvm,280,target_l,/home/dajuarez4/QMM/Paper/empirical_asymmetric_lambda300/runs/bccac6b5e2391d02/dieterici_tvm_K0_280_target_l,,missing,0.2,,,,,,
dieterici_tvm,280,target_l,/home/dajuarez4/QMM/Paper/empirical_asymmetric_lambda300/runs/bccac6b5e2391d02/dieterici_tvm_K0_280_target_l,,missing,0.3,,,,,,
dieterici_tvm,280,target_l,/home/dajuarez4/QMM/Paper/empirical_asymmetric_lambda300/runs/bccac6b5e2391d02/dieterici_tvm_K0_280_target_l,,missing,0.4,,,,,,
dieterici_tvm,280,target_l,/home/dajuarez4/QMM/Paper/empirical_asymmetric_lambda300/runs/bccac6b5e2391d02/dieterici_tvm_K0_280_target_l,,missing,0.5,,,,,,
dieterici_tvm,280,equal_b,/home/dajuarez4/QMM/Paper/empirical_asymmetric_lambda300/runs/bccac6b5e2391d02/dieterici_tvm_K0_280_equal_b,,missing,0.1,,,,,,
dieterici_tvm,280,equal_b,/home/dajuarez4/QMM/Paper/empirical_asymmetric_lambda300/runs/bccac6b5e2391d02/dieterici_tvm_K0_280_equal_b,,missing,0.2,,,,,,
dieterici_tvm,280,equal_b,/home/dajuarez4/QMM/Paper/empirical_asymmetric_lambda300/runs/bccac6b5e2391d02/dieterici_tvm_K0_280_equal_b,,missing,0.3,,,,,,
dieterici_tvm,280,equal_b,/home/dajuarez4/QMM/Paper/empirical_asymmetric_lambda300/runs/bccac6b5e2391d02/dieterici_tvm_K0_280_equal_b,,missing,0.4,,,,,,
dieterici_tvm,280,equal_b,/home/dajuarez4/QMM/Paper/empirical_asymmetric_lambda300/runs/bccac6b5e2391d02/dieterici_tvm_K0_280_equal_b,,missing,0.5,,,,,,
dieterici_tvm,285,target_l,/home/dajuarez4/QMM/Paper/empirical_asymmetric_lambda300/runs/bccac6b5e2391d02/dieterici_tvm_K0_285_target_l,,missing,0.1,,,,,,
dieterici_tvm,285,target_l,/home/dajuarez4/QMM/Paper/empirical_asymmetric_lambda300/runs/bccac6b5e2391d02/dieterici_tvm_K0_285_target_l,,missing,0.2,,,,,,
dieterici_tvm,285,target_l,/home/dajuarez4/QMM/Paper/empirical_asymmetric_lambda300/runs/bccac6b5e2391d02/dieterici_tvm_K0_285_target_l,,missing,0.3,,,,,,
dieterici_tvm,285,target_l,/home/dajuarez4/QMM/Paper/empirical_asymmetric_lambda300/runs/bccac6b5e2391d02/dieterici_tvm_K0_285_target_l,,missing,0.4,,,,,,
dieterici_tvm,285,target_l,/home/dajuarez4/QMM/Paper/empirical_asymmetric_lambda300/runs/bccac6b5e2391d02/dieterici_tvm_K0_285_target_l,,missing,0.5,,,,,,
dieterici_tvm,285,equal_b,/home/dajuarez4/QMM/Paper/empirical_asymmetric_lambda300/runs/bccac6b5e2391d02/dieterici_tvm_K0_285_equal_b,,missing,0.1,,,,,,
dieterici_tvm,285,equal_b,/home/dajuarez4/QMM/Paper/empirical_asymmetric_lambda300/runs/bccac6b5e2391d02/dieterici_tvm_K0_285_equal_b,,missing,0.2,,,,,,
dieterici_tvm,285,equal_b,/home/dajuarez4/QMM/Paper/empirical_asymmetric_lambda300/runs/bccac6b5e2391d02/dieterici_tvm_K0_285_equal_b,,missing,0.3,,,,,,
dieterici_tvm,285,equal_b,/home/dajuarez4/QMM/Paper/empirical_asymmetric_lambda300/runs/bccac6b5e2391d02/dieterici_tvm_K0_285_equal_b,,missing,0.4,,,,,,
dieterici_tvm,285,equal_b,/home/dajuarez4/QMM/Paper/empirical_asymmetric_lambda300/runs/bccac6b5e2391d02/dieterici_tvm_K0_285_equal_b,,missing,0.5,,,,,,
dieterici_tvm,290,target_l,/home/dajuarez4/QMM/Paper/empirical_asymmetric_lambda300/runs/bccac6b5e2391d02/dieterici_tvm_K0_290_target_l,,missing,0.1,,,,,,
dieterici_tvm,290,target_l,/home/dajuarez4/QMM/Paper/empirical_asymmetric_lambda300/runs/bccac6b5e2391d02/dieterici_tvm_K0_290_target_l,,missing,0.2,,,,,,
dieterici_tvm,290,target_l,/home/dajuarez4/QMM/Paper/empirical_asymmetric_lambda300/runs/bccac6b5e2391d02/dieterici_tvm_K0_290_target_l,,missing,0.3,,,,,,
dieterici_tvm,290,target_l,/home/dajuarez4/QMM/Paper/empirical_asymmetric_lambda300/runs/bccac6b5e2391d02/dieterici_tvm_K0_290_target_l,,missing,0.4,,,,,,
dieterici_tvm,290,target_l,/home/dajuarez4/QMM/Paper/empirical_asymmetric_lambda300/runs/bccac6b5e2391d02/dieterici_tvm_K0_290_target_l,,missing,0.5,,,,,,
dieterici_tvm,290,equal_b,/home/dajuarez4/QMM/Paper/empirical_asymmetric_lambda300/runs/bccac6b5e2391d02/dieterici_tvm_K0_290_equal_b,,missing,0.1,,,,,,
dieterici_tvm,290,equal_b,/home/dajuarez4/QMM/Paper/empirical_asymmetric_lambda300/runs/bccac6b5e2391d02/dieterici_tvm_K0_290_equal_b,,missing,0.2,,,,,,
dieterici_tvm,290,equal_b,/home/dajuarez4/QMM/Paper/empirical_asymmetric_lambda300/runs/bccac6b5e2391d02/dieterici_tvm_K0_290_equal_b,,missing,0.3,,,,,,
dieterici_tvm,290,equal_b,/home/dajuarez4/QMM/Paper/empirical_asymmetric_lambda300/runs/bccac6b5e2391d02/dieterici_tvm_K0_290_equal_b,,missing,0.4,,,,,,
dieterici_tvm,290,equal_b,/home/dajuarez4/QMM/Paper/empirical_asymmetric_lambda300/runs/bccac6b5e2391d02/dieterici_tvm_K0_290_equal_b,,missing,0.5,,,,,,
dieterici_tvm,295,target_l,/home/dajuarez4/QMM/Paper/empirical_asymmetric_lambda300/runs/bccac6b5e2391d02/dieterici_tvm_K0_295_target_l,,missing,0.1,,,,,,
dieterici_tvm,295,target_l,/home/dajuarez4/QMM/Paper/empirical_asymmetric_lambda300/runs/bccac6b5e2391d02/dieterici_tvm_K0_295_target_l,,missing,0.2,,,,,,
dieterici_tvm,295,target_l,/home/dajuarez4/QMM/Paper/empirical_asymmetric_lambda300/runs/bccac6b5e2391d02/dieterici_tvm_K0_295_target_l,,missing,0.3,,,,,,
dieterici_tvm,295,target_l,/home/dajuarez4/QMM/Paper/empirical_asymmetric_lambda300/runs/bccac6b5e2391d02/dieterici_tvm_K0_295_target_l,,missing,0.4,,,,,,
dieterici_tvm,295,target_l,/home/dajuarez4/QMM/Paper/empirical_asymmetric_lambda300/runs/bccac6b5e2391d02/dieterici_tvm_K0_295_target_l,,missing,0.5,,,,,,
dieterici_tvm,295,equal_b,/home/dajuarez4/QMM/Paper/empirical_asymmetric_lambda300/runs/bccac6b5e2391d02/dieterici_tvm_K0_295_equal_b,,missing,0.1,,,,,,
dieterici_tvm,295,equal_b,/home/dajuarez4/QMM/Paper/empirical_asymmetric_lambda300/runs/bccac6b5e2391d02/dieterici_tvm_K0_295_equal_b,,missing,0.2,,,,,,
dieterici_tvm,295,equal_b,/home/dajuarez4/QMM/Paper/empirical_asymmetric_lambda300/runs/bccac6b5e2391d02/dieterici_tvm_K0_295_equal_b,,missing,0.3,,,,,,
dieterici_tvm,295,equal_b,/home/dajuarez4/QMM/Paper/empirical_asymmetric_lambda300/runs/bccac6b5e2391d02/dieterici_tvm_K0_295_equal_b,,missing,0.4,,,,,,
dieterici_tvm,295,equal_b,/home/dajuarez4/QMM/Paper/empirical_asymmetric_lambda300/runs/bccac6b5e2391d02/dieterici_tvm_K0_295_equal_b,,missing,0.5,,,,,,
dieterici_tvm,300,target_l,/home/dajuarez4/QMM/Paper/empirical_asymmetric_lambda300/runs/bccac6b5e2391d02/dieterici_tvm_K0_300_target_l,1.7559447971979776,ok,0.1,1.9403315787969853,0.021501374515582265,0.00881189635773938,-1.7694179454963432e-12,2.6020852139652106e-08,computed fixed-y
dieterici_tvm,300,target_l,/home/dajuarez4/QMM/Paper/empirical_asymmetric_lambda300/runs/bccac6b5e2391d02/dieterici_tvm_K0_300_target_l,1.7559447971979776,ok,0.2,8.529450742920789,0.04675515084849861,0.10612311751180004,1.3877787807814457e-12,-6.938893903907228e-08,computed fixed-y
dieterici_tvm,300,target_l,/home/dajuarez4/QMM/Paper/empirical_asymmetric_lambda300/runs/bccac6b5e2391d02/dieterici_tvm_K0_300_target_l,1.7559447971979776,ok,0.3,11.94832928276801,0.05549060773908844,0.18274638107853958,5.828670879282072e-12,-3.608224830031759e-08,computed fixed-y
dieterici_tvm,300,target_l,/home/dajuarez4/QMM/Paper/empirical_asymmetric_lambda300/runs/bccac6b5e2391d02/dieterici_tvm_K0_300_target_l,1.7559447971979776,ok,0.4,13.746648282412332,0.05901168687899711,0.226438170769927,-3.47499806707674e-10,4.440892098500626e-08,computed fixed-y
dieterici_tvm,300,target_l,/home/dajuarez4/QMM/Paper/empirical_asymmetric_lambda300/runs/bccac6b5e2391d02/dieterici_tvm_K0_300_target_l,1.7559447971979776,ok,0.5,14.311513083799774,0.059976501358022426,0.2404130128380102,-1.7763568394002505e-11,-1.5543122344752192e-07,computed fixed-y
dieterici_tvm,300,equal_b,/home/dajuarez4/QMM/Paper/empirical_asymmetric_lambda300/runs/bccac6b5e2391d02/dieterici_tvm_K0_300_equal_b,1.7559447971979776,ok,0.1,4.168051679789384,0.025587320709927988,0.02630817369641561,2.0816681711721685e-13,5.065392549852277e-08,computed fixed-y
dieterici_tvm,300,equal_b,/home/dajuarez4/QMM/Paper/empirical_asymmetric_lambda300/runs/bccac6b5e2391d02/dieterici_tvm_K0_300_equal_b,1.7559447971979776,ok,0.2,8.728233830224962,0.04214804724789947,0.09908548167067033,-8.049116928532385e-12,-5.2735593669694936e-08,computed fixed-y
dieterici_tvm,300,equal_b,/home/dajuarez4/QMM/Paper/empirical_asymmetric_lambda300/runs/bccac6b5e2391d02/dieterici_tvm_K0_300_equal_b,1.7559447971979776,ok,0.3,11.837787548257792,0.05228272551078117,0.17110711967989134,1.4710455076283324e-10,-7.771561172376096e-08,computed fixed-y
dieterici_tvm,300,equal_b,/home/dajuarez4/QMM/Paper/empirical_asymmetric_lambda300/runs/bccac6b5e2391d02/dieterici_tvm_K0_300_equal_b,1.7559447971979776,ok,0.4,13.693053108146989,0.05807393296854125,0.22210764807946592,-4.768407890765047e-10,7.216449660063518e-08,computed fixed-y
dieterici_tvm,300,equal_b,/home/dajuarez4/QMM/Paper/empirical_asymmetric_lambda300/runs/bccac6b5e2391d02/dieterici_tvm_K0_300_equal_b,1.7559447971979776,ok,0.5,14.311513083789597,0.05997650136978071,0.24041301283735406,-2.886579864025407e-11,3.3306690738754696e-08,computed fixed-y
dieterici_tvm,305,target_l,/home/dajuarez4/QMM/Paper/empirical_asymmetric_lambda300/runs/bccac6b5e2391d02/dieterici_tvm_K0_305_target_l,,missing,0.1,,,,,,
dieterici_tvm,305,target_l,/home/dajuarez4/QMM/Paper/empirical_asymmetric_lambda300/runs/bccac6b5e2391d02/dieterici_tvm_K0_305_target_l,,missing,0.2,,,,,,
dieterici_tvm,305,target_l,/home/dajuarez4/QMM/Paper/empirical_asymmetric_lambda300/runs/bccac6b5e2391d02/dieterici_tvm_K0_305_target_l,,missing,0.3,,,,,,
dieterici_tvm,305,target_l,/home/dajuarez4/QMM/Paper/empirical_asymmetric_lambda300/runs/bccac6b5e2391d02/dieterici_tvm_K0_305_target_l,,missing,0.4,,,,,,
dieterici_tvm,305,target_l,/home/dajuarez4/QMM/Paper/empirical_asymmetric_lambda300/runs/bccac6b5e2391d02/dieterici_tvm_K0_305_target_l,,missing,0.5,,,,,,
dieterici_tvm,305,equal_b,/home/dajuarez4/QMM/Paper/empirical_asymmetric_lambda300/runs/bccac6b5e2391d02/dieterici_tvm_K0_305_equal_b,,missing,0.1,,,,,,
dieterici_tvm,305,equal_b,/home/dajuarez4/QMM/Paper/empirical_asymmetric_lambda300/runs/bccac6b5e2391d02/dieterici_tvm_K0_305_equal_b,,missing,0.2,,,,,,
dieterici_tvm,305,equal_b,/home/dajuarez4/QMM/Paper/empirical_asymmetric_lambda300/runs/bccac6b5e2391d02/dieterici_tvm_K0_305_equal_b,,missing,0.3,,,,,,
dieterici_tvm,305,equal_b,/home/dajuarez4/QMM/Paper/empirical_asymmetric_lambda300/runs/bccac6b5e2391d02/dieterici_tvm_K0_305_equal_b,,missing,0.4,,,,,,
dieterici_tvm,305,equal_b,/home/dajuarez4/QMM/Paper/empirical_asymmetric_lambda300/runs/bccac6b5e2391d02/dieterici_tvm_K0_305_equal_b,,missing,0.5,,,,,,
dieterici_tvm,310,target_l,/home/dajuarez4/QMM/Paper/empirical_asymmetric_lambda300/runs/bccac6b5e2391d02/dieterici_tvm_K0_310_target_l,,missing,0.1,,,,,,
dieterici_tvm,310,target_l,/home/dajuarez4/QMM/Paper/empirical_asymmetric_lambda300/runs/bccac6b5e2391d02/dieterici_tvm_K0_310_target_l,,missing,0.2,,,,,,
dieterici_tvm,310,target_l,/home/dajuarez4/QMM/Paper/empirical_asymmetric_lambda300/runs/bccac6b5e2391d02/dieterici_tvm_K0_310_target_l,,missing,0.3,,,,,,
dieterici_tvm,310,target_l,/home/dajuarez4/QMM/Paper/empirical_asymmetric_lambda300/runs/bccac6b5e2391d02/dieterici_tvm_K0_310_target_l,,missing,0.4,,,,,,
dieterici_tvm,310,target_l,/home/dajuarez4/QMM/Paper/empirical_asymmetric_lambda300/runs/bccac6b5e2391d02/dieterici_tvm_K0_310_target_l,,missing,0.5,,,,,,
dieterici_tvm,310,equal_b,/home/dajuarez4/QMM/Paper/empirical_asymmetric_lambda300/runs/bccac6b5e2391d02/dieterici_tvm_K0_310_equal_b,,missing,0.1,,,,,,
dieterici_tvm,310,equal_b,/home/dajuarez4/QMM/Paper/empirical_asymmetric_lambda300/runs/bccac6b5e2391d02/dieterici_tvm_K0_310_equal_b,,missing,0.2,,,,,,
dieterici_tvm,310,equal_b,/home/dajuarez4/QMM/Paper/empirical_asymmetric_lambda300/runs/bccac6b5e2391d02/dieterici_tvm_K0_310_equal_b,,missing,0.3,,,,,,
dieterici_tvm,310,equal_b,/home/dajuarez4/QMM/Paper/empirical_asymmetric_lambda300/runs/bccac6b5e2391d02/dieterici_tvm_K0_310_equal_b,,missing,0.4,,,,,,
dieterici_tvm,310,equal_b,/home/dajuarez4/QMM/Paper/empirical_asymmetric_lambda300/runs/bccac6b5e2391d02/dieterici_tvm_K0_310_equal_b,,missing,0.5,,,,,,
dieterici_tvm,315,target_l,/home/dajuarez4/QMM/Paper/empirical_asymmetric_lambda300/runs/bccac6b5e2391d02/dieterici_tvm_K0_315_target_l,1.77176898207528,ok,0.1,2.153215472894142,0.023810435126409166,0.011450639372772742,6.446232436729815e-11,-2.42861286636753e-08,computed fixed-y
dieterici_tvm,315,target_l,/home/dajuarez4/QMM/Paper/empirical_asymmetric_lambda300/runs/bccac6b5e2391d02/dieterici_tvm_K0_315_target_l,1.77176898207528,ok,0.2,8.829404411668513,0.048142907582607405,0.11578619094829179,-1.6653345369377348e-12,-2.220446049250313e-08,computed fixed-y
dieterici_tvm,315,target_l,/home/dajuarez4/QMM/Paper/empirical_asymmetric_lambda300/runs/bccac6b5e2391d02/dieterici_tvm_K0_315_target_l,1.77176898207528,ok,0.3,12.241453355756953,0.05640365528245233,0.19419261717181002,5.2735593669694936e-12,-8.049116928532385e-08,computed fixed-y
dieterici_tvm,315,target_l,/home/dajuarez4/QMM/Paper/empirical_asymmetric_lambda300/runs/bccac6b5e2391d02/dieterici_tvm_K0_315_target_l,1.77176898207528,ok,0.4,14.027836440407803,0.05969328503568194,0.23825102817722565,-1.1657341758564144e-11,7.216449660063518e-08,computed fixed-y
dieterici_tvm,315,target_l,/home/dajuarez4/QMM/Paper/empirical_asymmetric_lambda300/runs/bccac6b5e2391d02/dieterici_tvm_K0_315_target_l,1.77176898207528,ok,0.5,14.587995819062627,0.06058878231400138,0.2522662275417469,-1.6653345369377348e-11,3.3306690738754696e-08,computed fixed-y
dieterici_tvm,315,equal_b,/home/dajuarez4/QMM/Paper/empirical_asymmetric_lambda300/runs/bccac6b5e2391d02/dieterici_tvm_K0_315_equal_b,1.77176898207528,ok,0.1,4.431225455808707,0.0271237149146787,0.030609606352392155,1.1587952819525071e-11,5.7592819402429996e-08,computed fixed-y
dieterici_tvm,315,equal_b,/home/dajuarez4/QMM/Paper/empirical_asymmetric_lambda300/runs/bccac6b5e2391d02/dieterici_tvm_K0_315_equal_b,1.77176898207528,ok,0.2,9.012986725615267,0.043224678307922315,0.1073035800373554,1.3877787807814457e-12,-8.049116928532385e-08,computed fixed-y
dieterici_tvm,315,equal_b,/home/dajuarez4/QMM/Paper/empirical_asymmetric_lambda300/runs/bccac6b5e2391d02/dieterici_tvm_K0_315_equal_b,1.77176898207528,ok,0.3,12.120544493043317,0.053089254983486635,0.18148809997835746,-6.938893903907228e-12,4.718447854656915e-08,computed fixed-y
dieterici_tvm,315,equal_b,/home/dajuarez4/QMM/Paper/empirical_asymmetric_lambda300/runs/bccac6b5e2391d02/dieterici_tvm_K0_315_equal_b,1.77176898207528,ok,0.4,13.971375215269106,0.05873321477974454,0.23361060504446507,-2.7755575615628914e-12,9.43689570931383e-08,computed fixed-y
dieterici_tvm,315,equal_b,/home/dajuarez4/QMM/Paper/empirical_asymmetric_lambda300/runs/bccac6b5e2391d02/dieterici_tvm_K0_315_equal_b,1.77176898207528,ok,0.5,14.587995819062627,0.06058878231400138,0.2522662275417469,-1.6653345369377348e-11,3.3306690738754696e-08,computed fixed-y
clausius_vdw,250,target_l,/home/dajuarez4/QMM/Paper/empirical_asymmetric_lambda300/runs/d8c1ee32ce433ecc/clausius_vdw_K0_250_target_l,4.735852852960429,ok,0.1,5.139457158607617,0.0298682296857138,0.04795470402883753,1.3877787807814457e-13,8.604228440844963e-08,computed fixed-y
clausius_vdw,250,target_l,/home/dajuarez4/QMM/Paper/empirical_asymmetric_lambda300/runs/d8c1ee32ce433ecc/clausius_vdw_K0_250_target_l,4.735852852960429,ok,0.2,10.505400368129006,0.041313441321347275,0.13245194310658498,-8.465450562766819e-12,1.3739009929736312e-07,computed fixed-y
clausius_vdw,250,target_l,/home/dajuarez4/QMM/Paper/empirical_asymmetric_lambda300/runs/d8c1ee32ce433ecc/clausius_vdw_K0_250_target_l,4.735852852960429,ok,0.3,13.753712646880487,0.046648587752566355,0.1936969607958401,9.992007221626409e-12,-7.771561172376096e-08,computed fixed-y
clausius_vdw,250,target_l,/home/dajuarez4/QMM/Paper/empirical_asymmetric_lambda300/runs/d8c1ee32ce433ecc/clausius_vdw_K0_250_target_l,4.735852852960429,ok,0.4,15.57421569565196,0.04917399955033904,0.22999247614764418,-6.661338147750939e-12,1.6653345369377348e-08,computed fixed-y
clausius_vdw,250,target_l,/home/dajuarez4/QMM/Paper/empirical_asymmetric_lambda300/runs/d8c1ee32ce433ecc/clausius_vdw_K0_250_target_l,4.735852852960429,ok,0.5,16.16332114617506,0.04992497296919987,0.24195278189350966,5.551115123125783e-13,-7.216449660063518e-08,computed fixed-y
clausius_vdw,250,equal_b,/home/dajuarez4/QMM/Paper/empirical_asymmetric_lambda300/runs/d8c1ee32ce433ecc/clausius_vdw_K0_250_equal_b,4.735852852960429,ok,0.1,5.7185662621387845,0.029839027174555208,0.05346541537566027,-4.093947403305265e-12,2.0816681711721685e-09,computed fixed-y
clausius_vdw,250,equal_b,/home/dajuarez4/QMM/Paper/empirical_asymmetric_lambda300/runs/d8c1ee32ce433ecc/clausius_vdw_K0_250_equal_b,4.735852852960429,ok,0.2,10.615860621979865,0.04033486916632969,0.1313066870879332,0.0,-1.1102230246251565e-08,computed fixed-y
clausius_vdw,250,equal_b,/home/dajuarez4/QMM/Paper/empirical_asymmetric_lambda300/runs/d8c1ee32ce433ecc/clausius_vdw_K0_250_equal_b,4.735852852960429,ok,0.3,13.75596002617157,0.04601552552021259,0.19162806141766442,-8.326672684688674e-12,-2.7755575615628914e-08,computed fixed-y
clausius_vdw,250,equal_b,/home/dajuarez4/QMM/Paper/empirical_asymmetric_lambda300/runs/d8c1ee32ce433ecc/clausius_vdw_K0_250_equal_b,4.735852852960429,ok,0.4,15.568449429271292,0.048991245014915696,0.22922949398064663,-1.5265566588595902e-11,-1.1379786002407855e-07,computed fixed-y
clausius_vdw,250,equal_b,/home/dajuarez4/QMM/Paper/empirical_asymmetric_lambda300/runs/d8c1ee32ce433ecc/clausius_vdw_K0_250_equal_b,4.735852852960429,ok,0.5,16.16332114617506,0.04992497296919987,0.24195278189350966,5.551115123125783e-13,-7.216449660063518e-08,computed fixed-y
clausius_vdw,255,target_l,/home/dajuarez4/QMM/Paper/empirical_asymmetric_lambda300/runs/d8c1ee32ce433ecc/clausius_vdw_K0_255_target_l,,missing,0.1,,,,,,
clausius_vdw,255,target_l,/home/dajuarez4/QMM/Paper/empirical_asymmetric_lambda300/runs/d8c1ee32ce433ecc/clausius_vdw_K0_255_target_l,,missing,0.2,,,,,,
clausius_vdw,255,target_l,/home/dajuarez4/QMM/Paper/empirical_asymmetric_lambda300/runs/d8c1ee32ce433ecc/clausius_vdw_K0_255_target_l,,missing,0.3,,,,,,
clausius_vdw,255,target_l,/home/dajuarez4/QMM/Paper/empirical_asymmetric_lambda300/runs/d8c1ee32ce433ecc/clausius_vdw_K0_255_target_l,,missing,0.4,,,,,,
clausius_vdw,255,target_l,/home/dajuarez4/QMM/Paper/empirical_asymmetric_lambda300/runs/d8c1ee32ce433ecc/clausius_vdw_K0_255_target_l,,missing,0.5,,,,,,
clausius_vdw,255,equal_b,/home/dajuarez4/QMM/Paper/empirical_asymmetric_lambda300/runs/d8c1ee32ce433ecc/clausius_vdw_K0_255_equal_b,,missing,0.1,,,,,,
clausius_vdw,255,equal_b,/home/dajuarez4/QMM/Paper/empirical_asymmetric_lambda300/runs/d8c1ee32ce433ecc/clausius_vdw_K0_255_equal_b,,missing,0.2,,,,,,
clausius_vdw,255,equal_b,/home/dajuarez4/QMM/Paper/empirical_asymmetric_lambda300/runs/d8c1ee32ce433ecc/clausius_vdw_K0_255_equal_b,,missing,0.3,,,,,,
clausius_vdw,255,equal_b,/home/dajuarez4/QMM/Paper/empirical_asymmetric_lambda300/runs/d8c1ee32ce433ecc/clausius_vdw_K0_255_equal_b,,missing,0.4,,,,,,
clausius_vdw,255,equal_b,/home/dajuarez4/QMM/Paper/empirical_asymmetric_lambda300/runs/d8c1ee32ce433ecc/clausius_vdw_K0_255_equal_b,,missing,0.5,,,,,,
clausius_vdw,260,target_l,/home/dajuarez4/QMM/Paper/empirical_asymmetric_lambda300/runs/d8c1ee32ce433ecc/clausius_vdw_K0_260_target_l,,missing,0.1,,,,,,
clausius_vdw,260,target_l,/home/dajuarez4/QMM/Paper/empirical_asymmetric_lambda300/runs/d8c1ee32ce433ecc/clausius_vdw_K0_260_target_l,,missing,0.2,,,,,,
clausius_vdw,260,target_l,/home/dajuarez4/QMM/Paper/empirical_asymmetric_lambda300/runs/d8c1ee32ce433ecc/clausius_vdw_K0_260_target_l,,missing,0.3,,,,,,
clausius_vdw,260,target_l,/home/dajuarez4/QMM/Paper/empirical_asymmetric_lambda300/runs/d8c1ee32ce433ecc/clausius_vdw_K0_260_target_l,,missing,0.4,,,,,,
clausius_vdw,260,target_l,/home/dajuarez4/QMM/Paper/empirical_asymmetric_lambda300/runs/d8c1ee32ce433ecc/clausius_vdw_K0_260_target_l,,missing,0.5,,,,,,
clausius_vdw,260,equal_b,/home/dajuarez4/QMM/Paper/empirical_asymmetric_lambda300/runs/d8c1ee32ce433ecc/clausius_vdw_K0_260_equal_b,,missing,0.1,,,,,,
clausius_vdw,260,equal_b,/home/dajuarez4/QMM/Paper/empirical_asymmetric_lambda300/runs/d8c1ee32ce433ecc/clausius_vdw_K0_260_equal_b,,missing,0.2,,,,,,
clausius_vdw,260,equal_b,/home/dajuarez4/QMM/Paper/empirical_asymmetric_lambda300/runs/d8c1ee32ce433ecc/clausius_vdw_K0_260_equal_b,,missing,0.3,,,,,,
clausius_vdw,260,equal_b,/home/dajuarez4/QMM/Paper/empirical_asymmetric_lambda300/runs/d8c1ee32ce433ecc/clausius_vdw_K0_260_equal_b,,missing,0.4,,,,,,
clausius_vdw,260,equal_b,/home/dajuarez4/QMM/Paper/empirical_asymmetric_lambda300/runs/d8c1ee32ce433ecc/clausius_vdw_K0_260_equal_b,,missing,0.5,,,,,,
clausius_vdw,265,target_l,/home/dajuarez4/QMM/Paper/empirical_asymmetric_lambda300/runs/d8c1ee32ce433ecc/clausius_vdw_K0_265_target_l,,missing,0.1,,,,,,
clausius_vdw,265,target_l,/home/dajuarez4/QMM/Paper/empirical_asymmetric_lambda300/runs/d8c1ee32ce433ecc/clausius_vdw_K0_265_target_l,,missing,0.2,,,,,,
clausius_vdw,265,target_l,/home/dajuarez4/QMM/Paper/empirical_asymmetric_lambda300/runs/d8c1ee32ce433ecc/clausius_vdw_K0_265_target_l,,missing,0.3,,,,,,
clausius_vdw,265,target_l,/home/dajuarez4/QMM/Paper/empirical_asymmetric_lambda300/runs/d8c1ee32ce433ecc/clausius_vdw_K0_265_target_l,,missing,0.4,,,,,,
clausius_vdw,265,target_l,/home/dajuarez4/QMM/Paper/empirical_asymmetric_lambda300/runs/d8c1ee32ce433ecc/clausius_vdw_K0_265_target_l,,missing,0.5,,,,,,
clausius_vdw,265,equal_b,/home/dajuarez4/QMM/Paper/empirical_asymmetric_lambda300/runs/d8c1ee32ce433ecc/clausius_vdw_K0_265_equal_b,,missing,0.1,,,,,,
clausius_vdw,265,equal_b,/home/dajuarez4/QMM/Paper/empirical_asymmetric_lambda300/runs/d8c1ee32ce433ecc/clausius_vdw_K0_265_equal_b,,missing,0.2,,,,,,
clausius_vdw,265,equal_b,/home/dajuarez4/QMM/Paper/empirical_asymmetric_lambda300/runs/d8c1ee32ce433ecc/clausius_vdw_K0_265_equal_b,,missing,0.3,,,,,,
clausius_vdw,265,equal_b,/home/dajuarez4/QMM/Paper/empirical_asymmetric_lambda300/runs/d8c1ee32ce433ecc/clausius_vdw_K0_265_equal_b,,missing,0.4,,,,,,
clausius_vdw,265,equal_b,/home/dajuarez4/QMM/Paper/empirical_asymmetric_lambda300/runs/d8c1ee32ce433ecc/clausius_vdw_K0_265_equal_b,,missing,0.5,,,,,,
clausius_vdw,270,target_l,/home/dajuarez4/QMM/Paper/empirical_asymmetric_lambda300/runs/d8c1ee32ce433ecc/clausius_vdw_K0_270_target_l,,missing,0.1,,,,,,
clausius_vdw,270,target_l,/home/dajuarez4/QMM/Paper/empirical_asymmetric_lambda300/runs/d8c1ee32ce433ecc/clausius_vdw_K0_270_target_l,,missing,0.2,,,,,,
clausius_vdw,270,target_l,/home/dajuarez4/QMM/Paper/empirical_asymmetric_lambda300/runs/d8c1ee32ce433ecc/clausius_vdw_K0_270_target_l,,missing,0.3,,,,,,
clausius_vdw,270,target_l,/home/dajuarez4/QMM/Paper/empirical_asymmetric_lambda300/runs/d8c1ee32ce433ecc/clausius_vdw_K0_270_target_l,,missing,0.4,,,,,,
clausius_vdw,270,target_l,/home/dajuarez4/QMM/Paper/empirical_asymmetric_lambda300/runs/d8c1ee32ce433ecc/clausius_vdw_K0_270_target_l,,missing,0.5,,,,,,
clausius_vdw,270,equal_b,/home/dajuarez4/QMM/Paper/empirical_asymmetric_lambda300/runs/d8c1ee32ce433ecc/clausius_vdw_K0_270_equal_b,,missing,0.1,,,,,,
clausius_vdw,270,equal_b,/home/dajuarez4/QMM/Paper/empirical_asymmetric_lambda300/runs/d8c1ee32ce433ecc/clausius_vdw_K0_270_equal_b,,missing,0.2,,,,,,
clausius_vdw,270,equal_b,/home/dajuarez4/QMM/Paper/empirical_asymmetric_lambda300/runs/d8c1ee32ce433ecc/clausius_vdw_K0_270_equal_b,,missing,0.3,,,,,,
clausius_vdw,270,equal_b,/home/dajuarez4/QMM/Paper/empirical_asymmetric_lambda300/runs/d8c1ee32ce433ecc/clausius_vdw_K0_270_equal_b,,missing,0.4,,,,,,
clausius_vdw,270,equal_b,/home/dajuarez4/QMM/Paper/empirical_asymmetric_lambda300/runs/d8c1ee32ce433ecc/clausius_vdw_K0_270_equal_b,,missing,0.5,,,,,,
clausius_vdw,275,target_l,/home/dajuarez4/QMM/Paper/empirical_asymmetric_lambda300/runs/d8c1ee32ce433ecc/clausius_vdw_K0_275_target_l,,missing,0.1,,,,,,
clausius_vdw,275,target_l,/home/dajuarez4/QMM/Paper/empirical_asymmetric_lambda300/runs/d8c1ee32ce433ecc/clausius_vdw_K0_275_target_l,,missing,0.2,,,,,,
clausius_vdw,275,target_l,/home/dajuarez4/QMM/Paper/empirical_asymmetric_lambda300/runs/d8c1ee32ce433ecc/clausius_vdw_K0_275_target_l,,missing,0.3,,,,,,
clausius_vdw,275,target_l,/home/dajuarez4/QMM/Paper/empirical_asymmetric_lambda300/runs/d8c1ee32ce433ecc/clausius_vdw_K0_275_target_l,,missing,0.4,,,,,,
clausius_vdw,275,target_l,/home/dajuarez4/QMM/Paper/empirical_asymmetric_lambda300/runs/d8c1ee32ce433ecc/clausius_vdw_K0_275_target_l,,missing,0.5,,,,,,
clausius_vdw,275,equal_b,/home/dajuarez4/QMM/Paper/empirical_asymmetric_lambda300/runs/d8c1ee32ce433ecc/clausius_vdw_K0_275_equal_b,,missing,0.1,,,,,,
clausius_vdw,275,equal_b,/home/dajuarez4/QMM/Paper/empirical_asymmetric_lambda300/runs/d8c1ee32ce433ecc/clausius_vdw_K0_275_equal_b,,missing,0.2,,,,,,
clausius_vdw,275,equal_b,/home/dajuarez4/QMM/Paper/empirical_asymmetric_lambda300/runs/d8c1ee32ce433ecc/clausius_vdw_K0_275_equal_b,,missing,0.3,,,,,,
clausius_vdw,275,equal_b,/home/dajuarez4/QMM/Paper/empirical_asymmetric_lambda300/runs/d8c1ee32ce433ecc/clausius_vdw_K0_275_equal_b,,missing,0.4,,,,,,
clausius_vdw,275,equal_b,/home/dajuarez4/QMM/Paper/empirical_asymmetric_lambda300/runs/d8c1ee32ce433ecc/clausius_vdw_K0_275_equal_b,,missing,0.5,,,,,,
clausius_vdw,280,target_l,/home/dajuarez4/QMM/Paper/empirical_asymmetric_lambda300/runs/d8c1ee32ce433ecc/clausius_vdw_K0_280_target_l,,missing,0.1,,,,,,
clausius_vdw,280,target_l,/home/dajuarez4/QMM/Paper/empirical_asymmetric_lambda300/runs/d8c1ee32ce433ecc/clausius_vdw_K0_280_target_l,,missing,0.2,,,,,,
clausius_vdw,280,target_l,/home/dajuarez4/QMM/Paper/empirical_asymmetric_lambda300/runs/d8c1ee32ce433ecc/clausius_vdw_K0_280_target_l,,missing,0.3,,,,,,
clausius_vdw,280,target_l,/home/dajuarez4/QMM/Paper/empirical_asymmetric_lambda300/runs/d8c1ee32ce433ecc/clausius_vdw_K0_280_target_l,,missing,0.4,,,,,,
clausius_vdw,280,target_l,/home/dajuarez4/QMM/Paper/empirical_asymmetric_lambda300/runs/d8c1ee32ce433ecc/clausius_vdw_K0_280_target_l,,missing,0.5,,,,,,
clausius_vdw,280,equal_b,/home/dajuarez4/QMM/Paper/empirical_asymmetric_lambda300/runs/d8c1ee32ce433ecc/clausius_vdw_K0_280_equal_b,,missing,0.1,,,,,,
clausius_vdw,280,equal_b,/home/dajuarez4/QMM/Paper/empirical_asymmetric_lambda300/runs/d8c1ee32ce433ecc/clausius_vdw_K0_280_equal_b,,missing,0.2,,,,,,
clausius_vdw,280,equal_b,/home/dajuarez4/QMM/Paper/empirical_asymmetric_lambda300/runs/d8c1ee32ce433ecc/clausius_vdw_K0_280_equal_b,,missing,0.3,,,,,,
clausius_vdw,280,equal_b,/home/dajuarez4/QMM/Paper/empirical_asymmetric_lambda300/runs/d8c1ee32ce433ecc/clausius_vdw_K0_280_equal_b,,missing,0.4,,,,,,
clausius_vdw,280,equal_b,/home/dajuarez4/QMM/Paper/empirical_asymmetric_lambda300/runs/d8c1ee32ce433ecc/clausius_vdw_K0_280_equal_b,,missing,0.5,,,,,,
clausius_vdw,285,target_l,/home/dajuarez4/QMM/Paper/empirical_asymmetric_lambda300/runs/d8c1ee32ce433ecc/clausius_vdw_K0_285_target_l,,missing,0.1,,,,,,
clausius_vdw,285,target_l,/home/dajuarez4/QMM/Paper/empirical_asymmetric_lambda300/runs/d8c1ee32ce433ecc/clausius_vdw_K0_285_target_l,,missing,0.2,,,,,,
clausius_vdw,285,target_l,/home/dajuarez4/QMM/Paper/empirical_asymmetric_lambda300/runs/d8c1ee32ce433ecc/clausius_vdw_K0_285_target_l,,missing,0.3,,,,,,
clausius_vdw,285,target_l,/home/dajuarez4/QMM/Paper/empirical_asymmetric_lambda300/runs/d8c1ee32ce433ecc/clausius_vdw_K0_285_target_l,,missing,0.4,,,,,,
clausius_vdw,285,target_l,/home/dajuarez4/QMM/Paper/empirical_asymmetric_lambda300/runs/d8c1ee32ce433ecc/clausius_vdw_K0_285_target_l,,missing,0.5,,,,,,
clausius_vdw,285,equal_b,/home/dajuarez4/QMM/Paper/empirical_asymmetric_lambda300/runs/d8c1ee32ce433ecc/clausius_vdw_K0_285_equal_b,,missing,0.1,,,,,,
clausius_vdw,285,equal_b,/home/dajuarez4/QMM/Paper/empirical_asymmetric_lambda300/runs/d8c1ee32ce433ecc/clausius_vdw_K0_285_equal_b,,missing,0.2,,,,,,
clausius_vdw,285,equal_b,/home/dajuarez4/QMM/Paper/empirical_asymmetric_lambda300/runs/d8c1ee32ce433ecc/clausius_vdw_K0_285_equal_b,,missing,0.3,,,,,,
clausius_vdw,285,equal_b,/home/dajuarez4/QMM/Paper/empirical_asymmetric_lambda300/runs/d8c1ee32ce433ecc/clausius_vdw_K0_285_equal_b,,missing,0.4,,,,,,
clausius_vdw,285,equal_b,/home/dajuarez4/QMM/Paper/empirical_asymmetric_lambda300/runs/d8c1ee32ce433ecc/clausius_vdw_K0_285_equal_b,,missing,0.5,,,,,,
clausius_vdw,290,target_l,/home/dajuarez4/QMM/Paper/empirical_asymmetric_lambda300/runs/d8c1ee32ce433ecc/clausius_vdw_K0_290_target_l,,missing,0.1,,,,,,
clausius_vdw,290,target_l,/home/dajuarez4/QMM/Paper/empirical_asymmetric_lambda300/runs/d8c1ee32ce433ecc/clausius_vdw_K0_290_target_l,,missing,0.2,,,,,,
clausius_vdw,290,target_l,/home/dajuarez4/QMM/Paper/empirical_asymmetric_lambda300/runs/d8c1ee32ce433ecc/clausius_vdw_K0_290_target_l,,missing,0.3,,,,,,
clausius_vdw,290,target_l,/home/dajuarez4/QMM/Paper/empirical_asymmetric_lambda300/runs/d8c1ee32ce433ecc/clausius_vdw_K0_290_target_l,,missing,0.4,,,,,,
clausius_vdw,290,target_l,/home/dajuarez4/QMM/Paper/empirical_asymmetric_lambda300/runs/d8c1ee32ce433ecc/clausius_vdw_K0_290_target_l,,missing,0.5,,,,,,
clausius_vdw,290,equal_b,/home/dajuarez4/QMM/Paper/empirical_asymmetric_lambda300/runs/d8c1ee32ce433ecc/clausius_vdw_K0_290_equal_b,,missing,0.1,,,,,,
clausius_vdw,290,equal_b,/home/dajuarez4/QMM/Paper/empirical_asymmetric_lambda300/runs/d8c1ee32ce433ecc/clausius_vdw_K0_290_equal_b,,missing,0.2,,,,,,
clausius_vdw,290,equal_b,/home/dajuarez4/QMM/Paper/empirical_asymmetric_lambda300/runs/d8c1ee32ce433ecc/clausius_vdw_K0_290_equal_b,,missing,0.3,,,,,,
clausius_vdw,290,equal_b,/home/dajuarez4/QMM/Paper/empirical_asymmetric_lambda300/runs/d8c1ee32ce433ecc/clausius_vdw_K0_290_equal_b,,missing,0.4,,,,,,
clausius_vdw,290,equal_b,/home/dajuarez4/QMM/Paper/empirical_asymmetric_lambda300/runs/d8c1ee32ce433ecc/clausius_vdw_K0_290_equal_b,,missing,0.5,,,,,,
clausius_vdw,295,target_l,/home/dajuarez4/QMM/Paper/empirical_asymmetric_lambda300/runs/d8c1ee32ce433ecc/clausius_vdw_K0_295_target_l,,missing,0.1,,,,,,
clausius_vdw,295,target_l,/home/dajuarez4/QMM/Paper/empirical_asymmetric_lambda300/runs/d8c1ee32ce433ecc/clausius_vdw_K0_295_target_l,,missing,0.2,,,,,,
clausius_vdw,295,target_l,/home/dajuarez4/QMM/Paper/empirical_asymmetric_lambda300/runs/d8c1ee32ce433ecc/clausius_vdw_K0_295_target_l,,missing,0.3,,,,,,
clausius_vdw,295,target_l,/home/dajuarez4/QMM/Paper/empirical_asymmetric_lambda300/runs/d8c1ee32ce433ecc/clausius_vdw_K0_295_target_l,,missing,0.4,,,,,,
clausius_vdw,295,target_l,/home/dajuarez4/QMM/Paper/empirical_asymmetric_lambda300/runs/d8c1ee32ce433ecc/clausius_vdw_K0_295_target_l,,missing,0.5,,,,,,
clausius_vdw,295,equal_b,/home/dajuarez4/QMM/Paper/empirical_asymmetric_lambda300/runs/d8c1ee32ce433ecc/clausius_vdw_K0_295_equal_b,,missing,0.1,,,,,,
clausius_vdw,295,equal_b,/home/dajuarez4/QMM/Paper/empirical_asymmetric_lambda300/runs/d8c1ee32ce433ecc/clausius_vdw_K0_295_equal_b,,missing,0.2,,,,,,
clausius_vdw,295,equal_b,/home/dajuarez4/QMM/Paper/empirical_asymmetric_lambda300/runs/d8c1ee32ce433ecc/clausius_vdw_K0_295_equal_b,,missing,0.3,,,,,,
clausius_vdw,295,equal_b,/home/dajuarez4/QMM/Paper/empirical_asymmetric_lambda300/runs/d8c1ee32ce433ecc/clausius_vdw_K0_295_equal_b,,missing,0.4,,,,,,
clausius_vdw,295,equal_b,/home/dajuarez4/QMM/Paper/empirical_asymmetric_lambda300/runs/d8c1ee32ce433ecc/clausius_vdw_K0_295_equal_b,,missing,0.5,,,,,,
clausius_vdw,300,target_l,/home/dajuarez4/QMM/Paper/empirical_asymmetric_lambda300/runs/d8c1ee32ce433ecc/clausius_vdw_K0_300_target_l,3.7539943658312165,ok,0.1,5.263213692529088,0.032955934235587195,0.054991052511818406,2.7755575615628914e-12,4.163336342344337e-08,computed fixed-y
clausius_vdw,300,target_l,/home/dajuarez4/QMM/Paper/empirical_asymmetric_lambda300/runs/d8c1ee32ce433ecc/clausius_vdw_K0_300_target_l,3.7539943658312165,ok,0.2,10.934755525855039,0.04511655935120792,0.15376590590828942,-1.942890293094024e-11,-6.661338147750939e-08,computed fixed-y
clausius_vdw,300,target_l,/home/dajuarez4/QMM/Paper/empirical_asymmetric_lambda300/runs/d8c1ee32ce433ecc/clausius_vdw_K0_300_target_l,3.7539943658312165,ok,0.3,14.258371959740396,0.05037046966491731,0.22243084736437313,-1.0824674490095276e-11,1.582067810090848e-07,computed fixed-y
clausius_vdw,300,target_l,/home/dajuarez4/QMM/Paper/empirical_asymmetric_lambda300/runs/d8c1ee32ce433ecc/clausius_vdw_K0_300_target_l,3.7539943658312165,ok,0.4,16.091169426285383,0.05273068317697812,0.26204570351033407,4.9960036108132044e-12,1.6653345369377348e-08,computed fixed-y
clausius_vdw,300,target_l,/home/dajuarez4/QMM/Paper/empirical_asymmetric_lambda300/runs/d8c1ee32ce433ecc/clausius_vdw_K0_300_target_l,3.7539943658312165,ok,0.5,16.67988232125139,0.05341347211050278,0.27492972418822337,-5.551115123125783e-13,1.3322676295501878e-07,computed fixed-y
clausius_vdw,300,equal_b,/home/dajuarez4/QMM/Paper/empirical_asymmetric_lambda300/runs/d8c1ee32ce433ecc/clausius_vdw_K0_300_equal_b,3.7539943658312165,ok,0.1,6.130013286787274,0.03266229943226945,0.06378079104748702,1.1657341758564144e-11,-8.049116928532385e-08,computed fixed-y
clausius_vdw,300,equal_b,/home/dajuarez4/QMM/Paper/empirical_asymmetric_lambda300/runs/d8c1ee32ce433ecc/clausius_vdw_K0_300_equal_b,3.7539943658312165,ok,0.2,11.076554107461687,0.04343850791058954,0.15097594808817705,-9.159339953157541e-12,6.938893903907228e-08,computed fixed-y
clausius_vdw,300,equal_b,/home/dajuarez4/QMM/Paper/empirical_asymmetric_lambda300/runs/d8c1ee32ce433ecc/clausius_vdw_K0_300_equal_b,3.7539943658312165,ok,0.3,14.24868547470598,0.049331725162783606,0.21849684725154728,2.353672812205332e-10,3.885780586188048e-08,computed fixed-y
clausius_vdw,300,equal_b,/home/dajuarez4/QMM/Paper/empirical_asymmetric_lambda300/runs/d8c1ee32ce433ecc/clausius_vdw_K0_300_equal_b,3.7539943658312165,ok,0.4,16.079157570207876,0.052436472236584146,0.26065060231702963,-1.0547118733938987e-11,-3.219646771412954e-07,computed fixed-y
clausius_vdw,300,equal_b,/home/dajuarez4/QMM/Paper/empirical_asymmetric_lambda300/runs/d8c1ee32ce433ecc/clausius_vdw_K0_300_equal_b,3.7539943658312165,ok,0.5,16.67988232125139,0.05341347211050278,0.27492972418822337,-5.551115123125783e-13,1.3322676295501878e-07,computed fixed-y
clausius_vdw,305,target_l,/home/dajuarez4/QMM/Paper/empirical_asymmetric_lambda300/runs/d8c1ee32ce433ecc/clausius_vdw_K0_305_target_l,,missing,0.1,,,,,,
clausius_vdw,305,target_l,/home/dajuarez4/QMM/Paper/empirical_asymmetric_lambda300/runs/d8c1ee32ce433ecc/clausius_vdw_K0_305_target_l,,missing,0.2,,,,,,
clausius_vdw,305,target_l,/home/dajuarez4/QMM/Paper/empirical_asymmetric_lambda300/runs/d8c1ee32ce433ecc/clausius_vdw_K0_305_target_l,,missing,0.3,,,,,,
clausius_vdw,305,target_l,/home/dajuarez4/QMM/Paper/empirical_asymmetric_lambda300/runs/d8c1ee32ce433ecc/clausius_vdw_K0_305_target_l,,missing,0.4,,,,,,
clausius_vdw,305,target_l,/home/dajuarez4/QMM/Paper/empirical_asymmetric_lambda300/runs/d8c1ee32ce433ecc/clausius_vdw_K0_305_target_l,,missing,0.5,,,,,,
clausius_vdw,305,equal_b,/home/dajuarez4/QMM/Paper/empirical_asymmetric_lambda300/runs/d8c1ee32ce433ecc/clausius_vdw_K0_305_equal_b,,missing,0.1,,,,,,
clausius_vdw,305,equal_b,/home/dajuarez4/QMM/Paper/empirical_asymmetric_lambda300/runs/d8c1ee32ce433ecc/clausius_vdw_K0_305_equal_b,,missing,0.2,,,,,,
clausius_vdw,305,equal_b,/home/dajuarez4/QMM/Paper/empirical_asymmetric_lambda300/runs/d8c1ee32ce433ecc/clausius_vdw_K0_305_equal_b,,missing,0.3,,,,,,
clausius_vdw,305,equal_b,/home/dajuarez4/QMM/Paper/empirical_asymmetric_lambda300/runs/d8c1ee32ce433ecc/clausius_vdw_K0_305_equal_b,,missing,0.4,,,,,,
clausius_vdw,305,equal_b,/home/dajuarez4/QMM/Paper/empirical_asymmetric_lambda300/runs/d8c1ee32ce433ecc/clausius_vdw_K0_305_equal_b,,missing,0.5,,,,,,
clausius_vdw,310,target_l,/home/dajuarez4/QMM/Paper/empirical_asymmetric_lambda300/runs/d8c1ee32ce433ecc/clausius_vdw_K0_310_target_l,,missing,0.1,,,,,,
clausius_vdw,310,target_l,/home/dajuarez4/QMM/Paper/empirical_asymmetric_lambda300/runs/d8c1ee32ce433ecc/clausius_vdw_K0_310_target_l,,missing,0.2,,,,,,
clausius_vdw,310,target_l,/home/dajuarez4/QMM/Paper/empirical_asymmetric_lambda300/runs/d8c1ee32ce433ecc/clausius_vdw_K0_310_target_l,,missing,0.3,,,,,,
clausius_vdw,310,target_l,/home/dajuarez4/QMM/Paper/empirical_asymmetric_lambda300/runs/d8c1ee32ce433ecc/clausius_vdw_K0_310_target_l,,missing,0.4,,,,,,
clausius_vdw,310,target_l,/home/dajuarez4/QMM/Paper/empirical_asymmetric_lambda300/runs/d8c1ee32ce433ecc/clausius_vdw_K0_310_target_l,,missing,0.5,,,,,,
clausius_vdw,310,equal_b,/home/dajuarez4/QMM/Paper/empirical_asymmetric_lambda300/runs/d8c1ee32ce433ecc/clausius_vdw_K0_310_equal_b,,missing,0.1,,,,,,
clausius_vdw,310,equal_b,/home/dajuarez4/QMM/Paper/empirical_asymmetric_lambda300/runs/d8c1ee32ce433ecc/clausius_vdw_K0_310_equal_b,,missing,0.2,,,,,,
clausius_vdw,310,equal_b,/home/dajuarez4/QMM/Paper/empirical_asymmetric_lambda300/runs/d8c1ee32ce433ecc/clausius_vdw_K0_310_equal_b,,missing,0.3,,,,,,
clausius_vdw,310,equal_b,/home/dajuarez4/QMM/Paper/empirical_asymmetric_lambda300/runs/d8c1ee32ce433ecc/clausius_vdw_K0_310_equal_b,,missing,0.4,,,,,,
clausius_vdw,310,equal_b,/home/dajuarez4/QMM/Paper/empirical_asymmetric_lambda300/runs/d8c1ee32ce433ecc/clausius_vdw_K0_310_equal_b,,missing,0.5,,,,,,
clausius_vdw,315,target_l,/home/dajuarez4/QMM/Paper/empirical_asymmetric_lambda300/runs/d8c1ee32ce433ecc/clausius_vdw_K0_315_target_l,3.507371411543792,ok,0.1,5.3053203734881,0.03385175706998125,0.05718175426338723,1.1102230246251565e-12,7.494005416219807e-08,computed fixed-y
clausius_vdw,315,target_l,/home/dajuarez4/QMM/Paper/empirical_asymmetric_lambda300/runs/d8c1ee32ce433ecc/clausius_vdw_K0_315_target_l,3.507371411543792,ok,0.2,11.057570194346045,0.046178620339566843,0.16012228924136562,-3.885780586188048e-12,9.43689570931383e-08,computed fixed-y
clausius_vdw,315,target_l,/home/dajuarez4/QMM/Paper/empirical_asymmetric_lambda300/runs/d8c1ee32ce433ecc/clausius_vdw_K0_315_target_l,3.507371411543792,ok,0.3,14.39905082271074,0.05139258986805451,0.23084702732462337,2.0816681711721685e-11,3.608224830031759e-08,computed fixed-y
clausius_vdw,315,target_l,/home/dajuarez4/QMM/Paper/empirical_asymmetric_lambda300/runs/d8c1ee32ce433ecc/clausius_vdw_K0_315_target_l,3.507371411543792,ok,0.4,16.233825181702695,0.05370100331797338,0.2713544829790787,-4.163336342344337e-12,-1.942890293094024e-08,computed fixed-y
clausius_vdw,315,target_l,/home/dajuarez4/QMM/Paper/empirical_asymmetric_lambda300/runs/d8c1ee32ce433ecc/clausius_vdw_K0_315_target_l,3.507371411543792,ok,0.5,16.822043683173256,0.05436371419260125,0.28448314473674174,1.942890293094024e-12,1.637578961322106e-07,computed fixed-y
clausius_vdw,315,equal_b,/home/dajuarez4/QMM/Paper/empirical_asymmetric_lambda300/runs/d8c1ee32ce433ecc/clausius_vdw_K0_315_equal_b,3.507371411543792,ok,0.1,6.2446107343629205,0.03344873142438792,0.06685326674671938,1.2490009027033011e-12,3.469446951953614e-08,computed fixed-y
clausius_vdw,315,equal_b,/home/dajuarez4/QMM/Paper/empirical_asymmetric_lambda300/runs/d8c1ee32ce433ecc/clausius_vdw_K0_315_equal_b,3.507371411543792,ok,0.2,11.204052718846695,0.044292934921501964,0.15672558797413683,4.246603069191224e-11,2.7755575615628914e-09,computed fixed-y
clausius_vdw,315,equal_b,/home/dajuarez4/QMM/Paper/empirical_asymmetric_lambda300/runs/d8c1ee32ce433ecc/clausius_vdw_K0_315_equal_b,3.507371411543792,ok,0.3,14.38459323954704,0.050238860290314595,0.22630405422894073,-2.220446049250313e-12,1.6653345369377348e-07,computed fixed-y
clausius_vdw,315,equal_b,/home/dajuarez4/QMM/Paper/empirical_asymmetric_lambda300/runs/d8c1ee32ce433ecc/clausius_vdw_K0_315_equal_b,3.507371411543792,ok,0.4,16.219783246651588,0.05337585892443387,0.2697590948216142,1.0269562977782698e-11,-1.8041124150158794e-07,computed fixed-y
clausius_vdw,315,equal_b,/home/dajuarez4/QMM/Paper/empirical_asymmetric_lambda300/runs/d8c1ee32ce433ecc/clausius_vdw_K0_315_equal_b,3.507371411543792,ok,0.5,16.822043683173256,0.05436371419260125,0.28448314473674174,1.942890293094024e-12,1.637578961322106e-07,computed fixed-y
clausius_cs,250,target_l,/home/dajuarez4/QMM/Paper/empirical_asymmetric_lambda300/runs/7d305835f24a2893/clausius_cs_K0_250_target_l,4.470083992729585,ok,0.1,5.183148378260963,0.03031139601331932,0.04926613132214763,2.42861286636753e-12,9.089951014118469e-08,computed fixed-y
clausius_cs,250,target_l,/home/dajuarez4/QMM/Paper/empirical_asymmetric_lambda300/runs/7d305835f24a2893/clausius_cs_K0_250_target_l,4.470083992729585,ok,0.2,10.538888716890357,0.041764468018996845,0.13505370737450162,-3.885780586188048e-12,-2.3592239273284576e-07,computed fixed-y
clausius_cs,250,target_l,/home/dajuarez4/QMM/Paper/empirical_asymmetric_lambda300/runs/7d305835f24a2893/clausius_cs_K0_250_target_l,4.470083992729585,ok,0.3,13.756526317428456,0.04706878620637406,0.1966789399209079,-6.661338147750939e-12,-5.551115123125783e-08,computed fixed-y
clausius_cs,250,target_l,/home/dajuarez4/QMM/Paper/empirical_asymmetric_lambda300/runs/7d305835f24a2893/clausius_cs_K0_250_target_l,4.470083992729585,ok,0.4,15.55139334918888,0.04957005826479319,0.23299133103444658,4.9960036108132044e-12,-4.440892098500626e-08,computed fixed-y
clausius_cs,250,target_l,/home/dajuarez4/QMM/Paper/empirical_asymmetric_lambda300/runs/7d305835f24a2893/clausius_cs_K0_250_target_l,4.470083992729585,ok,0.5,16.130888854001498,0.05031253031516727,0.244923672444066,2.6367796834847468e-11,8.326672684688674e-09,computed fixed-y
clausius_cs,250,equal_b,/home/dajuarez4/QMM/Paper/empirical_asymmetric_lambda300/runs/7d305835f24a2893/clausius_cs_K0_250_equal_b,4.470083992729585,ok,0.1,5.851332476622441,0.030105539174202896,0.0554433570621333,6.939587793297619e-10,-7.632783294297951e-09,computed fixed-y
clausius_cs,250,equal_b,/home/dajuarez4/QMM/Paper/empirical_asymmetric_lambda300/runs/7d305835f24a2893/clausius_cs_K0_250_equal_b,4.470083992729585,ok,0.2,10.652282475071924,0.04050741338172971,0.1331319701648287,3.6082248300317588e-12,-7.216449660063518e-08,computed fixed-y
clausius_cs,250,equal_b,/home/dajuarez4/QMM/Paper/empirical_asymmetric_lambda300/runs/7d305835f24a2893/clausius_cs_K0_250_equal_b,4.470083992729585,ok,0.3,13.749714092586487,0.046276488772256756,0.1938790148598024,2.4980018054066022e-12,3.0531133177191805e-08,computed fixed-y
clausius_cs,250,equal_b,/home/dajuarez4/QMM/Paper/empirical_asymmetric_lambda300/runs/7d305835f24a2893/clausius_cs_K0_250_equal_b,4.470083992729585,ok,0.4,15.542003125796656,0.049343186601696475,0.23198719779257204,-2.4980018054066022e-12,-1.0269562977782698e-07,computed fixed-y
clausius_cs,250,equal_b,/home/dajuarez4/QMM/Paper/empirical_asymmetric_lambda300/runs/7d305835f24a2893/clausius_cs_K0_250_equal_b,4.470083992729585,ok,0.5,16.130888854001498,0.05031253031516727,0.244923672444066,2.6367796834847468e-11,8.326672684688674e-09,computed fixed-y
clausius_cs,255,target_l,/home/dajuarez4/QMM/Paper/empirical_asymmetric_lambda300/runs/7d305835f24a2893/clausius_cs_K0_255_target_l,,missing,0.1,,,,,,
clausius_cs,255,target_l,/home/dajuarez4/QMM/Paper/empirical_asymmetric_lambda300/runs/7d305835f24a2893/clausius_cs_K0_255_target_l,,missing,0.2,,,,,,
clausius_cs,255,target_l,/home/dajuarez4/QMM/Paper/empirical_asymmetric_lambda300/runs/7d305835f24a2893/clausius_cs_K0_255_target_l,,missing,0.3,,,,,,
clausius_cs,255,target_l,/home/dajuarez4/QMM/Paper/empirical_asymmetric_lambda300/runs/7d305835f24a2893/clausius_cs_K0_255_target_l,,missing,0.4,,,,,,
clausius_cs,255,target_l,/home/dajuarez4/QMM/Paper/empirical_asymmetric_lambda300/runs/7d305835f24a2893/clausius_cs_K0_255_target_l,,missing,0.5,,,,,,
clausius_cs,255,equal_b,/home/dajuarez4/QMM/Paper/empirical_asymmetric_lambda300/runs/7d305835f24a2893/clausius_cs_K0_255_equal_b,,missing,0.1,,,,,,
clausius_cs,255,equal_b,/home/dajuarez4/QMM/Paper/empirical_asymmetric_lambda300/runs/7d305835f24a2893/clausius_cs_K0_255_equal_b,,missing,0.2,,,,,,
clausius_cs,255,equal_b,/home/dajuarez4/QMM/Paper/empirical_asymmetric_lambda300/runs/7d305835f24a2893/clausius_cs_K0_255_equal_b,,missing,0.3,,,,,,
clausius_cs,255,equal_b,/home/dajuarez4/QMM/Paper/empirical_asymmetric_lambda300/runs/7d305835f24a2893/clausius_cs_K0_255_equal_b,,missing,0.4,,,,,,
clausius_cs,255,equal_b,/home/dajuarez4/QMM/Paper/empirical_asymmetric_lambda300/runs/7d305835f24a2893/clausius_cs_K0_255_equal_b,,missing,0.5,,,,,,
clausius_cs,260,target_l,/home/dajuarez4/QMM/Paper/empirical_asymmetric_lambda300/runs/7d305835f24a2893/clausius_cs_K0_260_target_l,,missing,0.1,,,,,,
clausius_cs,260,target_l,/home/dajuarez4/QMM/Paper/empirical_asymmetric_lambda300/runs/7d305835f24a2893/clausius_cs_K0_260_target_l,,missing,0.2,,,,,,
clausius_cs,260,target_l,/home/dajuarez4/QMM/Paper/empirical_asymmetric_lambda300/runs/7d305835f24a2893/clausius_cs_K0_260_target_l,,missing,0.3,,,,,,
clausius_cs,260,target_l,/home/dajuarez4/QMM/Paper/empirical_asymmetric_lambda300/runs/7d305835f24a2893/clausius_cs_K0_260_target_l,,missing,0.4,,,,,,
clausius_cs,260,target_l,/home/dajuarez4/QMM/Paper/empirical_asymmetric_lambda300/runs/7d305835f24a2893/clausius_cs_K0_260_target_l,,missing,0.5,,,,,,
clausius_cs,260,equal_b,/home/dajuarez4/QMM/Paper/empirical_asymmetric_lambda300/runs/7d305835f24a2893/clausius_cs_K0_260_equal_b,,missing,0.1,,,,,,
clausius_cs,260,equal_b,/home/dajuarez4/QMM/Paper/empirical_asymmetric_lambda300/runs/7d305835f24a2893/clausius_cs_K0_260_equal_b,,missing,0.2,,,,,,
clausius_cs,260,equal_b,/home/dajuarez4/QMM/Paper/empirical_asymmetric_lambda300/runs/7d305835f24a2893/clausius_cs_K0_260_equal_b,,missing,0.3,,,,,,
clausius_cs,260,equal_b,/home/dajuarez4/QMM/Paper/empirical_asymmetric_lambda300/runs/7d305835f24a2893/clausius_cs_K0_260_equal_b,,missing,0.4,,,,,,
clausius_cs,260,equal_b,/home/dajuarez4/QMM/Paper/empirical_asymmetric_lambda300/runs/7d305835f24a2893/clausius_cs_K0_260_equal_b,,missing,0.5,,,,,,
clausius_cs,265,target_l,/home/dajuarez4/QMM/Paper/empirical_asymmetric_lambda300/runs/7d305835f24a2893/clausius_cs_K0_265_target_l,,missing,0.1,,,,,,
clausius_cs,265,target_l,/home/dajuarez4/QMM/Paper/empirical_asymmetric_lambda300/runs/7d305835f24a2893/clausius_cs_K0_265_target_l,,missing,0.2,,,,,,
clausius_cs,265,target_l,/home/dajuarez4/QMM/Paper/empirical_asymmetric_lambda300/runs/7d305835f24a2893/clausius_cs_K0_265_target_l,,missing,0.3,,,,,,
clausius_cs,265,target_l,/home/dajuarez4/QMM/Paper/empirical_asymmetric_lambda300/runs/7d305835f24a2893/clausius_cs_K0_265_target_l,,missing,0.4,,,,,,
clausius_cs,265,target_l,/home/dajuarez4/QMM/Paper/empirical_asymmetric_lambda300/runs/7d305835f24a2893/clausius_cs_K0_265_target_l,,missing,0.5,,,,,,
clausius_cs,265,equal_b,/home/dajuarez4/QMM/Paper/empirical_asymmetric_lambda300/runs/7d305835f24a2893/clausius_cs_K0_265_equal_b,,missing,0.1,,,,,,
clausius_cs,265,equal_b,/home/dajuarez4/QMM/Paper/empirical_asymmetric_lambda300/runs/7d305835f24a2893/clausius_cs_K0_265_equal_b,,missing,0.2,,,,,,
clausius_cs,265,equal_b,/home/dajuarez4/QMM/Paper/empirical_asymmetric_lambda300/runs/7d305835f24a2893/clausius_cs_K0_265_equal_b,,missing,0.3,,,,,,
clausius_cs,265,equal_b,/home/dajuarez4/QMM/Paper/empirical_asymmetric_lambda300/runs/7d305835f24a2893/clausius_cs_K0_265_equal_b,,missing,0.4,,,,,,
clausius_cs,265,equal_b,/home/dajuarez4/QMM/Paper/empirical_asymmetric_lambda300/runs/7d305835f24a2893/clausius_cs_K0_265_equal_b,,missing,0.5,,,,,,
clausius_cs,270,target_l,/home/dajuarez4/QMM/Paper/empirical_asymmetric_lambda300/runs/7d305835f24a2893/clausius_cs_K0_270_target_l,,missing,0.1,,,,,,
clausius_cs,270,target_l,/home/dajuarez4/QMM/Paper/empirical_asymmetric_lambda300/runs/7d305835f24a2893/clausius_cs_K0_270_target_l,,missing,0.2,,,,,,
clausius_cs,270,target_l,/home/dajuarez4/QMM/Paper/empirical_asymmetric_lambda300/runs/7d305835f24a2893/clausius_cs_K0_270_target_l,,missing,0.3,,,,,,
clausius_cs,270,target_l,/home/dajuarez4/QMM/Paper/empirical_asymmetric_lambda300/runs/7d305835f24a2893/clausius_cs_K0_270_target_l,,missing,0.4,,,,,,
clausius_cs,270,target_l,/home/dajuarez4/QMM/Paper/empirical_asymmetric_lambda300/runs/7d305835f24a2893/clausius_cs_K0_270_target_l,,missing,0.5,,,,,,
clausius_cs,270,equal_b,/home/dajuarez4/QMM/Paper/empirical_asymmetric_lambda300/runs/7d305835f24a2893/clausius_cs_K0_270_equal_b,,missing,0.1,,,,,,
clausius_cs,270,equal_b,/home/dajuarez4/QMM/Paper/empirical_asymmetric_lambda300/runs/7d305835f24a2893/clausius_cs_K0_270_equal_b,,missing,0.2,,,,,,
clausius_cs,270,equal_b,/home/dajuarez4/QMM/Paper/empirical_asymmetric_lambda300/runs/7d305835f24a2893/clausius_cs_K0_270_equal_b,,missing,0.3,,,,,,
clausius_cs,270,equal_b,/home/dajuarez4/QMM/Paper/empirical_asymmetric_lambda300/runs/7d305835f24a2893/clausius_cs_K0_270_equal_b,,missing,0.4,,,,,,
clausius_cs,270,equal_b,/home/dajuarez4/QMM/Paper/empirical_asymmetric_lambda300/runs/7d305835f24a2893/clausius_cs_K0_270_equal_b,,missing,0.5,,,,,,
clausius_cs,275,target_l,/home/dajuarez4/QMM/Paper/empirical_asymmetric_lambda300/runs/7d305835f24a2893/clausius_cs_K0_275_target_l,,missing,0.1,,,,,,
clausius_cs,275,target_l,/home/dajuarez4/QMM/Paper/empirical_asymmetric_lambda300/runs/7d305835f24a2893/clausius_cs_K0_275_target_l,,missing,0.2,,,,,,
clausius_cs,275,target_l,/home/dajuarez4/QMM/Paper/empirical_asymmetric_lambda300/runs/7d305835f24a2893/clausius_cs_K0_275_target_l,,missing,0.3,,,,,,
clausius_cs,275,target_l,/home/dajuarez4/QMM/Paper/empirical_asymmetric_lambda300/runs/7d305835f24a2893/clausius_cs_K0_275_target_l,,missing,0.4,,,,,,
clausius_cs,275,target_l,/home/dajuarez4/QMM/Paper/empirical_asymmetric_lambda300/runs/7d305835f24a2893/clausius_cs_K0_275_target_l,,missing,0.5,,,,,,
clausius_cs,275,equal_b,/home/dajuarez4/QMM/Paper/empirical_asymmetric_lambda300/runs/7d305835f24a2893/clausius_cs_K0_275_equal_b,,missing,0.1,,,,,,
clausius_cs,275,equal_b,/home/dajuarez4/QMM/Paper/empirical_asymmetric_lambda300/runs/7d305835f24a2893/clausius_cs_K0_275_equal_b,,missing,0.2,,,,,,
clausius_cs,275,equal_b,/home/dajuarez4/QMM/Paper/empirical_asymmetric_lambda300/runs/7d305835f24a2893/clausius_cs_K0_275_equal_b,,missing,0.3,,,,,,
clausius_cs,275,equal_b,/home/dajuarez4/QMM/Paper/empirical_asymmetric_lambda300/runs/7d305835f24a2893/clausius_cs_K0_275_equal_b,,missing,0.4,,,,,,
clausius_cs,275,equal_b,/home/dajuarez4/QMM/Paper/empirical_asymmetric_lambda300/runs/7d305835f24a2893/clausius_cs_K0_275_equal_b,,missing,0.5,,,,,,
clausius_cs,280,target_l,/home/dajuarez4/QMM/Paper/empirical_asymmetric_lambda300/runs/7d305835f24a2893/clausius_cs_K0_280_target_l,,missing,0.1,,,,,,
clausius_cs,280,target_l,/home/dajuarez4/QMM/Paper/empirical_asymmetric_lambda300/runs/7d305835f24a2893/clausius_cs_K0_280_target_l,,missing,0.2,,,,,,
clausius_cs,280,target_l,/home/dajuarez4/QMM/Paper/empirical_asymmetric_lambda300/runs/7d305835f24a2893/clausius_cs_K0_280_target_l,,missing,0.3,,,,,,
clausius_cs,280,target_l,/home/dajuarez4/QMM/Paper/empirical_asymmetric_lambda300/runs/7d305835f24a2893/clausius_cs_K0_280_target_l,,missing,0.4,,,,,,
clausius_cs,280,target_l,/home/dajuarez4/QMM/Paper/empirical_asymmetric_lambda300/runs/7d305835f24a2893/clausius_cs_K0_280_target_l,,missing,0.5,,,,,,
clausius_cs,280,equal_b,/home/dajuarez4/QMM/Paper/empirical_asymmetric_lambda300/runs/7d305835f24a2893/clausius_cs_K0_280_equal_b,,missing,0.1,,,,,,
clausius_cs,280,equal_b,/home/dajuarez4/QMM/Paper/empirical_asymmetric_lambda300/runs/7d305835f24a2893/clausius_cs_K0_280_equal_b,,missing,0.2,,,,,,
clausius_cs,280,equal_b,/home/dajuarez4/QMM/Paper/empirical_asymmetric_lambda300/runs/7d305835f24a2893/clausius_cs_K0_280_equal_b,,missing,0.3,,,,,,
clausius_cs,280,equal_b,/home/dajuarez4/QMM/Paper/empirical_asymmetric_lambda300/runs/7d305835f24a2893/clausius_cs_K0_280_equal_b,,missing,0.4,,,,,,
clausius_cs,280,equal_b,/home/dajuarez4/QMM/Paper/empirical_asymmetric_lambda300/runs/7d305835f24a2893/clausius_cs_K0_280_equal_b,,missing,0.5,,,,,,
clausius_cs,285,target_l,/home/dajuarez4/QMM/Paper/empirical_asymmetric_lambda300/runs/7d305835f24a2893/clausius_cs_K0_285_target_l,,missing,0.1,,,,,,
clausius_cs,285,target_l,/home/dajuarez4/QMM/Paper/empirical_asymmetric_lambda300/runs/7d305835f24a2893/clausius_cs_K0_285_target_l,,missing,0.2,,,,,,
clausius_cs,285,target_l,/home/dajuarez4/QMM/Paper/empirical_asymmetric_lambda300/runs/7d305835f24a2893/clausius_cs_K0_285_target_l,,missing,0.3,,,,,,
clausius_cs,285,target_l,/home/dajuarez4/QMM/Paper/empirical_asymmetric_lambda300/runs/7d305835f24a2893/clausius_cs_K0_285_target_l,,missing,0.4,,,,,,
clausius_cs,285,target_l,/home/dajuarez4/QMM/Paper/empirical_asymmetric_lambda300/runs/7d305835f24a2893/clausius_cs_K0_285_target_l,,missing,0.5,,,,,,
clausius_cs,285,equal_b,/home/dajuarez4/QMM/Paper/empirical_asymmetric_lambda300/runs/7d305835f24a2893/clausius_cs_K0_285_equal_b,,missing,0.1,,,,,,
clausius_cs,285,equal_b,/home/dajuarez4/QMM/Paper/empirical_asymmetric_lambda300/runs/7d305835f24a2893/clausius_cs_K0_285_equal_b,,missing,0.2,,,,,,
clausius_cs,285,equal_b,/home/dajuarez4/QMM/Paper/empirical_asymmetric_lambda300/runs/7d305835f24a2893/clausius_cs_K0_285_equal_b,,missing,0.3,,,,,,
clausius_cs,285,equal_b,/home/dajuarez4/QMM/Paper/empirical_asymmetric_lambda300/runs/7d305835f24a2893/clausius_cs_K0_285_equal_b,,missing,0.4,,,,,,
clausius_cs,285,equal_b,/home/dajuarez4/QMM/Paper/empirical_asymmetric_lambda300/runs/7d305835f24a2893/clausius_cs_K0_285_equal_b,,missing,0.5,,,,,,
clausius_cs,290,target_l,/home/dajuarez4/QMM/Paper/empirical_asymmetric_lambda300/runs/7d305835f24a2893/clausius_cs_K0_290_target_l,,missing,0.1,,,,,,
clausius_cs,290,target_l,/home/dajuarez4/QMM/Paper/empirical_asymmetric_lambda300/runs/7d305835f24a2893/clausius_cs_K0_290_target_l,,missing,0.2,,,,,,
clausius_cs,290,target_l,/home/dajuarez4/QMM/Paper/empirical_asymmetric_lambda300/runs/7d305835f24a2893/clausius_cs_K0_290_target_l,,missing,0.3,,,,,,
clausius_cs,290,target_l,/home/dajuarez4/QMM/Paper/empirical_asymmetric_lambda300/runs/7d305835f24a2893/clausius_cs_K0_290_target_l,,missing,0.4,,,,,,
clausius_cs,290,target_l,/home/dajuarez4/QMM/Paper/empirical_asymmetric_lambda300/runs/7d305835f24a2893/clausius_cs_K0_290_target_l,,missing,0.5,,,,,,
clausius_cs,290,equal_b,/home/dajuarez4/QMM/Paper/empirical_asymmetric_lambda300/runs/7d305835f24a2893/clausius_cs_K0_290_equal_b,,missing,0.1,,,,,,
clausius_cs,290,equal_b,/home/dajuarez4/QMM/Paper/empirical_asymmetric_lambda300/runs/7d305835f24a2893/clausius_cs_K0_290_equal_b,,missing,0.2,,,,,,
clausius_cs,290,equal_b,/home/dajuarez4/QMM/Paper/empirical_asymmetric_lambda300/runs/7d305835f24a2893/clausius_cs_K0_290_equal_b,,missing,0.3,,,,,,
clausius_cs,290,equal_b,/home/dajuarez4/QMM/Paper/empirical_asymmetric_lambda300/runs/7d305835f24a2893/clausius_cs_K0_290_equal_b,,missing,0.4,,,,,,
clausius_cs,290,equal_b,/home/dajuarez4/QMM/Paper/empirical_asymmetric_lambda300/runs/7d305835f24a2893/clausius_cs_K0_290_equal_b,,missing,0.5,,,,,,
clausius_cs,295,target_l,/home/dajuarez4/QMM/Paper/empirical_asymmetric_lambda300/runs/7d305835f24a2893/clausius_cs_K0_295_target_l,,missing,0.1,,,,,,
clausius_cs,295,target_l,/home/dajuarez4/QMM/Paper/empirical_asymmetric_lambda300/runs/7d305835f24a2893/clausius_cs_K0_295_target_l,,missing,0.2,,,,,,
clausius_cs,295,target_l,/home/dajuarez4/QMM/Paper/empirical_asymmetric_lambda300/runs/7d305835f24a2893/clausius_cs_K0_295_target_l,,missing,0.3,,,,,,
clausius_cs,295,target_l,/home/dajuarez4/QMM/Paper/empirical_asymmetric_lambda300/runs/7d305835f24a2893/clausius_cs_K0_295_target_l,,missing,0.4,,,,,,
clausius_cs,295,target_l,/home/dajuarez4/QMM/Paper/empirical_asymmetric_lambda300/runs/7d305835f24a2893/clausius_cs_K0_295_target_l,,missing,0.5,,,,,,
clausius_cs,295,equal_b,/home/dajuarez4/QMM/Paper/empirical_asymmetric_lambda300/runs/7d305835f24a2893/clausius_cs_K0_295_equal_b,,missing,0.1,,,,,,
clausius_cs,295,equal_b,/home/dajuarez4/QMM/Paper/empirical_asymmetric_lambda300/runs/7d305835f24a2893/clausius_cs_K0_295_equal_b,,missing,0.2,,,,,,
clausius_cs,295,equal_b,/home/dajuarez4/QMM/Paper/empirical_asymmetric_lambda300/runs/7d305835f24a2893/clausius_cs_K0_295_equal_b,,missing,0.3,,,,,,
clausius_cs,295,equal_b,/home/dajuarez4/QMM/Paper/empirical_asymmetric_lambda300/runs/7d305835f24a2893/clausius_cs_K0_295_equal_b,,missing,0.4,,,,,,
clausius_cs,295,equal_b,/home/dajuarez4/QMM/Paper/empirical_asymmetric_lambda300/runs/7d305835f24a2893/clausius_cs_K0_295_equal_b,,missing,0.5,,,,,,
clausius_cs,300,target_l,/home/dajuarez4/QMM/Paper/empirical_asymmetric_lambda300/runs/7d305835f24a2893/clausius_cs_K0_300_target_l,3.385152823676666,ok,0.1,5.336314944577871,0.033722707462454385,0.057397956133763584,1.1102230246251565e-12,8.326672684688674e-09,computed fixed-y
clausius_cs,300,target_l,/home/dajuarez4/QMM/Paper/empirical_asymmetric_lambda300/runs/7d305835f24a2893/clausius_cs_K0_300_target_l,3.385152823676666,ok,0.2,10.987856371329753,0.04587030655962373,0.15844200639237715,-2.220446049250313e-12,-1.0547118733938987e-07,computed fixed-y
clausius_cs,300,target_l,/home/dajuarez4/QMM/Paper/empirical_asymmetric_lambda300/runs/7d305835f24a2893/clausius_cs_K0_300_target_l,3.385152823676666,ok,0.3,14.25791214631111,0.05105982370764608,0.22761894254446524,1.7486012637846216e-11,-4.718447854656915e-08,computed fixed-y
clausius_cs,300,target_l,/home/dajuarez4/QMM/Paper/empirical_asymmetric_lambda300/runs/7d305835f24a2893/clausius_cs_K0_300_target_l,3.385152823676666,ok,0.4,16.047462311047095,0.05337588770054983,0.2671541270488452,3.0531133177191805e-12,9.159339953157541e-08,computed fixed-y
clausius_cs,300,target_l,/home/dajuarez4/QMM/Paper/empirical_asymmetric_lambda300/runs/7d305835f24a2893/clausius_cs_K0_300_target_l,3.385152823676666,ok,0.5,16.620202058047667,0.054043774426866815,0.2799536994746993,-4.440892098500626e-12,3.552713678800501e-07,computed fixed-y
clausius_cs,300,equal_b,/home/dajuarez4/QMM/Paper/empirical_asymmetric_lambda300/runs/7d305835f24a2893/clausius_cs_K0_300_equal_b,3.385152823676666,ok,0.1,6.329204879416378,0.0330204731753706,0.06704193641473,7.494005416219807e-12,-2.4980018054066022e-08,computed fixed-y
clausius_cs,300,equal_b,/home/dajuarez4/QMM/Paper/empirical_asymmetric_lambda300/runs/7d305835f24a2893/clausius_cs_K0_300_equal_b,3.385152823676666,ok,0.2,11.123049801458189,0.04367974683997467,0.15387013940678151,-6.106226635438361e-12,5.551115123125783e-08,computed fixed-y
clausius_cs,300,equal_b,/home/dajuarez4/QMM/Paper/empirical_asymmetric_lambda300/runs/7d305835f24a2893/clausius_cs_K0_300_equal_b,3.385152823676666,ok,0.3,14.22857921606166,0.04973743106695417,0.22216391817236392,1.5959455978986625e-10,-2.1926904736346842e-07,computed fixed-y
clausius_cs,300,equal_b,/home/dajuarez4/QMM/Paper/empirical_asymmetric_lambda300/runs/7d305835f24a2893/clausius_cs_K0_300_equal_b,3.385152823676666,ok,0.4,16.028385765592734,0.05300387723336377,0.26527000884192187,-8.881784197001252e-12,1.7208456881689926e-07,computed fixed-y
clausius_cs,300,equal_b,/home/dajuarez4/QMM/Paper/empirical_asymmetric_lambda300/runs/7d305835f24a2893/clausius_cs_K0_300_equal_b,3.385152823676666,ok,0.5,16.620202058047667,0.054043774426866815,0.2799536994746993,-4.440892098500626e-12,3.552713678800501e-07,computed fixed-y
clausius_cs,305,target_l,/home/dajuarez4/QMM/Paper/empirical_asymmetric_lambda300/runs/7d305835f24a2893/clausius_cs_K0_305_target_l,,missing,0.1,,,,,,
clausius_cs,305,target_l,/home/dajuarez4/QMM/Paper/empirical_asymmetric_lambda300/runs/7d305835f24a2893/clausius_cs_K0_305_target_l,,missing,0.2,,,,,,
clausius_cs,305,target_l,/home/dajuarez4/QMM/Paper/empirical_asymmetric_lambda300/runs/7d305835f24a2893/clausius_cs_K0_305_target_l,,missing,0.3,,,,,,
clausius_cs,305,target_l,/home/dajuarez4/QMM/Paper/empirical_asymmetric_lambda300/runs/7d305835f24a2893/clausius_cs_K0_305_target_l,,missing,0.4,,,,,,
clausius_cs,305,target_l,/home/dajuarez4/QMM/Paper/empirical_asymmetric_lambda300/runs/7d305835f24a2893/clausius_cs_K0_305_target_l,,missing,0.5,,,,,,
clausius_cs,305,equal_b,/home/dajuarez4/QMM/Paper/empirical_asymmetric_lambda300/runs/7d305835f24a2893/clausius_cs_K0_305_equal_b,,missing,0.1,,,,,,
clausius_cs,305,equal_b,/home/dajuarez4/QMM/Paper/empirical_asymmetric_lambda300/runs/7d305835f24a2893/clausius_cs_K0_305_equal_b,,missing,0.2,,,,,,
clausius_cs,305,equal_b,/home/dajuarez4/QMM/Paper/empirical_asymmetric_lambda300/runs/7d305835f24a2893/clausius_cs_K0_305_equal_b,,missing,0.3,,,,,,
clausius_cs,305,equal_b,/home/dajuarez4/QMM/Paper/empirical_asymmetric_lambda300/runs/7d305835f24a2893/clausius_cs_K0_305_equal_b,,missing,0.4,,,,,,
clausius_cs,305,equal_b,/home/dajuarez4/QMM/Paper/empirical_asymmetric_lambda300/runs/7d305835f24a2893/clausius_cs_K0_305_equal_b,,missing,0.5,,,,,,
clausius_cs,310,target_l,/home/dajuarez4/QMM/Paper/empirical_asymmetric_lambda300/runs/7d305835f24a2893/clausius_cs_K0_310_target_l,,missing,0.1,,,,,,
clausius_cs,310,target_l,/home/dajuarez4/QMM/Paper/empirical_asymmetric_lambda300/runs/7d305835f24a2893/clausius_cs_K0_310_target_l,,missing,0.2,,,,,,
clausius_cs,310,target_l,/home/dajuarez4/QMM/Paper/empirical_asymmetric_lambda300/runs/7d305835f24a2893/clausius_cs_K0_310_target_l,,missing,0.3,,,,,,
clausius_cs,310,target_l,/home/dajuarez4/QMM/Paper/empirical_asymmetric_lambda300/runs/7d305835f24a2893/clausius_cs_K0_310_target_l,,missing,0.4,,,,,,
clausius_cs,310,target_l,/home/dajuarez4/QMM/Paper/empirical_asymmetric_lambda300/runs/7d305835f24a2893/clausius_cs_K0_310_target_l,,missing,0.5,,,,,,
clausius_cs,310,equal_b,/home/dajuarez4/QMM/Paper/empirical_asymmetric_lambda300/runs/7d305835f24a2893/clausius_cs_K0_310_equal_b,,missing,0.1,,,,,,
clausius_cs,310,equal_b,/home/dajuarez4/QMM/Paper/empirical_asymmetric_lambda300/runs/7d305835f24a2893/clausius_cs_K0_310_equal_b,,missing,0.2,,,,,,
clausius_cs,310,equal_b,/home/dajuarez4/QMM/Paper/empirical_asymmetric_lambda300/runs/7d305835f24a2893/clausius_cs_K0_310_equal_b,,missing,0.3,,,,,,
clausius_cs,310,equal_b,/home/dajuarez4/QMM/Paper/empirical_asymmetric_lambda300/runs/7d305835f24a2893/clausius_cs_K0_310_equal_b,,missing,0.4,,,,,,
clausius_cs,310,equal_b,/home/dajuarez4/QMM/Paper/empirical_asymmetric_lambda300/runs/7d305835f24a2893/clausius_cs_K0_310_equal_b,,missing,0.5,,,,,,
clausius_cs,315,target_l,/home/dajuarez4/QMM/Paper/empirical_asymmetric_lambda300/runs/7d305835f24a2893/clausius_cs_K0_315_target_l,3.110066252984582,ok,0.1,5.388648492154301,0.03472368133029006,0.05998027406699091,-8.326672684688674e-12,-3.885780586188048e-08,computed fixed-y
clausius_cs,315,target_l,/home/dajuarez4/QMM/Paper/empirical_asymmetric_lambda300/runs/7d305835f24a2893/clausius_cs_K0_315_target_l,3.110066252984582,ok,0.2,11.116577773209194,0.047028767664403635,0.1655101980985102,-1.0824674490095276e-11,1.0824674490095276e-07,computed fixed-y
clausius_cs,315,target_l,/home/dajuarez4/QMM/Paper/empirical_asymmetric_lambda300/runs/7d305835f24a2893/clausius_cs_K0_315_target_l,3.110066252984582,ok,0.3,14.396973158192457,0.0521684939743257,0.23678300640229577,7.2164496600635175e-12,6.661338147750939e-08,computed fixed-y
clausius_cs,315,target_l,/home/dajuarez4/QMM/Paper/empirical_asymmetric_lambda300/runs/7d305835f24a2893/clausius_cs_K0_315_target_l,3.110066252984582,ok,0.4,16.182951243516857,0.054427115083016106,0.2771762223333153,1.942890293094024e-12,4.163336342344337e-08,computed fixed-y
clausius_cs,315,target_l,/home/dajuarez4/QMM/Paper/empirical_asymmetric_lambda300/runs/7d305835f24a2893/clausius_cs_K0_315_target_l,3.110066252984582,ok,0.5,16.75322102808039,0.05507312027724413,0.2902013545674955,6.750155989720952e-10,1.4988010832439613e-07,computed fixed-y
clausius_cs,315,equal_b,/home/dajuarez4/QMM/Paper/empirical_asymmetric_lambda300/runs/7d305835f24a2893/clausius_cs_K0_315_equal_b,3.110066252984582,ok,0.1,6.463273971587615,0.033828602118693644,0.07052333132121846,5.689893001203927e-12,-4.163336342344337e-09,computed fixed-y
clausius_cs,315,equal_b,/home/dajuarez4/QMM/Paper/empirical_asymmetric_lambda300/runs/7d305835f24a2893/clausius_cs_K0_315_equal_b,3.110066252984582,ok,0.2,11.252556188665384,0.0445530547979694,0.15995197759749713,-9.159339953157541e-12,-8.326672684688674e-09,computed fixed-y
clausius_cs,315,equal_b,/home/dajuarez4/QMM/Paper/empirical_asymmetric_lambda300/runs/7d305835f24a2893/clausius_cs_K0_315_equal_b,3.110066252984582,ok,0.3,14.35922576697248,0.0506902065385144,0.23043091962054474,8.604228440844963e-12,1.4155343563970746e-07,computed fixed-y
clausius_cs,315,equal_b,/home/dajuarez4/QMM/Paper/empirical_asymmetric_lambda300/runs/7d305835f24a2893/clausius_cs_K0_315_equal_b,3.110066252984582,ok,0.4,16.16069446633329,0.054013082211991324,0.27500217113445014,1.3600232051658168e-11,9.71445146547012e-08,computed fixed-y
clausius_cs,315,equal_b,/home/dajuarez4/QMM/Paper/empirical_asymmetric_lambda300/runs/7d305835f24a2893/clausius_cs_K0_315_equal_b,3.110066252984582,ok,0.5,16.75322102808039,0.05507312027724413,0.2902013545674955,6.750155989720952e-10,1.4988010832439613e-07,computed fixed-y
clausius_tvm,250,target_l,/home/dajuarez4/QMM/Paper/empirical_asymmetric_lambda300/runs/c29ec382f7cee474/clausius_tvm_K0_250_target_l,4.490403232624134,ok,0.1,5.188048329811856,0.03038092390860172,0.04942844253418002,-4.5102810375396984e-12,9.228728892196614e-08,computed fixed-y
clausius_tvm,250,target_l,/home/dajuarez4/QMM/Paper/empirical_asymmetric_lambda300/runs/c29ec382f7cee474/clausius_tvm_K0_250_target_l,4.490403232624134,ok,0.2,10.556289069617623,0.041780877034373276,0.13533010598431205,5.134781488891349e-12,-2.3592239273284576e-08,computed fixed-y
clausius_tvm,250,target_l,/home/dajuarez4/QMM/Paper/empirical_asymmetric_lambda300/runs/c29ec382f7cee474/clausius_tvm_K0_250_target_l,4.490403232624134,ok,0.3,13.777579017343948,0.047020947835332075,0.19679206991578035,3.0531133177191805e-12,-2.4980018054066022e-08,computed fixed-y
clausius_tvm,250,target_l,/home/dajuarez4/QMM/Paper/empirical_asymmetric_lambda300/runs/c29ec382f7cee474/clausius_tvm_K0_250_target_l,4.490403232624134,ok,0.4,15.573653767414893,0.04948002713136494,0.2329256674109086,1.1102230246251565e-12,-1.0547118733938987e-07,computed fixed-y
clausius_tvm,250,target_l,/home/dajuarez4/QMM/Paper/empirical_asymmetric_lambda300/runs/c29ec382f7cee474/clausius_tvm_K0_250_target_l,4.490403232624134,ok,0.5,16.153439590293686,0.050208193213718846,0.2447868497514456,3.0531133177191805e-12,6.938893903907228e-08,computed fixed-y
clausius_tvm,250,equal_b,/home/dajuarez4/QMM/Paper/empirical_asymmetric_lambda300/runs/c29ec382f7cee474/clausius_tvm_K0_250_equal_b,4.490403232624134,ok,0.1,5.854739368714813,0.030189382256173156,0.055639231969455416,-7.632783294297951e-13,2.1510571102112408e-08,computed fixed-y
clausius_tvm,250,equal_b,/home/dajuarez4/QMM/Paper/empirical_asymmetric_lambda300/runs/c29ec382f7cee474/clausius_tvm_K0_250_equal_b,4.490403232624134,ok,0.2,10.670765750545778,0.040537039743514934,0.1334660099703856,2.220446049250313e-12,4.163336342344337e-08,computed fixed-y
clausius_tvm,250,equal_b,/home/dajuarez4/QMM/Paper/empirical_asymmetric_lambda300/runs/c29ec382f7cee474/clausius_tvm_K0_250_equal_b,4.490403232624134,ok,0.3,13.771813564419503,0.04623708003381238,0.194038276436441,1.887379141862766e-11,-1.6653345369377348e-07,computed fixed-y
clausius_tvm,250,equal_b,/home/dajuarez4/QMM/Paper/empirical_asymmetric_lambda300/runs/c29ec382f7cee474/clausius_tvm_K0_250_equal_b,4.490403232624134,ok,0.4,15.564609508855426,0.04925571247775139,0.2319370318132976,-8.326672684688674e-13,2.7755575615628914e-09,computed fixed-y
clausius_tvm,250,equal_b,/home/dajuarez4/QMM/Paper/empirical_asymmetric_lambda300/runs/c29ec382f7cee474/clausius_tvm_K0_250_equal_b,4.490403232624134,ok,0.5,16.153439590293686,0.050208193213718846,0.2447868497514456,3.0531133177191805e-12,6.938893903907228e-08,computed fixed-y
clausius_tvm,255,target_l,/home/dajuarez4/QMM/Paper/empirical_asymmetric_lambda300/runs/c29ec382f7cee474/clausius_tvm_K0_255_target_l,,missing,0.1,,,,,,
clausius_tvm,255,target_l,/home/dajuarez4/QMM/Paper/empirical_asymmetric_lambda300/runs/c29ec382f7cee474/clausius_tvm_K0_255_target_l,,missing,0.2,,,,,,
clausius_tvm,255,target_l,/home/dajuarez4/QMM/Paper/empirical_asymmetric_lambda300/runs/c29ec382f7cee474/clausius_tvm_K0_255_target_l,,missing,0.3,,,,,,
clausius_tvm,255,target_l,/home/dajuarez4/QMM/Paper/empirical_asymmetric_lambda300/runs/c29ec382f7cee474/clausius_tvm_K0_255_target_l,,missing,0.4,,,,,,
clausius_tvm,255,target_l,/home/dajuarez4/QMM/Paper/empirical_asymmetric_lambda300/runs/c29ec382f7cee474/clausius_tvm_K0_255_target_l,,missing,0.5,,,,,,
clausius_tvm,255,equal_b,/home/dajuarez4/QMM/Paper/empirical_asymmetric_lambda300/runs/c29ec382f7cee474/clausius_tvm_K0_255_equal_b,,missing,0.1,,,,,,
clausius_tvm,255,equal_b,/home/dajuarez4/QMM/Paper/empirical_asymmetric_lambda300/runs/c29ec382f7cee474/clausius_tvm_K0_255_equal_b,,missing,0.2,,,,,,
clausius_tvm,255,equal_b,/home/dajuarez4/QMM/Paper/empirical_asymmetric_lambda300/runs/c29ec382f7cee474/clausius_tvm_K0_255_equal_b,,missing,0.3,,,,,,
clausius_tvm,255,equal_b,/home/dajuarez4/QMM/Paper/empirical_asymmetric_lambda300/runs/c29ec382f7cee474/clausius_tvm_K0_255_equal_b,,missing,0.4,,,,,,
clausius_tvm,255,equal_b,/home/dajuarez4/QMM/Paper/empirical_asymmetric_lambda300/runs/c29ec382f7cee474/clausius_tvm_K0_255_equal_b,,missing,0.5,,,,,,
clausius_tvm,260,target_l,/home/dajuarez4/QMM/Paper/empirical_asymmetric_lambda300/runs/c29ec382f7cee474/clausius_tvm_K0_260_target_l,,missing,0.1,,,,,,
clausius_tvm,260,target_l,/home/dajuarez4/QMM/Paper/empirical_asymmetric_lambda300/runs/c29ec382f7cee474/clausius_tvm_K0_260_target_l,,missing,0.2,,,,,,
clausius_tvm,260,target_l,/home/dajuarez4/QMM/Paper/empirical_asymmetric_lambda300/runs/c29ec382f7cee474/clausius_tvm_K0_260_target_l,,missing,0.3,,,,,,
clausius_tvm,260,target_l,/home/dajuarez4/QMM/Paper/empirical_asymmetric_lambda300/runs/c29ec382f7cee474/clausius_tvm_K0_260_target_l,,missing,0.4,,,,,,
clausius_tvm,260,target_l,/home/dajuarez4/QMM/Paper/empirical_asymmetric_lambda300/runs/c29ec382f7cee474/clausius_tvm_K0_260_target_l,,missing,0.5,,,,,,
clausius_tvm,260,equal_b,/home/dajuarez4/QMM/Paper/empirical_asymmetric_lambda300/runs/c29ec382f7cee474/clausius_tvm_K0_260_equal_b,,missing,0.1,,,,,,
clausius_tvm,260,equal_b,/home/dajuarez4/QMM/Paper/empirical_asymmetric_lambda300/runs/c29ec382f7cee474/clausius_tvm_K0_260_equal_b,,missing,0.2,,,,,,
clausius_tvm,260,equal_b,/home/dajuarez4/QMM/Paper/empirical_asymmetric_lambda300/runs/c29ec382f7cee474/clausius_tvm_K0_260_equal_b,,missing,0.3,,,,,,
clausius_tvm,260,equal_b,/home/dajuarez4/QMM/Paper/empirical_asymmetric_lambda300/runs/c29ec382f7cee474/clausius_tvm_K0_260_equal_b,,missing,0.4,,,,,,
clausius_tvm,260,equal_b,/home/dajuarez4/QMM/Paper/empirical_asymmetric_lambda300/runs/c29ec382f7cee474/clausius_tvm_K0_260_equal_b,,missing,0.5,,,,,,
clausius_tvm,265,target_l,/home/dajuarez4/QMM/Paper/empirical_asymmetric_lambda300/runs/c29ec382f7cee474/clausius_tvm_K0_265_target_l,,missing,0.1,,,,,,
clausius_tvm,265,target_l,/home/dajuarez4/QMM/Paper/empirical_asymmetric_lambda300/runs/c29ec382f7cee474/clausius_tvm_K0_265_target_l,,missing,0.2,,,,,,
clausius_tvm,265,target_l,/home/dajuarez4/QMM/Paper/empirical_asymmetric_lambda300/runs/c29ec382f7cee474/clausius_tvm_K0_265_target_l,,missing,0.3,,,,,,
clausius_tvm,265,target_l,/home/dajuarez4/QMM/Paper/empirical_asymmetric_lambda300/runs/c29ec382f7cee474/clausius_tvm_K0_265_target_l,,missing,0.4,,,,,,
clausius_tvm,265,target_l,/home/dajuarez4/QMM/Paper/empirical_asymmetric_lambda300/runs/c29ec382f7cee474/clausius_tvm_K0_265_target_l,,missing,0.5,,,,,,
clausius_tvm,265,equal_b,/home/dajuarez4/QMM/Paper/empirical_asymmetric_lambda300/runs/c29ec382f7cee474/clausius_tvm_K0_265_equal_b,,missing,0.1,,,,,,
clausius_tvm,265,equal_b,/home/dajuarez4/QMM/Paper/empirical_asymmetric_lambda300/runs/c29ec382f7cee474/clausius_tvm_K0_265_equal_b,,missing,0.2,,,,,,
clausius_tvm,265,equal_b,/home/dajuarez4/QMM/Paper/empirical_asymmetric_lambda300/runs/c29ec382f7cee474/clausius_tvm_K0_265_equal_b,,missing,0.3,,,,,,
clausius_tvm,265,equal_b,/home/dajuarez4/QMM/Paper/empirical_asymmetric_lambda300/runs/c29ec382f7cee474/clausius_tvm_K0_265_equal_b,,missing,0.4,,,,,,
clausius_tvm,265,equal_b,/home/dajuarez4/QMM/Paper/empirical_asymmetric_lambda300/runs/c29ec382f7cee474/clausius_tvm_K0_265_equal_b,,missing,0.5,,,,,,
clausius_tvm,270,target_l,/home/dajuarez4/QMM/Paper/empirical_asymmetric_lambda300/runs/c29ec382f7cee474/clausius_tvm_K0_270_target_l,,missing,0.1,,,,,,
clausius_tvm,270,target_l,/home/dajuarez4/QMM/Paper/empirical_asymmetric_lambda300/runs/c29ec382f7cee474/clausius_tvm_K0_270_target_l,,missing,0.2,,,,,,
clausius_tvm,270,target_l,/home/dajuarez4/QMM/Paper/empirical_asymmetric_lambda300/runs/c29ec382f7cee474/clausius_tvm_K0_270_target_l,,missing,0.3,,,,,,
clausius_tvm,270,target_l,/home/dajuarez4/QMM/Paper/empirical_asymmetric_lambda300/runs/c29ec382f7cee474/clausius_tvm_K0_270_target_l,,missing,0.4,,,,,,
clausius_tvm,270,target_l,/home/dajuarez4/QMM/Paper/empirical_asymmetric_lambda300/runs/c29ec382f7cee474/clausius_tvm_K0_270_target_l,,missing,0.5,,,,,,
clausius_tvm,270,equal_b,/home/dajuarez4/QMM/Paper/empirical_asymmetric_lambda300/runs/c29ec382f7cee474/clausius_tvm_K0_270_equal_b,,missing,0.1,,,,,,
clausius_tvm,270,equal_b,/home/dajuarez4/QMM/Paper/empirical_asymmetric_lambda300/runs/c29ec382f7cee474/clausius_tvm_K0_270_equal_b,,missing,0.2,,,,,,
clausius_tvm,270,equal_b,/home/dajuarez4/QMM/Paper/empirical_asymmetric_lambda300/runs/c29ec382f7cee474/clausius_tvm_K0_270_equal_b,,missing,0.3,,,,,,
clausius_tvm,270,equal_b,/home/dajuarez4/QMM/Paper/empirical_asymmetric_lambda300/runs/c29ec382f7cee474/clausius_tvm_K0_270_equal_b,,missing,0.4,,,,,,
clausius_tvm,270,equal_b,/home/dajuarez4/QMM/Paper/empirical_asymmetric_lambda300/runs/c29ec382f7cee474/clausius_tvm_K0_270_equal_b,,missing,0.5,,,,,,
clausius_tvm,275,target_l,/home/dajuarez4/QMM/Paper/empirical_asymmetric_lambda300/runs/c29ec382f7cee474/clausius_tvm_K0_275_target_l,,missing,0.1,,,,,,
clausius_tvm,275,target_l,/home/dajuarez4/QMM/Paper/empirical_asymmetric_lambda300/runs/c29ec382f7cee474/clausius_tvm_K0_275_target_l,,missing,0.2,,,,,,
clausius_tvm,275,target_l,/home/dajuarez4/QMM/Paper/empirical_asymmetric_lambda300/runs/c29ec382f7cee474/clausius_tvm_K0_275_target_l,,missing,0.3,,,,,,
clausius_tvm,275,target_l,/home/dajuarez4/QMM/Paper/empirical_asymmetric_lambda300/runs/c29ec382f7cee474/clausius_tvm_K0_275_target_l,,missing,0.4,,,,,,
clausius_tvm,275,target_l,/home/dajuarez4/QMM/Paper/empirical_asymmetric_lambda300/runs/c29ec382f7cee474/clausius_tvm_K0_275_target_l,,missing,0.5,,,,,,
clausius_tvm,275,equal_b,/home/dajuarez4/QMM/Paper/empirical_asymmetric_lambda300/runs/c29ec382f7cee474/clausius_tvm_K0_275_equal_b,,missing,0.1,,,,,,
clausius_tvm,275,equal_b,/home/dajuarez4/QMM/Paper/empirical_asymmetric_lambda300/runs/c29ec382f7cee474/clausius_tvm_K0_275_equal_b,,missing,0.2,,,,,,
clausius_tvm,275,equal_b,/home/dajuarez4/QMM/Paper/empirical_asymmetric_lambda300/runs/c29ec382f7cee474/clausius_tvm_K0_275_equal_b,,missing,0.3,,,,,,
clausius_tvm,275,equal_b,/home/dajuarez4/QMM/Paper/empirical_asymmetric_lambda300/runs/c29ec382f7cee474/clausius_tvm_K0_275_equal_b,,missing,0.4,,,,,,
clausius_tvm,275,equal_b,/home/dajuarez4/QMM/Paper/empirical_asymmetric_lambda300/runs/c29ec382f7cee474/clausius_tvm_K0_275_equal_b,,missing,0.5,,,,,,
clausius_tvm,280,target_l,/home/dajuarez4/QMM/Paper/empirical_asymmetric_lambda300/runs/c29ec382f7cee474/clausius_tvm_K0_280_target_l,,missing,0.1,,,,,,
clausius_tvm,280,target_l,/home/dajuarez4/QMM/Paper/empirical_asymmetric_lambda300/runs/c29ec382f7cee474/clausius_tvm_K0_280_target_l,,missing,0.2,,,,,,
clausius_tvm,280,target_l,/home/dajuarez4/QMM/Paper/empirical_asymmetric_lambda300/runs/c29ec382f7cee474/clausius_tvm_K0_280_target_l,,missing,0.3,,,,,,
clausius_tvm,280,target_l,/home/dajuarez4/QMM/Paper/empirical_asymmetric_lambda300/runs/c29ec382f7cee474/clausius_tvm_K0_280_target_l,,missing,0.4,,,,,,
clausius_tvm,280,target_l,/home/dajuarez4/QMM/Paper/empirical_asymmetric_lambda300/runs/c29ec382f7cee474/clausius_tvm_K0_280_target_l,,missing,0.5,,,,,,
clausius_tvm,280,equal_b,/home/dajuarez4/QMM/Paper/empirical_asymmetric_lambda300/runs/c29ec382f7cee474/clausius_tvm_K0_280_equal_b,,missing,0.1,,,,,,
clausius_tvm,280,equal_b,/home/dajuarez4/QMM/Paper/empirical_asymmetric_lambda300/runs/c29ec382f7cee474/clausius_tvm_K0_280_equal_b,,missing,0.2,,,,,,
clausius_tvm,280,equal_b,/home/dajuarez4/QMM/Paper/empirical_asymmetric_lambda300/runs/c29ec382f7cee474/clausius_tvm_K0_280_equal_b,,missing,0.3,,,,,,
clausius_tvm,280,equal_b,/home/dajuarez4/QMM/Paper/empirical_asymmetric_lambda300/runs/c29ec382f7cee474/clausius_tvm_K0_280_equal_b,,missing,0.4,,,,,,
clausius_tvm,280,equal_b,/home/dajuarez4/QMM/Paper/empirical_asymmetric_lambda300/runs/c29ec382f7cee474/clausius_tvm_K0_280_equal_b,,missing,0.5,,,,,,
clausius_tvm,285,target_l,/home/dajuarez4/QMM/Paper/empirical_asymmetric_lambda300/runs/c29ec382f7cee474/clausius_tvm_K0_285_target_l,,missing,0.1,,,,,,
clausius_tvm,285,target_l,/home/dajuarez4/QMM/Paper/empirical_asymmetric_lambda300/runs/c29ec382f7cee474/clausius_tvm_K0_285_target_l,,missing,0.2,,,,,,
clausius_tvm,285,target_l,/home/dajuarez4/QMM/Paper/empirical_asymmetric_lambda300/runs/c29ec382f7cee474/clausius_tvm_K0_285_target_l,,missing,0.3,,,,,,
clausius_tvm,285,target_l,/home/dajuarez4/QMM/Paper/empirical_asymmetric_lambda300/runs/c29ec382f7cee474/clausius_tvm_K0_285_target_l,,missing,0.4,,,,,,
clausius_tvm,285,target_l,/home/dajuarez4/QMM/Paper/empirical_asymmetric_lambda300/runs/c29ec382f7cee474/clausius_tvm_K0_285_target_l,,missing,0.5,,,,,,
clausius_tvm,285,equal_b,/home/dajuarez4/QMM/Paper/empirical_asymmetric_lambda300/runs/c29ec382f7cee474/clausius_tvm_K0_285_equal_b,,missing,0.1,,,,,,
clausius_tvm,285,equal_b,/home/dajuarez4/QMM/Paper/empirical_asymmetric_lambda300/runs/c29ec382f7cee474/clausius_tvm_K0_285_equal_b,,missing,0.2,,,,,,
clausius_tvm,285,equal_b,/home/dajuarez4/QMM/Paper/empirical_asymmetric_lambda300/runs/c29ec382f7cee474/clausius_tvm_K0_285_equal_b,,missing,0.3,,,,,,
clausius_tvm,285,equal_b,/home/dajuarez4/QMM/Paper/empirical_asymmetric_lambda300/runs/c29ec382f7cee474/clausius_tvm_K0_285_equal_b,,missing,0.4,,,,,,
clausius_tvm,285,equal_b,/home/dajuarez4/QMM/Paper/empirical_asymmetric_lambda300/runs/c29ec382f7cee474/clausius_tvm_K0_285_equal_b,,missing,0.5,,,,,,
clausius_tvm,290,target_l,/home/dajuarez4/QMM/Paper/empirical_asymmetric_lambda300/runs/c29ec382f7cee474/clausius_tvm_K0_290_target_l,,missing,0.1,,,,,,
clausius_tvm,290,target_l,/home/dajuarez4/QMM/Paper/empirical_asymmetric_lambda300/runs/c29ec382f7cee474/clausius_tvm_K0_290_target_l,,missing,0.2,,,,,,
clausius_tvm,290,target_l,/home/dajuarez4/QMM/Paper/empirical_asymmetric_lambda300/runs/c29ec382f7cee474/clausius_tvm_K0_290_target_l,,missing,0.3,,,,,,
clausius_tvm,290,target_l,/home/dajuarez4/QMM/Paper/empirical_asymmetric_lambda300/runs/c29ec382f7cee474/clausius_tvm_K0_290_target_l,,missing,0.4,,,,,,
clausius_tvm,290,target_l,/home/dajuarez4/QMM/Paper/empirical_asymmetric_lambda300/runs/c29ec382f7cee474/clausius_tvm_K0_290_target_l,,missing,0.5,,,,,,
clausius_tvm,290,equal_b,/home/dajuarez4/QMM/Paper/empirical_asymmetric_lambda300/runs/c29ec382f7cee474/clausius_tvm_K0_290_equal_b,,missing,0.1,,,,,,
clausius_tvm,290,equal_b,/home/dajuarez4/QMM/Paper/empirical_asymmetric_lambda300/runs/c29ec382f7cee474/clausius_tvm_K0_290_equal_b,,missing,0.2,,,,,,
clausius_tvm,290,equal_b,/home/dajuarez4/QMM/Paper/empirical_asymmetric_lambda300/runs/c29ec382f7cee474/clausius_tvm_K0_290_equal_b,,missing,0.3,,,,,,
clausius_tvm,290,equal_b,/home/dajuarez4/QMM/Paper/empirical_asymmetric_lambda300/runs/c29ec382f7cee474/clausius_tvm_K0_290_equal_b,,missing,0.4,,,,,,
clausius_tvm,290,equal_b,/home/dajuarez4/QMM/Paper/empirical_asymmetric_lambda300/runs/c29ec382f7cee474/clausius_tvm_K0_290_equal_b,,missing,0.5,,,,,,
clausius_tvm,295,target_l,/home/dajuarez4/QMM/Paper/empirical_asymmetric_lambda300/runs/c29ec382f7cee474/clausius_tvm_K0_295_target_l,,missing,0.1,,,,,,
clausius_tvm,295,target_l,/home/dajuarez4/QMM/Paper/empirical_asymmetric_lambda300/runs/c29ec382f7cee474/clausius_tvm_K0_295_target_l,,missing,0.2,,,,,,
clausius_tvm,295,target_l,/home/dajuarez4/QMM/Paper/empirical_asymmetric_lambda300/runs/c29ec382f7cee474/clausius_tvm_K0_295_target_l,,missing,0.3,,,,,,
clausius_tvm,295,target_l,/home/dajuarez4/QMM/Paper/empirical_asymmetric_lambda300/runs/c29ec382f7cee474/clausius_tvm_K0_295_target_l,,missing,0.4,,,,,,
clausius_tvm,295,target_l,/home/dajuarez4/QMM/Paper/empirical_asymmetric_lambda300/runs/c29ec382f7cee474/clausius_tvm_K0_295_target_l,,missing,0.5,,,,,,
clausius_tvm,295,equal_b,/home/dajuarez4/QMM/Paper/empirical_asymmetric_lambda300/runs/c29ec382f7cee474/clausius_tvm_K0_295_equal_b,,missing,0.1,,,,,,
clausius_tvm,295,equal_b,/home/dajuarez4/QMM/Paper/empirical_asymmetric_lambda300/runs/c29ec382f7cee474/clausius_tvm_K0_295_equal_b,,missing,0.2,,,,,,
clausius_tvm,295,equal_b,/home/dajuarez4/QMM/Paper/empirical_asymmetric_lambda300/runs/c29ec382f7cee474/clausius_tvm_K0_295_equal_b,,missing,0.3,,,,,,
clausius_tvm,295,equal_b,/home/dajuarez4/QMM/Paper/empirical_asymmetric_lambda300/runs/c29ec382f7cee474/clausius_tvm_K0_295_equal_b,,missing,0.4,,,,,,
clausius_tvm,295,equal_b,/home/dajuarez4/QMM/Paper/empirical_asymmetric_lambda300/runs/c29ec382f7cee474/clausius_tvm_K0_295_equal_b,,missing,0.5,,,,,,
clausius_tvm,300,target_l,/home/dajuarez4/QMM/Paper/empirical_asymmetric_lambda300/runs/c29ec382f7cee474/clausius_tvm_K0_300_target_l,3.3711189790070044,ok,0.1,5.358148328172062,0.033936709026114543,0.05806110743606396,4.579669976578771e-12,-1.0408340855860843e-07,computed fixed-y
clausius_tvm,300,target_l,/home/dajuarez4/QMM/Paper/empirical_asymmetric_lambda300/runs/c29ec382f7cee474/clausius_tvm_K0_300_target_l,3.3711189790070044,ok,0.2,11.020963465867924,0.04595369695651538,0.15937717500513926,-8.326672684688674e-13,1.0269562977782698e-07,computed fixed-y
clausius_tvm,300,target_l,/home/dajuarez4/QMM/Paper/empirical_asymmetric_lambda300/runs/c29ec382f7cee474/clausius_tvm_K0_300_target_l,3.3711189790070044,ok,0.3,14.286527670057042,0.05101856340073238,0.22813116126933786,-7.494005416219807e-12,-2.4980018054066022e-08,computed fixed-y
clausius_tvm,300,target_l,/home/dajuarez4/QMM/Paper/empirical_asymmetric_lambda300/runs/c29ec382f7cee474/clausius_tvm_K0_300_target_l,3.3711189790070044,ok,0.4,16.07086472491611,0.05325956677433563,0.26723351499258396,-2.4980018054066022e-12,-6.938893903907228e-08,computed fixed-y
clausius_tvm,300,target_l,/home/dajuarez4/QMM/Paper/empirical_asymmetric_lambda300/runs/c29ec382f7cee474/clausius_tvm_K0_300_target_l,3.3711189790070044,ok,0.5,16.641571510689356,0.053902908020538313,0.2798649986441255,-1.4988010832439613e-11,-2.886579864025407e-07,computed fixed-y
clausius_tvm,300,equal_b,/home/dajuarez4/QMM/Paper/empirical_asymmetric_lambda300/runs/c29ec382f7cee474/clausius_tvm_K0_300_equal_b,3.3711189790070044,ok,0.1,6.363244042006712,0.03319516416857903,0.06785122874742971,1.2490009027033011e-11,-5.551115123125783e-08,computed fixed-y
clausius_tvm,300,equal_b,/home/dajuarez4/QMM/Paper/empirical_asymmetric_lambda300/runs/c29ec382f7cee474/clausius_tvm_K0_300_equal_b,3.3711189790070044,ok,0.2,11.157112330011397,0.043725398859641794,0.15468650844932386,1.0824674490095276e-11,-2.7755575615628914e-09,computed fixed-y
clausius_tvm,300,equal_b,/home/dajuarez4/QMM/Paper/empirical_asymmetric_lambda300/runs/c29ec382f7cee474/clausius_tvm_K0_300_equal_b,3.3711189790070044,ok,0.3,14.256826424094479,0.04968036861458044,0.22259263916408367,-2.220446049250313e-12,-3.3306690738754696e-08,computed fixed-y
clausius_tvm,300,equal_b,/home/dajuarez4/QMM/Paper/empirical_asymmetric_lambda300/runs/c29ec382f7cee474/clausius_tvm_K0_300_equal_b,3.3711189790070044,ok,0.4,16.05162621405199,0.05288397913976736,0.26532686291041985,-6.38378239159465e-12,-6.38378239159465e-08,computed fixed-y
clausius_tvm,300,equal_b,/home/dajuarez4/QMM/Paper/empirical_asymmetric_lambda300/runs/c29ec382f7cee474/clausius_tvm_K0_300_equal_b,3.3711189790070044,ok,0.5,16.641571510689356,0.053902908020538313,0.2798649986441255,-1.4988010832439613e-11,-2.886579864025407e-07,computed fixed-y
clausius_tvm,305,target_l,/home/dajuarez4/QMM/Paper/empirical_asymmetric_lambda300/runs/c29ec382f7cee474/clausius_tvm_K0_305_target_l,,missing,0.1,,,,,,
clausius_tvm,305,target_l,/home/dajuarez4/QMM/Paper/empirical_asymmetric_lambda300/runs/c29ec382f7cee474/clausius_tvm_K0_305_target_l,,missing,0.2,,,,,,
clausius_tvm,305,target_l,/home/dajuarez4/QMM/Paper/empirical_asymmetric_lambda300/runs/c29ec382f7cee474/clausius_tvm_K0_305_target_l,,missing,0.3,,,,,,
clausius_tvm,305,target_l,/home/dajuarez4/QMM/Paper/empirical_asymmetric_lambda300/runs/c29ec382f7cee474/clausius_tvm_K0_305_target_l,,missing,0.4,,,,,,
clausius_tvm,305,target_l,/home/dajuarez4/QMM/Paper/empirical_asymmetric_lambda300/runs/c29ec382f7cee474/clausius_tvm_K0_305_target_l,,missing,0.5,,,,,,
clausius_tvm,305,equal_b,/home/dajuarez4/QMM/Paper/empirical_asymmetric_lambda300/runs/c29ec382f7cee474/clausius_tvm_K0_305_equal_b,,missing,0.1,,,,,,
clausius_tvm,305,equal_b,/home/dajuarez4/QMM/Paper/empirical_asymmetric_lambda300/runs/c29ec382f7cee474/clausius_tvm_K0_305_equal_b,,missing,0.2,,,,,,
clausius_tvm,305,equal_b,/home/dajuarez4/QMM/Paper/empirical_asymmetric_lambda300/runs/c29ec382f7cee474/clausius_tvm_K0_305_equal_b,,missing,0.3,,,,,,
clausius_tvm,305,equal_b,/home/dajuarez4/QMM/Paper/empirical_asymmetric_lambda300/runs/c29ec382f7cee474/clausius_tvm_K0_305_equal_b,,missing,0.4,,,,,,
clausius_tvm,305,equal_b,/home/dajuarez4/QMM/Paper/empirical_asymmetric_lambda300/runs/c29ec382f7cee474/clausius_tvm_K0_305_equal_b,,missing,0.5,,,,,,
clausius_tvm,310,target_l,/home/dajuarez4/QMM/Paper/empirical_asymmetric_lambda300/runs/c29ec382f7cee474/clausius_tvm_K0_310_target_l,,missing,0.1,,,,,,
clausius_tvm,310,target_l,/home/dajuarez4/QMM/Paper/empirical_asymmetric_lambda300/runs/c29ec382f7cee474/clausius_tvm_K0_310_target_l,,missing,0.2,,,,,,
clausius_tvm,310,target_l,/home/dajuarez4/QMM/Paper/empirical_asymmetric_lambda300/runs/c29ec382f7cee474/clausius_tvm_K0_310_target_l,,missing,0.3,,,,,,
clausius_tvm,310,target_l,/home/dajuarez4/QMM/Paper/empirical_asymmetric_lambda300/runs/c29ec382f7cee474/clausius_tvm_K0_310_target_l,,missing,0.4,,,,,,
clausius_tvm,310,target_l,/home/dajuarez4/QMM/Paper/empirical_asymmetric_lambda300/runs/c29ec382f7cee474/clausius_tvm_K0_310_target_l,,missing,0.5,,,,,,
clausius_tvm,310,equal_b,/home/dajuarez4/QMM/Paper/empirical_asymmetric_lambda300/runs/c29ec382f7cee474/clausius_tvm_K0_310_equal_b,,missing,0.1,,,,,,
clausius_tvm,310,equal_b,/home/dajuarez4/QMM/Paper/empirical_asymmetric_lambda300/runs/c29ec382f7cee474/clausius_tvm_K0_310_equal_b,,missing,0.2,,,,,,
clausius_tvm,310,equal_b,/home/dajuarez4/QMM/Paper/empirical_asymmetric_lambda300/runs/c29ec382f7cee474/clausius_tvm_K0_310_equal_b,,missing,0.3,,,,,,
clausius_tvm,310,equal_b,/home/dajuarez4/QMM/Paper/empirical_asymmetric_lambda300/runs/c29ec382f7cee474/clausius_tvm_K0_310_equal_b,,missing,0.4,,,,,,
clausius_tvm,310,equal_b,/home/dajuarez4/QMM/Paper/empirical_asymmetric_lambda300/runs/c29ec382f7cee474/clausius_tvm_K0_310_equal_b,,missing,0.5,,,,,,
clausius_tvm,315,target_l,/home/dajuarez4/QMM/Paper/empirical_asymmetric_lambda300/runs/c29ec382f7cee474/clausius_tvm_K0_315_target_l,3.0839184024468023,ok,0.1,5.417385292721622,0.03499258880860337,0.06085792820493757,1.0408340855860843e-11,9.298117831235686e-08,computed fixed-y
clausius_tvm,315,target_l,/home/dajuarez4/QMM/Paper/empirical_asymmetric_lambda300/runs/c29ec382f7cee474/clausius_tvm_K0_315_target_l,3.0839184024468023,ok,0.2,11.154471202390088,0.04713599676156041,0.16669418983264606,4.718447854656915e-12,-1.1934897514720433e-07,computed fixed-y
clausius_tvm,315,target_l,/home/dajuarez4/QMM/Paper/empirical_asymmetric_lambda300/runs/c29ec382f7cee474/clausius_tvm_K0_315_target_l,3.0839184024468023,ok,0.3,14.426610236997472,0.05213138966420464,0.23742954556725604,-1.5265566588595902e-11,-3.608224830031759e-08,computed fixed-y
clausius_tvm,315,target_l,/home/dajuarez4/QMM/Paper/empirical_asymmetric_lambda300/runs/c29ec382f7cee474/clausius_tvm_K0_315_target_l,3.0839184024468023,ok,0.4,16.20468185110982,0.054305153264382365,0.27728938946036175,8.790190797469677e-10,-3.0531133177191805e-08,computed fixed-y
clausius_tvm,315,target_l,/home/dajuarez4/QMM/Paper/empirical_asymmetric_lambda300/runs/c29ec382f7cee474/clausius_tvm_K0_315_target_l,3.0839184024468023,ok,0.5,16.7719727715129,0.054923669408692824,0.2901092813349956,5.2735593669694936e-12,-3.608224830031759e-08,computed fixed-y
clausius_tvm,315,equal_b,/home/dajuarez4/QMM/Paper/empirical_asymmetric_lambda300/runs/c29ec382f7cee474/clausius_tvm_K0_315_equal_b,3.0839184024468023,ok,0.1,6.508303148150073,0.03402878160245743,0.07156344818462967,-4.0245584642661925e-12,5.134781488891349e-08,computed fixed-y
clausius_tvm,315,equal_b,/home/dajuarez4/QMM/Paper/empirical_asymmetric_lambda300/runs/c29ec382f7cee474/clausius_tvm_K0_315_equal_b,3.0839184024468023,ok,0.2,11.290756599841108,0.04459991074261258,0.1609182797010147,1.5959455978986625e-10,4.718447854656915e-08,computed fixed-y
clausius_tvm,315,equal_b,/home/dajuarez4/QMM/Paper/empirical_asymmetric_lambda300/runs/c29ec382f7cee474/clausius_tvm_K0_315_equal_b,3.0839184024468023,ok,0.3,14.38769669617027,0.050626643507905585,0.23092751458396987,-5.551115123125783e-13,-3.885780586188048e-08,computed fixed-y
clausius_tvm,315,equal_b,/home/dajuarez4/QMM/Paper/empirical_asymmetric_lambda300/runs/c29ec382f7cee474/clausius_tvm_K0_315_equal_b,3.0839184024468023,ok,0.4,16.182005478958793,0.05388480598244128,0.27507360298039274,1.4757639554829893e-09,-3.608224830031759e-08,computed fixed-y
clausius_tvm,315,equal_b,/home/dajuarez4/QMM/Paper/empirical_asymmetric_lambda300/runs/c29ec382f7cee474/clausius_tvm_K0_315_equal_b,3.0839184024468023,ok,0.5,16.7719727715129,0.054923669408692824,0.2901092813349956,5.2735593669694936e-12,-3.608224830031759e-08,computed fixed-y
